Outcome,Subject,CompositeNLL,CongruencyOnlyNLL,DeltaNLL,CompositeBIC,CongruencyOnlyBIC,DeltaBIC,CompositeAlpha,CongruencyOnlyAlpha,DeltaAlpha
RT,VP0001,-7.24629093866179,-8.01988868137215,-0.773597742710365,67.4908609094667,65.943665424046,-1.54719548542073,0.129838135011232,0.129677692160093,-0.000160442851138753
RT,VP0002,288.699111958651,288.192492267947,-0.506619690703701,658.729983040923,657.716743659515,-1.0132393814074,0.111053914937177,0.169827204880288,0.0587732899431102
RT,VP0003,-296.977736085716,-293.439240709461,3.53849537625564,-512.407002869351,-505.330012116839,7.07699075251128,0.337267780332426,0.394485827513578,0.0572180471811523
RT,VP0004,26.3665168849023,24.0632639254927,-2.30325295940963,132.458510567577,127.852004648757,-4.60650591881927,0.13235612540145,0.167268287968768,0.0349121625673187
RT,VP0005,-149.42122916527,-154.435645283436,-5.01441611816608,-218.301573589865,-228.330405826197,-10.0288322363322,0.0634018734043019,0.0579619824386431,-0.00543989096565883
RT,VP0006,74.5735391096626,74.2615110248114,-0.312028084851192,229.466962238565,228.842906068862,-0.624056169702385,0.112345553550415,0.0682244459405204,-0.044121107609895
RT,VP0007,-264.490410295588,-263.94268029335,0.54773000223804,-446.945709263852,-445.850249259376,1.09546000447608,0.085004024475033,0.0474435716203765,-0.0375604528546565
RT,VP0008,14.9333054718221,16.3033724707005,1.37006699887843,111.614752073774,114.354886071531,2.74013399775686,0.271855858889581,0.208681607062072,-0.0631742518275089
RT,VP0009,-255.662897598447,-256.182662131461,-0.519764533013472,-430.340680626995,-431.380209693022,-1.03952906602694,0.433656496528236,0.375934166636088,-0.0577223298921474
RT,VP0010,-288.128563990688,-287.224767715868,0.903796274820536,-493.966959230832,-492.15936668119,1.80759254964107,0.270661050509385,0.318319425313251,0.0476583748038659
RT,VP0011,-43.0808966439107,-44.7440433548123,-1.66314671090163,-5.24722565831857,-8.57351908012183,-3.32629342180326,0.185949312326396,0.205078921662014,0.0191296093356181
RT,VP0012,-71.0518562160979,-70.2756972949898,0.776158921108049,-60.3820030308141,-58.829685188598,1.5523178422161,0.195651031488491,0.360443805382491,0.164792773894001
RT,VP0013,-443.973455788402,-441.9507719761,2.02268381230158,-805.669367761669,-801.624000137066,4.04536762460316,0.0176272970567842,0.0486567481459278,0.0310294510891436
RT,VP0014,-322.346765491663,-321.243591569711,1.10317392195248,-562.466620154704,-560.260272310799,2.20634784390495,0.0599197290458017,0.0779018440014203,0.0179821149556186
RT,VP0015,-296.55000893636,-299.59071260478,-3.04070366842006,-511.351876742591,-517.433284079431,-6.08140733684013,0.157425576882529,0.0353471007992861,-0.122078476083243
RT,VP0016,-256.650404733482,-259.786481791813,-3.13607705833107,-432.301635141501,-438.573789258163,-6.27215411666214,0.0665585731012072,0.0409247723157075,-0.0256338007854998
RT,VP0017,-205.126181810262,-192.335382544002,12.7907992662599,-329.624205767901,-304.042607235381,25.5815985325198,0.0020430255763582,0.175785123332007,0.173742097755648
RT,VP0018,-192.836662307043,-191.980345763416,0.856316543626235,-303.651109580318,-301.938476493065,1.71263308725247,0.173187480731213,0.0506037194476854,-0.122583761283528
RT,VP0019,-36.5834954338984,-35.1955417370107,1.38795369688768,7.78995467508368,10.565862068859,2.77590739377536,0.00475394874722682,0.00625364463980871,0.00149969589258189
RT,VP0020,39.676258204788,35.2312864500409,-4.44497175474709,160.295352603388,151.405409093894,-8.88994350949417,0.00268765083368302,0.00472879263530246,0.00204114180161944
RT,VP0021,-139.150347892414,-136.728785024154,2.42156286826059,-196.408211744312,-191.56508600779,4.84312573652119,0.249440590311731,0.165990118001955,-0.083450472309776
RT,VP0022,147.4518414828,147.389254874485,-0.0625866083144615,376.125601505383,376.000428288754,-0.125173216628923,0.12476075862618,0.140439430765078,0.0156786721388978
RT,VP0023,-63.2637608798791,-62.6371783386572,0.626582541221921,-45.3194042565735,-44.0662391741296,1.25316508244384,0.272588327653954,0.216949223244952,-0.0556391044090022
RT,VP0024,-177.875545419199,-179.195704386853,-1.32015896765427,-275.036290010093,-277.676607945401,-2.64031793530853,0.00725347093833863,0.00731304434990126,5.95734115626271e-05
RT,VP0025,-168.477781011188,-172.714267992601,-4.23648698141307,-254.403292368851,-262.876266331678,-8.47297396282613,0.19191974581182,0.0936317521645358,-0.0982879936472839
RT,VP0026,-327.195672235772,-336.279659500576,-9.08398726480374,-572.113800656409,-590.281775186016,-18.1679745296075,0.00714917115659843,0.00373067641004122,-0.00341849474655721
RT,VP0027,5.92238923629264,11.4432566615637,5.52086742527109,93.149171563822,104.190906414364,11.0417348505422,0.00373067641004122,0.182233200032228,0.178502523622187
RT,VP0028,-309.003808104209,-311.396228785383,-2.39242068117483,-536.299144535901,-541.083985898251,-4.78484136234965,0.135563693423997,0.130910197317242,-0.0046534961067547
RT,VP0029,-54.6527907082427,-53.6265482081499,1.02624250009279,-27.973822292864,-25.9213372926785,2.05248500018558,0.0258383699170914,0.156662415435294,0.130824045518203
RT,VP0030,-159.586148371219,-159.322138384605,0.264009986613473,-238.471893036435,-237.943873063208,0.528019973226947,0.311277876033355,0.0247040634689647,-0.286573812564391
RT,VP0031,-239.537363512226,-241.302258027565,-1.76489451533939,-397.908108121703,-401.437897152382,-3.52978903067878,0.207327197251999,0.208119717423452,0.000792520171452926
RT,VP0032,-439.534680444443,-449.317601622528,-9.78292117808559,-796.22439379787,-815.790236154041,-19.5658423561712,0.140013892053455,0.207726299721525,0.0677124076680702
RT,VP0033,-203.298094268814,-210.607259866362,-7.30916559754735,-324.407393146027,-339.025724341122,-14.6183311950947,0.0959913334162561,0.0322776686724082,-0.0637136647438479
RT,VP0034,-129.64068402962,-117.81234519453,11.8283388350902,-177.63930496794,-153.982627297759,23.6566776701803,0.0189359510210012,0.127009354818853,0.108073403797852
RT,VP0035,205.115645253164,210.173871420713,5.05822616754855,491.117522821603,501.2339751567,10.1164523350972,0.161370306928148,0.173232061740334,0.0118617548121861
RT,VP0036,-631.795243040584,-629.547552882455,2.24769015812853,-1180.83015410169,-1176.33477378544,4.49538031625707,0.214015115433381,0.163153673540042,-0.0508614418933397
RT,VP0037,-199.555671392719,-195.013618959369,4.54205243335059,-317.389633384057,-308.305528517356,9.08410486670118,0.39559364437914,0.389705152568559,-0.00588849181058082
RT,VP0038,102.563538093262,102.508485704955,-0.0550523883078711,282.97928440834,282.869179631724,-0.110104776615742,0.19585723929225,0.0493553747426752,-0.146501864549575
RT,VP0039,-311.440582156968,-306.252494394872,5.18808776209647,-540.794605962472,-530.418430438279,10.3761755241928,0.0356878640451931,0.112907965312644,0.0772201012674508
RT,VP0040,-336.958591681042,-337.913076363835,-0.954484682793122,-591.576647276315,-593.485616641902,-1.90896936558624,0.0916086886209654,0.253716599892609,0.162107911271643
RT,VP0041,20.7674955296871,19.9585300096322,-0.808965520054869,120.927773280968,119.309842240858,-1.61793104010974,0.187863264987329,0.0629911948358236,-0.124872070151506
RT,VP0042,-265.857592563663,-266.622254066458,-0.764661502795434,-449.680073800001,-451.209396805591,-1.52932300559087,0.0994476815498505,0.0848399026208437,-0.0146077789290067
RT,VP0043,-118.427076301084,-116.401390843984,2.02568545709954,-154.780435343422,-150.729064429223,4.05137091419908,0.481330531216136,0.0732734633198189,-0.408057067896317
RT,VP0044,-390.456017408616,-391.84171400521,-1.38569659659447,-698.980484003198,-701.751877196387,-2.77139319318894,0.294727245536249,0.267406094773108,-0.0273211507631407
RT,VP0045,-216.804075967767,-217.365208455881,-0.561132488114083,-352.019481590828,-353.141746567056,-1.12226497622817,0.039412131001747,0.0240373960759937,-0.0153747349257534
RT,VP0046,-224.353876566732,-226.02582233485,-1.67194576811755,-366.342112436029,-369.686003972265,-3.34389153623511,0.263616615608528,0.283311276239086,0.0196946606305588
RT,VP0047,174.209615745028,172.787382522369,-1.42223322265943,420.787454613192,417.942988167873,-2.84446644531886,0.0960847535237618,0.0716016296641462,-0.0244831238596156
RT,VP0048,-312.235237903874,-311.422565181294,0.812672722579862,-542.525930948048,-540.900585502888,1.62534544515961,0.0384813012020439,0.04498213212485,0.00650083092280606
RT,VP0049,-321.722579036234,-321.100675293572,0.621903742661857,-561.218247243846,-559.974439758522,1.24380748532371,0.180814126953338,0.150789812518995,-0.0300243144343426
RT,VP0050,-178.10205006834,-177.550220602243,0.551829466097104,-274.548725895928,-273.445066963734,1.10365893219421,0.183275366274991,0.221610450207732,0.038335083932741
RT,VP0051,-271.123570854881,-277.05672294508,-5.93315209019954,-460.658471365056,-472.524775545455,-11.8663041803991,0.302040955365904,0.36242581466842,0.0603848593025169
RT,VP0052,-112.186257625031,-113.802317112417,-1.616059487386,-142.891348423895,-146.123467398667,-3.23211897477199,0.0655666052674599,0.111414662295123,0.0458480570276635
RT,VP0053,-83.9483704265976,-80.8871752757539,3.06119515084373,-88.4239049657971,-82.3015146641096,6.12239030168746,0.278014626113964,0.0498186069552741,-0.22819601915869
RT,VP0054,-310.301013186695,-311.098227374261,-0.797214187565885,-538.840691179259,-540.435119554391,-1.59442837513177,0.183619832262408,0.236689935596641,0.0530701033342324
RT,VP0055,-12.9582816482793,-12.7283237335966,0.2299579146827,55.5646035296083,56.0245193589737,0.4599158293654,0.137746557037144,0.130369401677897,-0.00737715535924677
RT,VP0056,64.5045708694597,59.2323283395208,-5.27224252993886,208.561500780169,198.017015720291,-10.5444850598777,0.0107253261811217,0.0166459602963912,0.00592063411526951
RT,VP0057,91.3712253837722,100.152831104747,8.78160572097525,261.095476826691,278.658688268642,17.5632114419505,0.00164462525732482,0.0493553747426752,0.0477107494853504
RT,VP0058,-240.948132919769,-238.308580104615,2.63955281515365,-399.964715025503,-394.685609395196,5.2791056303073,0.105851266570139,0.0898722541748182,-0.015979012395321
RT,VP0059,119.475399058729,117.134619832028,-2.34077922670161,320.089671343107,315.408112889704,-4.68155845340323,0.129881329070728,0.0146085988555136,-0.115272730215215
RT,VP0060,-64.3764418947138,-65.8619260088152,-1.48548411410138,-47.0179512462121,-49.9889194744149,-2.97096822820276,0.0154439053412812,0.0135373549867056,-0.00190655035457559
RT,VP0061,-195.407518170523,-193.333557203323,2.07396096719913,-312.392141088881,-308.244219154483,4.14792193439825,0.293045651669448,0.313420510205865,0.0203748585364168
RT,VP0062,-190.893072778522,-191.299860520488,-0.406787741965786,-300.011630789924,-300.825206273856,-0.813575483931572,0.222724580461308,0.23773711045135,0.0150125299900425
RT,VP0063,170.153033313183,163.726278793121,-6.42675452006227,419.666677246922,406.813168206797,-12.8535090401245,0.246600694114759,0.336403009960646,0.0898023158458877
RT,VP0064,-129.640630464547,-128.663731877509,0.976898587037624,-179.277779419943,-177.323982245868,1.95379717407525,0.157472623476937,0.16063347557233,0.00316085209539274
RT,VP0065,42.2592631306559,41.0951517621874,-1.16411136846858,166.617911979043,164.289689242106,-2.32822273693716,0.0395663936483495,0.159721693598566,0.120155299950217
RT,VP0066,-7.97061183848604,-3.30390501625931,4.66670682222673,64.8309935288129,74.1644071732664,9.33341364445346,0.00599273336279622,0.00302098420706547,-0.00297174915573074
RT,VP0067,-65.0951025266529,-64.5704644031529,0.52463812350004,-48.2067622665156,-47.1574860195155,1.04927624700008,0.234111646712944,0.443990815504737,0.209879168791793
RT,VP0068,-65.4933907134381,-64.8049232930099,0.688467420428253,-50.6668974076369,-49.2899625667804,1.37693484085651,0.0280494966993189,0.391484085846878,0.363434589147559
RT,VP0069,-129.611034353878,-126.709757105624,2.90127724825413,-177.75440779185,-171.951853295342,5.80255449650826,0.00306400963715879,0.0169191458810928,0.013855136243934
RT,VP0070,175.768406697401,170.858620169763,-4.90978652763835,429.09316687785,419.273593822573,-9.81957305527669,0.139842213556937,0.011384191451347,-0.12845802210559
RT,VP0071,-103.765901124514,-100.489636424826,3.27626469968703,-126.309883709243,-119.757354309869,6.55252939937407,0.138196601125011,0.303780329934421,0.165583728809411
RT,VP0072,-280.501791487685,-290.19423275045,-9.69244126276436,-478.840265300346,-498.225147825875,-19.3848825255287,0.0444078508618838,0.0190225543884372,-0.0253852964734466
RT,VP0073,67.656348029851,72.988088967932,5.33174093808094,216.520813562887,227.184295439049,10.6634818761619,0.378701165770623,0.195564628257644,-0.183136537512979
RT,VP0074,-84.7821987318472,-93.1823127134102,-8.40011398156304,-88.0562643340447,-104.856492297171,-16.8002279631261,0.151619800678776,0.0724982836245012,-0.0791215170542746
RT,VP0075,-51.3348111559519,-56.1151528372714,-4.78034168131944,-21.3378631882824,-30.8985465509213,-9.56068336263888,0.324959237907178,0.00814900365376546,-0.316810234253413
RT,VP0076,-19.2601411194918,-19.9637577050667,-0.703616585574821,40.1780913947636,38.7708582236139,-1.40723317114964,0.141811994546945,0.191551494901381,0.0497395003544365
RT,VP0077,-128.030031226882,-126.978460930155,1.05157029672637,-174.364843129364,-172.261702535912,2.10314059345274,0.0787985510062209,0.13006544914252,0.0512668981362995
RT,VP0078,-256.265531972333,-254.640461886707,1.62507008562602,-430.677774277589,-427.427634106337,3.25014017125204,0.41516067866368,0.342642185653171,-0.0725184930105091
RT,VP0079,132.711938424546,138.992763540962,6.28082511641634,342.829521914821,355.391172147654,12.5616502328327,0.0172917141889582,0.163211416692457,0.145919702503499
RT,VP0080,5.59774301427046,4.7186490831686,-0.879093931101863,88.4676904817421,86.7095026195384,-1.75818786220373,0.12577772197489,0.214787967216547,0.0890102452416568
RT,VP0081,-245.511881018673,-252.29164090661,-6.77975988793656,-409.105219354667,-422.66473913054,-13.5595197758731,0.226669516723843,0.105967063926609,-0.120702452797234
RT,VP0082,-258.373228097137,-259.463662609955,-1.09043451281781,-435.117719034383,-437.298588060019,-2.18086902563562,0.378691049931005,0.154587875947037,-0.224103173983968
RT,VP0083,-36.3092506871632,-36.7498118817844,-0.440561194621125,7.20036110875027,6.31923871950802,-0.88112238924225,0.115634589164102,0.12881483768172,0.0131802485176179
RT,VP0084,-223.318365512756,-225.084653653522,-1.76628814076656,-364.822764168062,-368.355340449595,-3.53257628153312,0.142040021068961,0.109401154090665,-0.0326388669782957
RT,VP0085,-349.572624974438,-350.051203987108,-0.478579012670195,-617.135945083109,-618.093103108449,-0.957158025340391,0.277368300373046,0.201537196000571,-0.0758311043724743
RT,VP0086,-193.039307296387,-190.325722016726,2.71358527966072,-305.435972731151,-300.008802171829,5.42717055932144,0.206948895868981,0.147957479143662,-0.0589914167253182
RT,VP0087,-44.513507657466,-39.3564237473901,5.15708391007587,-8.14078299965732,2.17338482049442,10.3141678201517,0.00164462525732482,0.177257058484434,0.17561243322711
RT,VP0088,-177.308533353224,-181.880773241174,-4.57223988794971,-274.644158462244,-283.788638238143,-9.14447977589941,0.0532916657150615,0.0635919840120872,0.0103003182970257
RT,VP0089,-289.33030535046,-288.436307331472,0.893998018988327,-496.912469570791,-495.124473532814,1.78799603797665,0.0282915789465135,0.332072292373173,0.30378071342666
RT,VP0090,-592.982594180911,-595.795428488222,-2.81283430731105,-1103.52454742024,-1109.15021603487,-5.6256686146221,0.223567854404475,0.314484279280846,0.0909164248763714
RT,VP0091,-58.3838812370801,-59.0673456793745,-0.683464442294394,-34.6555630872991,-36.0224919718878,-1.36692888458879,0.232039832986136,0.00992682443119795,-0.222113008554938
RT,VP0092,-380.403353170544,-381.072837505982,-0.669484335437687,-677.985859861209,-679.324828532085,-1.33896867087537,0.127020007193464,0.150854392459498,0.0238343852660335
RT,VP0093,-11.1574653715476,-12.3924481590134,-1.23498278746575,58.8655369782712,56.3955714033397,-2.46996557493151,0.0768221292976364,0.0817895059316579,0.0049673766340215
RT,VP0094,-190.838127211904,-194.980529298615,-4.14240208671106,-302.20341853641,-310.488222709832,-8.28480417342212,0.0363158145552628,0.0223681342495815,-0.0139476803056813
RT,VP0095,232.076492028977,231.913277817166,-0.163214211810896,533.595752634354,533.269324210732,-0.326428423621792,0.0439773397319117,0.182553243852176,0.138575904120264
RT,VP0096,-315.373444996309,-317.370137452172,-1.99669245586267,-549.621913699617,-553.615298611343,-3.99338491172534,0.14596404530366,0.137786104886365,-0.00817794041729564
RT,VP0097,73.1851155791019,74.2898800310447,1.10476445194286,224.130765901324,226.340294805209,2.20952890388571,0.235806630906016,0.158276992757804,-0.0775296381482111
RT,VP0098,-174.702260432516,-175.24339272277,-0.541132290254097,-267.446996014882,-268.52926059539,-1.08226458050819,0.0210681958375838,0.0259971152702604,0.00492891943267663
RT,VP0099,193.798525775555,206.195420701276,12.3968949257217,465.540238222353,490.334028073797,24.7937898514434,0.00164462525732482,0.145816633993775,0.144172008736451
RT,VP0100,-417.145328368182,-418.799258477846,-1.6539301096646,-751.987876318867,-755.295736538196,-3.3078602193292,0.0660580474634353,0.0722174948310881,0.00615944736765271
RT,VP0101,-232.271502918604,-229.726821768168,2.54468115043608,-381.661948493425,-376.572586192553,5.08936230087215,0.383848063725454,0.246027799902085,-0.137820263823369
RT,VP0102,-203.340729071256,-206.095072256146,-2.75434318488971,-326.125983734387,-331.634670104166,-5.50868636977941,0.0715769425246931,0.0840044079244275,0.0124274653997344
RT,VP0103,-331.072313341064,-330.238325527354,0.833987813709882,-581.780215710129,-580.11224008271,1.66797562741976,0.204362968700744,0.153079880902602,-0.0512830877981417
RT,VP0104,-79.6951332979849,-83.8351396111509,-4.140006313166,-79.7589079277301,-88.0389205540621,-8.280012626332,0.0410005490695743,0.0164246178162818,-0.0245759312532925
RT,VP0105,-668.298486358672,-674.371814468659,-6.07332810998628,-1253.86093224414,-1266.00758846412,-12.1466562199726,0.0898706813098515,0.0774795088129966,-0.0123911724968548
RT,VP0106,-245.30429897859,-246.232522356449,-0.928223377859126,-408.612217163745,-410.468663919463,-1.85644675571825,0.333990491938549,0.24406902678355,-0.0899214651549982
RT,VP0107,20.8521445222766,24.0250244625144,3.17287994023781,121.460975222726,127.806735103202,6.34575988047561,0.281310203021914,0.0325141262709514,-0.248796076750962
RT,VP0108,205.191116039772,207.168633545151,1.97751750537901,489.299866908123,493.254901918881,3.95503501075802,0.386979758797555,0.076755960338762,-0.310223798458793
RT,VP0109,301.675393552014,300.313208852899,-1.36218469911529,681.980881748443,679.256512350213,-2.72436939823058,0.0848365085643151,0.284675289646712,0.199838781082397
RT,VP0110,5.96918249728719,6.59613346335249,0.626950966065294,93.3654167346695,94.6193186668001,1.25390193213059,0.172468978679339,0.107844814754837,-0.0646241639245018
RT,VP0111,-298.728906180644,-298.623221428473,0.105684752170816,-514.843972536774,-514.632603032432,0.211369504341633,0.228990347866618,0.231293946468838,0.00230359860221924
RT,VP0112,28.6803340422238,42.8374374186083,14.1571033763845,138.582586624231,166.896793377,28.314206752769,0.00164462525732482,0.108540302607418,0.106895677350093
RT,VP0113,269.769729012026,267.667752608283,-2.10197640374292,616.945103089783,612.741150282297,-4.20395280748585,0.101560341909835,0.0659417843927656,-0.0356185575170696
RT,VP0114,-61.0410414018588,-71.1835496418917,-10.142508240033,-40.1765623686538,-60.4615788487198,-20.2850164800659,0.112465481790897,0.00373067641004122,-0.108734805380855
RT,VP0115,-95.5498859642209,-94.8957105722438,0.654175391977105,-110.824580698294,-109.51622991434,1.30835078395421,0.0764161926574641,0.0682113632297163,-0.00820482942774772
RT,VP0116,79.2311087217024,84.1629024416495,4.93179371994717,238.465698952555,248.32928639245,9.86358743989433,0.00373067641004122,0.123273462574761,0.11954278616472
RT,VP0117,-11.3192780020531,-10.2794439185027,1.03983408355032,57.4864455308595,59.5661136979601,2.07966816710064,0.323953167446298,0.224318214569079,-0.0996349528772188
RT,VP0118,61.2079626575014,65.0207346732836,3.81277201578229,202.883594453323,210.509138484887,7.62554403156457,0.0204197704079705,0.206725962938953,0.186306192530983
RT,VP0119,88.3409152604343,85.0876997807429,-3.25321547969133,255.666132187582,249.1597012282,-6.50643095938267,0.118335266754183,0.0700867960766142,-0.0482484706775692
RT,VP0120,-425.494554876092,-438.24884620309,-12.7542913269974,-769.096625711668,-794.605208365663,-25.5085826539948,0.00164462525732482,0.00672321986379126,0.00507859460646645
RT,VP0121,20.2794107055711,20.1365636985979,-0.142847006973284,120.592798489437,120.30710447549,-0.285694013946568,0.0849583678715487,0.102828237013064,0.0178698691415149
RT,VP0122,175.866951557568,180.241688465701,4.37473690813275,431.12668533673,439.876159152996,8.74947381626549,0.0997806588538357,0.0710724697026913,-0.0287081891511444
RT,VP0123,97.4212802646643,94.2298548039761,-3.19142546068824,273.14291642345,266.760065502074,-6.38285092137647,0.0972560670862824,0.00486183224009779,-0.0923942348461846
RT,VP0124,-74.9474478296547,-78.9109820753981,-3.96353424574346,-68.2395214185578,-76.1665899100448,-7.92706849148692,0.153516013930622,0.224648427982271,0.0711324140516492
RT,VP0125,-185.792436695354,-186.259224370728,-0.46678767537378,-290.585699065245,-291.519274415993,-0.93357535074756,0.155680431127612,0.216358754471298,0.0606783233436856
RT,VP0126,6.5044483929762,5.90560548897815,-0.598842903998047,89.8119861296583,88.6143003216622,-1.19768580799609,0.150235125995829,0.136159383326193,-0.014075742669636
RT,VP0127,-172.186197814157,-170.372301797767,1.81389601638938,-262.584715747422,-258.956923714643,3.62779203277876,0.0206659624686158,0.226969497818527,0.206303535349911
RT,VP0128,-253.805890096898,-254.672347327751,-0.866457230853314,-425.32161144325,-427.054525904957,-1.73291446170663,0.19443530965157,0.141445960589996,-0.0529893490615744
RT,VP0129,79.1697146422131,79.5375200061715,0.367805363958354,236.173358751755,236.908969479672,0.735610727916708,0.154248968846704,0.210213634338208,0.0559646654915045
RT,VP0130,-145.773454527933,-143.188509184346,2.58494534358698,-209.156216157265,-203.986325470091,5.16989068717396,0.174138392426662,0.167289358582945,-0.00684903384371671
RT,VP0131,61.2809876003656,60.0774277985212,-1.20355980184439,198.897604931607,196.490485327918,-2.40711960368878,0.126619833831844,0.100094486793245,-0.0265253470385987
RT,VP0132,-222.057308243611,-224.21874950339,-2.16144125977979,-361.849710903902,-366.172593423461,-4.32288251955958,0.395990829426248,0.457604960629281,0.0616141312030327
RT,VP0133,-477.009550148552,-478.067357998645,-1.05780785009307,-871.855782622079,-873.971398322265,-2.11561570018614,0.322450893687993,0.239714419364347,-0.0827364743236455
RT,VP0134,115.696139297209,112.293308192632,-3.40283110457699,311.682385923441,304.876723714287,-6.80566220915398,0.144761180667548,0.0642543008409133,-0.0805068798266346
RT,VP0135,-79.6161072825845,-77.877717221346,1.73839006123853,-77.6569296094698,-74.1801494869928,3.47678012247707,0.182795109052444,0.182884682506669,8.95734542251392e-05
RT,VP0136,39.3317409933068,42.4928030451554,3.16106205184855,157.121159871826,163.443283975523,6.32212410369709,0.00833896912750096,0.0279476786773603,0.0196087095498593
RT,VP0137,222.800759072048,214.320882572385,-8.47987649966262,524.685130722456,507.72537772313,-16.9597529993252,0.0607915419131118,0.0360887395867561,-0.0247028023263557
RT,VP0138,-78.993790140481,-85.9213125553587,-6.92752241487773,-75.9782754151959,-89.8333202449514,-13.8550448297555,0.242409766654718,0.0020430255763582,-0.24036674107836
RT,VP0139,194.594369072311,191.390685465037,-3.20368360727389,468.85155161462,462.444184400072,-6.40736721454778,0.22480743453026,0.0151105717778158,-0.209696862752445
RT,VP0140,141.649058269877,141.286422851422,-0.362635418454545,364.90015735938,364.174886522471,-0.72527083690909,0.191873307966827,0.0364169784055265,-0.1554563295613
RT,VP0141,-118.707372791287,-121.100166894746,-2.39279410345847,-155.12457683203,-159.910165038947,-4.78558820691694,0.278419932890517,0.300734007359072,0.0223140744685553
RT,VP0142,-91.6456159184643,-91.5758545205046,0.0697613979596667,-102.362521601192,-102.222998805273,0.139522795919333,0.116682635161406,0.103692277840593,-0.012990357320813
RT,VP0143,73.8404951302267,73.4956277845591,-0.344867345667581,229.189123390103,228.499388698768,-0.689734691335161,0.177367367141718,0.245733030785726,0.0683656636440079
RT,VP0144,-53.8588153624968,-50.8200920466239,3.03872331587291,-27.4275233959708,-21.350076764225,6.07744663174583,0.00406400979896596,0.029666930434486,0.0256029206355201
RT,VP0145,45.7600863001628,45.9869764820266,0.226890181863837,171.973144859895,172.426925223622,0.453780363727674,0.154612542448989,0.207387793468009,0.0527752510190197
RT,VP0146,111.821752987275,107.522623175544,-4.2991298117314,304.823973695917,296.225714072455,-8.59825962346281,0.170202826628116,0.010320675014823,-0.159882151613293
RT,VP0147,-103.076101406271,-103.977072772847,-0.900971366576869,-125.713945453651,-127.515888186805,-1.80194273315374,0.0154439053412812,0.0145326666728449,-0.000911238668436306
RT,VP0148,235.849555295753,235.560345938168,-0.289209357585349,550.380450865403,549.802032150233,-0.578418715170756,0.16973768409811,0.132047295140613,-0.0376903889574969
RT,VP0149,-415.268666548906,-409.111698336787,6.15696821211867,-748.209369040433,-735.895432616196,12.3139364242373,0.429095587881018,0.199294331904058,-0.22980125597696
RT,VP0150,175.381129230938,175.451379364108,0.0702501331693384,430.058265965429,430.198766231768,0.140500266338677,0.171103807389619,0.150820728249599,-0.0202830791400198
RT,VP0151,-23.7992865292352,-25.8092796575714,-2.00999312833619,31.4685446719319,27.4485584152595,-4.01998625667238,0.209014042011098,0.216217030087647,0.00720298807654848
RT,VP0152,267.496891967896,273.413679287339,5.91678731944245,613.928120228445,625.76169486733,11.8335746388849,0.105346860055867,0.112594724011157,0.00724786395528988
RT,VP0153,-202.548203234417,-200.684786879032,1.86341635538446,-324.295583766785,-320.568751056016,3.72683271076892,0.28325653742143,0.192736044297805,-0.0905204931236253
RT,VP0154,120.068198223758,118.918816492674,-1.1493817310843,321.205623511328,318.906860049159,-2.29876346216861,0.0539981375381147,0.136108434912499,0.0821102973743841
RT,VP0155,-586.212409424987,-593.733522932572,-7.5211135075856,-1090.05917815254,-1105.10140516771,-15.0422270151712,0.239377274183392,0.00712117762356825,-0.232256096559824
RT,VP0156,-322.917996005953,-325.221597635686,-2.30360162973341,-564.57276534183,-569.179968601297,-4.60720325946681,0.197375895380186,0.28819660112501,0.0908207057448243
RT,VP0157,-184.085775075697,-185.781768877415,-1.69599380171746,-286.423409021265,-289.815396624699,-3.39198760343493,0.194718351761422,0.148457400551277,-0.0462609512101445
RT,VP0158,-213.298285822851,-208.51541500763,4.78287081522092,-344.548577869475,-334.982836239033,9.56574163044183,0.148103843207309,0.14244863661642,-0.0056552065908895
RT,VP0159,-209.382434759417,-218.433418777345,-9.05098401792787,-335.823901915815,-353.92586995167,-18.1019680358557,0.0273740458213008,0.0020430255763582,-0.0253310202449426
RT,VP0160,-233.599552177193,-240.516073899571,-6.91652172237764,-386.864359652133,-400.697403096888,-13.8330434447553,0.131217630097451,0.00235431746030057,-0.128863312637151
RT,VP0161,-93.2294496170272,-94.2261636841675,-0.996714067140317,-104.52734842002,-106.520776554301,-1.99342813428063,0.105988940493886,0.096412889169396,-0.00957605132448952
RT,VP0162,35.3729924285664,31.7352857507435,-3.63770667782291,152.132289529214,144.856876173568,-7.27541335564581,0.14104550202396,0.0447251310971946,-0.096320370926765
RT,VP0163,154.691411776985,156.843470940271,2.15205916328537,386.578104666841,390.882222993412,4.30411832657074,0.244569753512129,0.0878632664774454,-0.156706487034683
RT,VP0164,-170.108067537304,-171.075130525936,-0.967062988632108,-260.679638560453,-262.613764537717,-1.93412597726422,0.0717542556738163,0.116841377488925,0.0450871218151088
RT,VP0165,-169.928462943308,-165.779334089829,4.14912885347894,-258.069246005723,-249.770988298765,8.29825770695788,0.0741888115851924,0.0908615548303484,0.0166727432451561
RT,VP0166,43.0661084410598,50.9873279513968,7.92121951033698,167.409181389986,183.25162041066,15.842439020674,0.0135745421402271,0.0205816374919074,0.0070070953516803
RT,VP0167,-302.437197548759,-303.843347361625,-1.40614981286598,-522.162695403453,-524.974995029185,-2.81229962573195,0.219339877662662,0.343043850327348,0.123703972664686
RT,VP0168,-104.241768595766,-102.110121474717,2.13164712104935,-126.205993376397,-121.942699134299,4.26329424209871,0.0904097618441359,0.280243581918326,0.18983382007419
RT,VP0169,134.944653869119,133.171673607992,-1.77298026112715,351.316359478333,347.770398956079,-3.54596052225429,0.410237318736751,0.00541832724372424,-0.404818991493026
RT,VP0170,-37.4642665037796,-36.735442978996,0.72882352478365,6.14069405625179,7.59834110581909,1.4576470495673,0.210624461061678,0.141039241748567,-0.0695852193131113
RT,VP0171,-261.292918976977,-257.490288559406,3.80263041757178,-440.512120695209,-432.906859860065,7.60526083514355,0.00268765083368302,0.0020430255763582,-0.000644625257324817
RT,VP0172,-446.054511753875,-446.441876711049,-0.387364957174498,-809.78105945037,-810.555789364719,-0.774729914348995,0.329331949280855,0.339103319316348,0.00977137003549339
RT,VP0173,-28.7108327991008,-30.0188433430422,-1.30801054394146,24.4577678700667,21.8417467821837,-2.61602108788293,0.157220282839397,0.207815430083336,0.0505951472439387
RT,VP0174,84.955124854298,86.0661740432514,1.1110491889533,249.620091325003,251.84218970291,2.2220983779066,0.118535602791957,0.0945710117435122,-0.0239645910484446
RT,VP0175,-273.71684865305,-273.869432148288,-0.152583495237764,-465.206786477478,-465.511953467954,-0.305166990475527,0.181200511997885,0.255795355531985,0.0745948435341002
RT,VP0176,-322.281405378992,-322.968273171764,-0.686867792772034,-562.323221639752,-563.696957225296,-1.37373558554407,0.106268177847406,0.227018153027989,0.120749975180584
RT,VP0177,26.2269837887515,29.5873715771651,3.36038778841362,133.565030825467,140.285806402294,6.72077557682724,0.255031733941695,0.179849864466353,-0.0751818694753422
RT,VP0179,-103.104248661479,-103.324904021382,-0.220655359903219,-124.835805811724,-125.27711653153,-0.441310719806438,0.0448684423139732,0.0792560602529518,0.0343876179389786
RT,VP0180,-9.01997181541509,-12.0348403536189,-3.01486853820381,62.8178863043213,56.7881492279137,-6.02973707640763,0.111224058797116,0.159433229025278,0.0482091702281627
RT,VP0181,312.299507688423,313.316376722157,1.01686903373371,699.222216813147,701.255954880614,2.03373806746743,0.176359462039599,0.0636770839286603,-0.112682378110938
RT,VP0182,-93.9976231870045,-95.5570970051444,-1.55947381813991,-106.024755558255,-109.143703194535,-3.11894763627981,0.182096273113414,0.229260764223805,0.047164491110391
RT,VP0183,-42.8899661261834,-25.7845693663904,17.105396759793,-4.12455801161525,30.0862355079707,34.210793519586,0.00170969221258142,0.102278088888091,0.10056839667551
RT,VP0184,-24.0731143128552,-23.1896971774034,0.883417135451793,33.6151065684203,35.3819408393239,1.76683427090359,0.347920558642655,0.32254144409121,-0.0253791145514455
RT,VP0185,-1.62457501308631,-6.65336364404578,-5.02878863095947,77.7640676010685,67.7064903391496,-10.0575772619189,0.135067134830572,0.00268765083368302,-0.132379483996889
RT,VP0186,-196.602772545651,-205.972199341575,-9.36942679592357,-311.054986588134,-329.793840179981,-18.7388535918471,0.331896838415855,0.00339734302111648,-0.328499495394739
RT,VP0187,-198.567784133722,-200.362157024058,-1.79437289033581,-314.870662684125,-318.459408464797,-3.58874578067162,0.0539008831593752,0.159132273064074,0.105231389904699
RT,VP0188,81.356591586231,79.5176624715304,-1.83892911470065,243.107187254402,239.429329025001,-3.67785822940129,0.209343379481991,0.142684743807212,-0.0666586356747784
RT,VP0189,-323.867383080247,-326.523223433674,-2.65584035342647,-565.920799303044,-571.232480009897,-5.31168070685294,0.274300516894543,0.0256529110320313,-0.248647605862512
RT,VP0190,-82.441402974234,-80.5734993172813,1.86790365695271,-84.1968166586135,-80.4610093447081,3.73580731390541,0.0881966011250105,0.133466947418065,0.0452703462930546
RT,VP0191,-169.891771201577,-166.735273906455,3.15649729512148,-258.009027636034,-251.696033045791,6.31299459024297,0.0236986276751885,0.304312320337565,0.280613692662376
RT,VP0192,333.984251169298,333.670345745894,-0.313905423404833,746.321528397744,745.693717550934,-0.627810846809666,0.131417164021291,0.140696160922582,0.00927899690129066
RT,VP0193,-338.422740433349,-342.363318791699,-3.94057835835025,-594.256231214723,-602.137387931424,-7.88115671670039,0.0477456153421621,0.0272688609254769,-0.0204767544166851
RT,VP0194,-276.884402781475,-275.654726089638,1.22967669183754,-472.193520607251,-469.734167223576,2.45935338367508,0.209153468607999,0.289745549581634,0.0805920809736355
RT,VP0195,-358.818070384769,-357.663616852582,1.15445353218638,-634.423374250395,-632.114467186022,2.30890706437276,0.420229409197084,0.164666943368367,-0.255562465828716
RT,VP0196,-130.387327799736,-126.711629063718,3.67569873601815,-179.14591843958,-171.794520967544,7.3513974720363,0.338848837313787,0.346758332143758,0.00790949482997105
RT,VP0197,-125.492923576873,-122.992079181323,2.50084439555008,-170.213629947961,-165.211941156861,5.00168879110015,0.0071197417319864,0.150480599039394,0.143360857307408
RT,VP0198,-273.052395062163,-273.94415681294,-0.891761750776254,-464.409570799928,-466.19309430148,-1.78352350155251,0.136577977217721,0.122427838686237,-0.0141501385314846
RT,VP0199,-143.785778142718,-143.743077617376,0.0427005253420703,-206.185251613355,-206.09985056267,0.0854010506841405,0.176889722571171,0.219973717306661,0.0430839947354898
RT,VP0200,-307.839600943506,-308.228149138569,-0.388548195063493,-534.225062099296,-535.002158489423,-0.777096390127099,0.0797257164332285,0.181018474041857,0.101292757608628
RT,VP0201,-153.125046034889,-152.144233554832,0.980812480057409,-224.674807114079,-222.713182153964,1.96162496011482,0.0193489340669348,0.296847870132994,0.277498936066059
RT,VP0202,221.620678851879,222.104766904384,0.484088052505399,523.168259501834,524.136435606845,0.968176105010798,0.154884509773731,0.150011697714755,-0.00487281205897572
RT,VP0203,-120.609221993075,-120.161166887321,0.448055105754065,-160.13525531518,-159.239145103672,0.89611021150813,0.0250373971704172,0.0344199744854875,0.0093825773150703
RT,VP0204,-361.414288438425,-361.232397736356,0.181890702069666,-640.425377463308,-640.061596059169,0.363781404139331,0.0569208998506479,0.357248749533489,0.300327849682841
RT,VP0205,-57.3627320841572,-60.6791907194726,-3.31645863531537,-34.9687779901417,-41.6016952607725,-6.63291727063074,0.128811254602467,0.0190709374385491,-0.109740317163917
RT,VP0206,-196.318471767854,-199.007243361211,-2.68877159335671,-309.888751162734,-315.266294349447,-5.37754318671341,0.162352303720101,0.167913992112915,0.00556168839281396
RT,VP0207,-94.9651079023349,-94.8240055933161,0.141102309018777,-108.557524293436,-108.275319675398,0.282204618037554,0.153245182030695,0.221895469365997,0.0686502873353024
RT,VP0208,-95.0251762167839,-92.9755053403062,2.04967087647771,-109.023107919867,-104.923766166911,4.09934175295541,0.0842398405164273,0.0719911557941898,-0.0122486847222375
RT,VP0209,-87.181576217593,-86.3170491027359,0.864527114857083,-95.4789904316582,-93.749936201944,1.72905422971417,0.263927893401077,0.165549033114432,-0.0983788602866445
RT,VP0210,-63.6003488821124,-61.3695204509543,2.23082843115805,-44.5623180538586,-40.1006611915425,4.46165686231609,0.00575166065779694,0.0134324634404461,0.00768080278264915
RT,VP0211,93.8441447855308,94.5344451439678,0.690300358437014,268.771478242032,270.152078958906,1.38060071687403,0.112136733874323,0.154006314209795,0.0418695803354719
RT,VP0212,-325.329424319796,-328.660877459692,-3.33145313989547,-569.258946232345,-575.921852512136,-6.66290627979095,0.22288028738078,0.316882565225011,0.0940022778442315
RT,VP0213,-217.920468362462,-214.713663121343,3.20680524111901,-354.359769898757,-347.946159416519,6.41361048223803,0.477074586477014,0.22786832898917,-0.249206257487843
RT,VP0214,-361.523195773242,-360.086157578178,1.43703819506402,-640.408011836118,-637.53393544599,2.87407639012804,0.0459186854015877,0.0348704959782455,-0.0110481894233422
RT,VP0215,-314.511012170386,-314.321377568179,0.189634602206183,-546.081056737751,-545.701787533339,0.379269204412367,0.142507072824747,0.148732267084656,0.00622519425990856
RT,VP0216,-95.903303410061,-93.2980588395076,2.60524457055345,-110.217936475417,-105.00744733431,5.2104891411069,0.0407920980872499,0.0664069426676876,0.0256148445804377
RT,VP0217,-485.620101491346,-483.649949190881,1.97015230046492,-888.407290136789,-884.466985535859,3.94030460092984,0.11644094846586,0.0823802985585333,-0.0340606499073263
RT,VP0218,27.8644017835439,27.8933353051934,0.0289335216494919,135.008605801466,135.066472844765,0.0578670432989838,0.255616405511907,0.0475549464452254,-0.208061459066681
RT,VP0219,-15.5121726296558,-16.0924975673919,-0.580324937736123,49.7621832182948,48.6015333428226,-1.16064987547225,0.140358084291319,0.11671328654243,-0.0236447977488888
RT,VP0220,-117.538717719901,-124.220321472304,-6.68160375240274,-153.250346656496,-166.613554161302,-13.3632075048055,0.0020430255763582,0.00508499382965154,0.00304196825329334
RT,VP0221,-125.645928568661,-124.657774643866,0.988153924795199,-171.166855602357,-169.190547752766,1.9763078495904,0.0824142563435765,0.0938767688495835,0.011462512506007
RT,VP0222,385.109501635392,393.204030235468,8.09452860007616,848.234479317268,864.423536517421,16.1890572001523,0.0137405986534983,0.0553203618682594,0.0415797632147611
RT,VP0223,-17.3864520232258,-18.2472465092048,-0.860794485978943,42.383729690018,40.6621407180601,-1.72158897195789,0.130080145994186,0.0357281394263136,-0.0943520065678726
RT,VP0224,-259.645160590699,-261.244248543183,-1.59908795248458,-436.254114983228,-439.452290888198,-3.19817590496916,0.199421497134092,0.164217460426151,-0.0352040367079405
RT,VP0225,-296.520320658721,-292.882226190907,3.6380944678146,-511.681578427776,-504.405389492147,7.27618893562919,0.00170969221258142,0.00268765083368302,0.000977958621101604
RT,VP0226,-607.470981725916,-604.89645772506,2.57452400085617,-1133.36667849613,-1128.21763049442,5.14904800171234,0.169987289365684,0.224928839706576,0.0549415503408923
RT,VP0227,13.1073751500281,6.3679082487397,-6.73946690128844,105.526941218065,92.048007415488,-13.4789338025769,0.164482221337756,0.00742855755457782,-0.157053663783178
RT,VP0228,-276.107258014466,-275.2709318329,0.836326181566562,-470.374319652843,-468.70166728971,1.67265236313312,0.456893250093319,0.36304200201831,-0.0938512480750084
RT,VP0229,59.7491058007416,62.0256645008045,2.27655870006288,198.696657592037,203.249774992163,4.55311740012576,0.111803398874989,0.193235951830732,0.0814325529557426
RT,VP0230,-253.93843026356,-254.951566503684,-1.0131362401246,-426.274819707493,-428.301092187742,-2.02627248024919,0.0581335457090877,0.192968194230937,0.134834648521849
RT,VP0231,-124.063184075385,-127.921699143206,-3.85851506782018,-165.760727453336,-173.477757588976,-7.71703013564036,0.130409745942113,0.0988757327918784,-0.0315340131502351
RT,VP0232,-135.563757415332,-138.173244780414,-2.60948736508163,-190.44152554081,-195.660500270973,-5.21897473016327,0.135703835941527,0.135227783368725,-0.000476052572802033
RT,VP0233,-431.816659405708,-431.309706036111,0.506953369597738,-781.624013945651,-780.610107206455,1.01390673919548,0.0649544045975129,0.0519772439487301,-0.0129771606487829
RT,VP0234,47.210937104308,47.2906795963033,0.0797424919953187,175.021011490868,175.180496474858,0.159484983990637,0.184089883559033,0.164521715835929,-0.0195681677231034
RT,VP0235,84.9369690778875,85.6366947231844,0.699725645296894,250.674760857823,252.074212148417,1.39945129059379,0.157238981349171,0.106728252507312,-0.0505107288418593
RT,VP0236,68.7752183483647,67.2484324381787,-1.52678591018594,217.690542072581,214.636970252209,-3.05357182037187,0.270482113396995,0.199542340781516,-0.0709397726154786
RT,VP0237,139.163392614265,132.647571853029,-6.51582076123577,358.37598107868,345.344339556209,-13.0316415224715,0.0278633689136255,0.0309599626948359,0.00309659378121046
RT,VP0238,-410.211104143643,-407.765746639962,2.44535750368084,-738.310008900425,-733.419293893064,4.89071500736168,0.154075416441441,0.289410270776766,0.135334854335325
RT,VP0239,-138.713353001544,-136.813129684702,1.90022331684173,-197.890209488934,-194.08976285525,3.80044663368346,0.00268765083368302,0.00541832724372424,0.00273067641004122
RT,VP0240,-73.9827369999555,-73.584951156497,0.397785843458507,-66.4438804089508,-65.6483087220338,0.795571686917015,0.0988578269570465,0.182261329941596,0.0834035029845497
RT,VP0241,-117.189287910799,-118.295288762807,-1.10600085200832,-153.267512573633,-155.47951427765,-2.21200170401664,0.251745101772221,0.167954035361975,-0.0837910664102466
RT,VP0242,-41.4641977070934,-46.6476494193519,-5.18345171225849,-1.19346287097135,-11.5603662954883,-10.366903424517,0.208074399518076,0.0170476925049926,-0.191026707013083
RT,VP0243,38.4126284963953,38.5846442354151,0.172015739019798,157.894484056602,158.238515534641,0.344031478039597,0.226725217281817,0.184631164595789,-0.0420940526860278
RT,VP0244,-144.59497127402,-142.069041837719,2.52592943630071,-207.077743161178,-202.025884288577,5.05185887260143,0.209579418815745,0.169899371683733,-0.0396800471320117
RT,VP0245,-285.975318318702,-287.197338822836,-1.22202050413432,-490.110440261314,-492.554481269582,-2.44404100826864,0.0756755321017174,0.0331502894785874,-0.04252524262313
RT,VP0246,106.767828874669,101.995767744779,-4.77206112989006,292.301924067724,282.757801807944,-9.54412225978012,0.201053171072899,0.381981714254135,0.180928543181236
RT,VP0247,24.8052473313678,25.2993055256194,0.494058194251636,130.846198384966,131.834314773469,0.988116388503272,0.169866566370583,0.0681343371613125,-0.101732229209271
RT,VP0248,93.8692906052513,98.6953712938698,4.82608068861845,268.709619532454,278.361780909691,9.65216137723689,0.0020430255763582,0.179191672595918,0.177148647019559
RT,VP0249,-428.814082216314,-425.756052230719,3.05802998559511,-775.439369041026,-769.323309069836,6.11605997119023,0.2896546212064,0.279989134293123,-0.00966548691327751
RT,VP0250,-12.6191833476811,-10.0326461559951,2.58653719168603,56.3503036493434,61.5233780327154,5.17307438337207,0.301747747506913,0.231263961055955,-0.0704837864509581
RT,VP0251,67.3061412474091,60.8105809029773,-6.49556034443179,215.45588599084,202.464765301977,-12.9911206888636,0.0337843017465314,0.0427960495706229,0.00901174782409148
RT,VP0252,-67.3798783107291,-65.2237332837111,2.15614502701794,-53.4690699851667,-49.1567799311309,4.31229005403588,0.0772831870629214,0.102904965165725,0.0256217781028035
RT,VP0253,216.174693288214,213.604238247008,-2.57045504120546,513.978123736319,508.837213653908,-5.14091008241093,0.0368302599420807,0.0123816723444395,-0.0244485875976412
RT,VP0254,222.243422964779,222.91388116879,0.670458204010998,520.528754703315,521.869671111337,1.34091640802205,0.332815778222593,0.133770520469781,-0.199045257752812
RT,VP0255,-104.587601299046,-95.5474948834913,9.04010641555431,-128.303163069805,-110.222950238696,18.0802128311086,0.00235431746030057,0.26766425733991,0.265309939879609
RT,VP0256,-229.068162424048,-227.751366476385,1.31679594766246,-376.614731257136,-373.981139361811,2.63359189532491,0.183155291500002,0.242000222443957,0.0588449309439548
RT,VP0257,-112.62895308537,-109.211132798433,3.41782028693723,-144.893495198742,-138.057854624868,6.83564057387446,0.184557655763514,0.244065352169687,0.0595076964061728
RT,VP0258,128.706006467887,128.558396879567,-0.147609588319938,339.252209311863,338.956990135223,-0.295219176639876,0.134677502645342,0.152476267670567,0.0177987650252254
RT,VP0259,163.249835713581,159.800909185684,-3.4489265278971,405.795678930715,398.897825874921,-6.8978530557942,0.0793101660697239,0.0353092148186524,-0.0440009512510715
RT,VP0260,151.09792111869,152.948633815096,1.85071269640622,383.70397536703,387.405400759843,3.70142539281244,0.181579347810951,0.188909819828307,0.00733047201735662
RT,VP0261,-107.199412064553,-106.884017626669,0.315394437884095,-133.190706625922,-132.559917750153,0.630788875768189,0.11446152477909,0.132702962165018,0.0182414373859279
RT,VP0262,96.2772104947492,94.831909592478,-1.44530090227124,273.15355827175,270.262956467208,-2.89060180454248,0.128656007101564,0.32250024353101,0.193844236429446
RT,VP0263,91.9520956987642,92.2882195889449,0.336123890180659,259.447383414804,260.119631195166,0.672247780361317,0.135886373027394,0.187002996612177,0.0511166235847836
RT,VP0264,-4.66073660283729,-5.75518906409968,-1.09445246126239,72.4398619884562,70.2509570659314,-2.18890492252478,0.195894045819918,0.226657888494011,0.0307638426740929
RT,VP0265,-302.666192519103,-302.442627211037,0.223565308065361,-523.557870271086,-523.110739654955,0.447130616130721,0.196659804721252,0.197140253707835,0.000480448986582838
RT,VP0266,-194.078888081548,-188.968522866468,5.11036521508021,-305.943557033171,-295.722826603011,10.2207304301604,0.393067291658317,0.279781372054089,-0.113285919604227
RT,VP0267,158.478187051741,158.784655335651,0.306468283910135,397.842606418756,398.455542986576,0.61293656782027,0.095896774516484,0.115674390146926,0.0197776156304419
RT,VP0268,-99.0988221146579,-95.6746954748939,3.42412663976404,-120.641290746268,-113.79303746674,6.84825327952808,0.143412488138033,0.0393738968178486,-0.104038591320184
RT,VP0269,32.1603758956189,30.6517756337644,-1.50860026185455,144.847029104667,141.829828580958,-3.01720052370911,0.17959467033175,0.266948963243723,0.0873542929119728
RT,VP0270,-334.203589744398,-335.177521202129,-0.973931457730828,-586.256620985628,-588.204483901089,-1.94786291546166,0.238196601125011,0.440448746059948,0.202252144934938
RT,VP0271,61.2003039415203,65.0384360635895,3.83813212206923,201.745100301038,209.421364545176,7.67626424413845,0.138196601125011,0.12628799871251,-0.0119086024125006
RT,VP0272,-106.372613482413,-105.189416778068,1.18319670434533,-130.983891770696,-128.617498362005,2.36639340869067,0.126911442154774,0.178277478585626,0.0513660364308522
RT,VP0273,305.755902660018,311.27859783942,5.52269517940243,689.253921026539,700.299311385344,11.045390358805,0.111803398874989,0.14196598267099,0.0301625837960007
RT,VP0274,301.692220517833,299.849079553156,-1.84314096467648,679.740778278151,676.054496348798,-3.68628192935296,0.129885111949779,0.0808064960720866,-0.0490786158776926
RT,VP0275,182.682711375799,188.010953204706,5.32824182890681,446.683506660065,457.339990317878,10.6564836578136,0.00589422817316224,0.00638412675265005,0.00048989857948781
RT,VP0276,-152.62518557278,-152.297595457384,0.327590115395822,-226.316034852908,-225.660854622116,0.655180230791643,0.142896664288037,0.231271617443084,0.0883749531550476
RT,VP0277,-27.2572834682183,-26.4123737729353,0.844909695283036,26.9124848036585,28.6023041942246,1.68981939056607,0.0247040634689647,0.0140053911725145,-0.0106986722964502
RT,VP0278,16.5896985113581,17.5157267155283,0.926028204170223,114.4013155625,116.25337197084,1.85205640834045,0.330324315761432,0.297323700761398,-0.0330006150000339
RT,VP0279,26.1431131341607,24.728305579541,-1.4148075546197,132.709750660352,129.880135551113,-2.8296151092394,0.0825580047975738,0.0146783738646219,-0.0678796309329519
RT,VP0280,-14.3012566601253,-10.3149757928726,3.98628086725267,53.1588218738801,61.1313836083855,7.97256173450535,0.278091994465721,0.209086912103245,-0.0690050823624768
RT,VP0281,-155.271419480057,-153.349680861799,1.92173861825813,-228.303249841881,-224.459772605365,3.84347723651626,0.248736400641968,0.106846185141017,-0.141890215500951
RT,VP0282,-119.551978727292,-119.35192719382,0.200051533472731,-156.067751256416,-155.66764818947,0.400103066945462,0.0485574509364943,0.0546132936531091,0.00605584271661481
RT,VP0283,316.026740151141,319.742271686193,3.71553153505187,709.515863062363,716.946926132467,7.43106307010373,0.0020430255763582,0.0252574616173499,0.0232144360409917
RT,VP0284,292.462784380537,295.618324191752,3.15553981121462,663.589851462802,669.900931085231,6.31107962242925,0.0881966011250105,0.109212310819235,0.0210157096942249
RT,VP0285,-103.32211151207,-102.538471622073,0.783639889997289,-125.602968000968,-124.035688220973,1.56727977999458,0.0251553122591385,0.141130879289251,0.115975567030112
RT,VP0286,-160.332153581643,-158.913172997843,1.41898058380025,-239.892089957501,-237.054128789901,2.8379611676005,0.0511878572777691,0.0866912056706388,0.0355033483928697
RT,VP0287,-6.51398431407256,-4.85509331909049,1.65889099498207,67.0516069850667,70.3693889750309,3.31778198996415,0.254245120860964,0.24297402805824,-0.0112710928027247
RT,VP0288,30.0218749594719,29.7083470220592,-0.313527937412687,140.467274310974,139.840218436149,-0.627055874825373,0.019374994671603,0.116673511708833,0.0972985170372303
RT,VP0289,-122.621389974345,-123.892904938281,-1.27151496393685,-162.852087050088,-165.395116977962,-2.5430299278737,0.122830884542358,0.0448575232217119,-0.0779733613206459
RT,VP0290,197.504328905543,199.289877032598,1.78554812705514,474.920184847289,478.491281101399,3.57109625411027,0.0857139687281314,0.140723615406998,0.0550096466788662
RT,VP0291,216.696059040398,214.943315057063,-1.75274398333414,511.207740908418,507.70225294175,-3.50548796666828,0.297973832525631,0.0511915371379201,-0.246782295387711
RT,VP0292,-188.92717045514,-187.065585762025,1.86158469311465,-295.961856869762,-292.238687483533,3.7231693862293,0.109167240795808,0.157520240862076,0.0483530000662677
RT,VP0293,43.2885015655812,42.0343209801724,-1.25418058540873,167.519839324975,165.011478154157,-2.50836117081747,0.182782681867677,0.0812848202364165,-0.10149786163126
RT,VP0294,-112.753592785699,-119.160605343557,-6.40701255785814,-145.626467281257,-158.440492396973,-12.8140251157163,0.316133417456892,0.443888277117865,0.127754859660973
RT,VP0295,-61.0582544533667,-63.1511604714985,-2.09290601813183,-42.580012392579,-46.7658244288427,-4.18581203626366,0.179391388901054,0.266264857880152,0.0868734689790979
RT,VP0296,-57.6906958819121,-58.3312870222155,-0.640591140303428,-41.1222222868331,-42.40340456744,-1.28118228060686,0.199121994887995,0.135958137365322,-0.0631638575226735
RT,VP0297,59.0141064395607,60.2081574519496,1.19405101238885,199.305177386988,201.693279411766,2.38810202477771,0.332065672467762,0.359701062783241,0.0276353903154796
RT,VP0298,-247.385447042987,-246.399895461678,0.985551581308982,-413.87048575015,-411.899382587532,1.97110316261796,0.124520809593256,0.167720578091453,0.0431997684981969
RT,VP0299,246.442882845534,245.508141682775,-0.934741162758598,570.348148451149,568.478666125631,-1.8694823255172,0.0696265272057813,0.0599478276186172,-0.00967869958716412
RT,VP0300,-123.027169935151,-115.303877990983,7.72329194416784,-166.954255086198,-151.507671197862,15.4465838883357,0.0379125121244469,0.11601833234783,0.0781058202233832
RT,VP0301,56.4995845215248,53.6315572145245,-2.86802730700026,193.184472212447,187.448417598447,-5.73605461400052,0.225003153008847,0.211803398874989,-0.0131997541338577
RT,VP0302,282.420767689758,279.081440333192,-3.33932735656589,644.582627013584,637.903972300452,-6.67865471313178,0.346887841757035,0.32004087940252,-0.0268469623545152
RT,VP0303,-224.349582905313,-225.835962081967,-1.48637917665394,-369.66510595237,-372.637864305678,-2.97275835330788,0.125184052814346,0.0206187811504756,-0.104565271663871
RT,VP0304,54.4191392211551,55.4680008618098,1.04886164065471,189.624806919917,191.722530201226,2.09772328130941,0.150978407483796,0.139588705899122,-0.0113897015846738
RT,VP0305,-62.8965815074351,-63.7049945040113,-0.80841299657618,-43.6937772971392,-45.3106032902915,-1.61682599315236,0.254176031970262,0.0902353755168571,-0.163940656453405
RT,VP0306,-48.2719171917454,-48.8865488450922,-0.614631653346805,-16.0468253772539,-17.2760886839475,-1.22926330669361,0.0410692401827022,0.387863262007097,0.346794021824395
RT,VP0307,-185.920014518873,-190.145715168724,-4.22570064985041,-291.821290056737,-300.272691356438,-8.45140129970082,0.221949671475645,0.00339734302111648,-0.218552328454529
RT,VP0308,179.13113038567,180.18372172204,1.05259133636994,435.762320171478,437.867502844218,2.10518267273994,0.0940388648111781,0.12235367808806,0.0283148132768816
RT,VP0309,-203.913465077264,-204.989978740169,-1.0765136629048,-327.83872554114,-329.991752866949,-2.1530273258096,0.181600054165134,0.0899798388107559,-0.0916202153543785
RT,VP0310,-53.988709503079,-53.161064124727,0.827645378351917,-29.5371198350622,-27.8818290783584,1.65529075670383,0.131168246128051,0.0886398530485978,-0.0425283930794533
RT,VP0311,-331.869184488076,-333.755967823228,-1.88678333515242,-582.203330005633,-585.976896675938,-3.77356667030483,0.181672624433975,0.114199713905218,-0.0674729105287577
RT,VP0312,108.388913691347,103.995739173079,-4.39317451826849,297.692395012198,288.906045975661,-8.78634903653699,0.112528435553639,0.0170032733991942,-0.0955251621544449
RT,VP0313,103.950134631053,103.805905621383,-0.144229009670028,289.011332510071,288.722874490731,-0.288458019340055,0.163239737114724,0.163955947281981,0.000716210167256592
RT,VP0314,-142.247742466139,-138.706174601332,3.54156786480689,-203.259781210047,-196.176645480434,7.08313572961379,0.0267888064308943,0.186834987517966,0.160046181087072
RT,VP0315,-101.926193279671,-100.558880144296,1.36731313537433,-121.638167429417,-118.903541158668,2.73462627074866,0.0272790852216302,0.270201415895499,0.242922330673869
RT,VP0316,53.6791956613077,51.8204032298042,-1.8587924315035,187.588722687436,183.871137824429,-3.717584863007,0.308061813261697,0.371377182753675,0.0633153694919786
RT,VP0317,-342.733747883062,-342.344405202864,0.389342680197217,-604.190531258257,-603.411845897863,0.778685360394434,0.105639273603842,0.0560224962393375,-0.0496167773645048
RT,VP0318,38.5290374734267,38.1044839508879,-0.424553522538758,158.95055898737,158.101451942293,-0.849107045077517,0.224594947283157,0.202887616721779,-0.0217073305613774
RT,VP0319,-169.591710755104,-171.068656984362,-1.47694622925735,-257.702254684042,-260.656147142557,-2.9538924585147,0.135056728525178,0.285916031448289,0.150859302923111
RT,VP0320,-164.484943827704,-165.545519773879,-1.06057594617494,-247.706660985333,-249.827812877682,-2.12115189234987,0.179024403333627,0.050403562675262,-0.128620840658365
RT,VP0321,-189.613300612999,-187.684697069945,1.92860354305327,-297.478460095868,-293.621253009761,3.85720708610654,0.321593636179131,0.189281899911456,-0.132311736267675
RT,VP0322,-108.809818216045,-112.010909728852,-3.20109151280707,-135.571642655862,-141.973825681476,-6.40218302561414,0.0634658987966268,0.039998477508629,-0.0234674212879978
RT,VP0323,-101.045612647926,-102.219094401823,-1.17348175389719,-121.667700903822,-124.014664411616,-2.34696350779438,0.374275627791834,0.397926856956929,0.023651229165095
RT,VP0324,-125.226756608573,-127.17437425405,-1.9476176454769,-168.392650806978,-172.287886097931,-3.89523529095379,0.172712426424073,0.256876850206978,0.0841644237829051
RT,VP0325,-427.388267622267,-424.993612770655,2.3946548516123,-773.847825008799,-769.058515305574,4.7893097032246,0.0827876162223898,0.116093868225718,0.0333062520033283
RT,VP0326,-159.259336338975,-167.668356383641,-8.40902004466602,-236.509367812184,-253.327407901516,-16.818040089332,0.114511674804157,0.168249879644902,0.0537382048407456
RT,VP0327,42.2229068303972,42.6440771308948,0.421170300497636,165.37452389653,166.216864497526,0.842340600995271,0.184274195640859,0.130732799549201,-0.0535413960916578
RT,VP0328,-11.8883733458742,-4.88960213711277,6.99877120876141,51.429659890748,65.4272023082708,13.9975424175228,0.0113547093433702,0.00780096006592234,-0.00355374927744787
RT,VP0329,187.77120062228,192.509844521459,4.73864389917898,455.951174559135,465.428462357493,9.47728779835791,0.00235431746030057,0.266351375311969,0.263997057851668
RT,VP0330,-27.7221164726907,-27.7281160467213,-0.00599957403056806,26.0099068423335,25.9979076942723,-0.0119991480611361,0.052574726070866,0.073606797749979,0.021032071679113
RT,VP0331,-80.8743383235613,-83.722830001181,-2.84849167761968,-80.1466358274962,-85.8436191827355,-5.69698335523935,0.162525464932343,0.0210896106467416,-0.141435854285601
RT,VP0332,-19.6258223582336,-21.4557006661603,-1.82987830792678,41.8872285091815,38.227471893328,-3.65975661585355,0.254181015397306,0.346483662085788,0.0923026466884815
RT,VP0333,59.6727752105705,61.923116594756,2.2503413841855,200.103439267015,204.604122035386,4.50068276837101,0.0812450165237776,0.109848152933683,0.0286031364099056
RT,VP0334,84.969381624792,87.9256208346214,2.95623920982939,249.153524674331,255.066003093989,5.91247841965878,0.116444047388605,0.149273368780738,0.032829321392133
RT,VP0335,39.0169705566569,40.8824269329284,1.86545637627154,159.117129784284,162.848042536827,3.73091275254308,0.00748233674920661,0.210965078100805,0.203482741351599
RT,VP0336,-114.173897302081,-116.340325323354,-2.16642802127262,-147.125876064378,-151.458732106924,-4.33285604254525,0.218402337330096,0.122459507427399,-0.0959428299026977
RT,VP0337,-304.400192228587,-307.083966058168,-2.68377382958101,-526.611589065572,-531.979136724734,-5.36754765916203,0.201058991713819,0.0963876067539572,-0.104671384959862
RT,VP0338,67.1646276361246,80.9921321492007,13.8275045130761,215.300293594201,242.955302620353,27.6550090261521,0.00164462525732482,0.18893876554094,0.187294140283615
RT,VP0339,-49.2014478510901,-59.4661792832814,-10.2647314321913,-16.6679631589647,-37.1974260233473,-20.5294628643826,0.0456841517166112,0.0301541263738337,-0.0155300253427775
RT,VP0340,-37.6398867476466,-40.3801721049967,-2.74028535735016,6.48156169883758,1.00099098413726,-5.48057071470032,0.170976744971879,0.176150031383617,0.00517328641173886
RT,VP0341,-97.005221613225,-95.7849544340177,1.22026717920733,-113.396786886166,-110.956252527751,2.44053435841465,0.186920987301121,0.245553289433737,0.0586323021326164
RT,VP0342,-69.1335039377083,-79.8276834876378,-10.6941795499295,-57.2678335499537,-78.6561926498127,-21.388359099859,0.0573743517217393,0.0317382567541883,-0.025636094967551
RT,VP0343,28.5051126111828,28.066145266114,-0.438967345068761,137.938935458102,137.061000767964,-0.877934690137522,0.161136727391173,0.216966830761099,0.0558301033699266
RT,VP0344,-353.575632025222,-352.552429810919,1.02320221430301,-625.180773234691,-623.134368806085,2.04640442860602,0.366015738714786,0.232765223271937,-0.133250515442849
RT,VP0345,-185.270820350805,-190.845117847279,-5.57429749647434,-289.128155949958,-300.276750942906,-11.1485949929487,0.143057237060858,0.261309825573538,0.118252588512681
RT,VP0346,-345.188627203944,-346.35869695396,-1.1700697500155,-608.537058031799,-610.87719753183,-2.340139500031,0.173940133670255,0.193899549355388,0.0199594156851329
RT,VP0347,268.312939904251,263.774802553001,-4.53813735124942,613.567699021021,604.491424318522,-9.07627470249884,0.146795001062378,0.00373067641004122,-0.143064324652336
RT,VP0348,-47.9188275439,-45.4926044919522,2.42622305194772,-13.9843654207224,-9.13191931682692,4.85244610389543,0.0502779626895375,0.0808689177452831,0.0305909550557456
RT,VP0349,19.0225461017072,15.800928284492,-3.22161781721513,113.274247607889,106.831011973459,-6.44323563443027,0.118203461833,0.0109651044756995,-0.1072383573573
RT,VP0350,86.5304368238664,84.9253647389708,-1.60507208489565,252.864222230782,249.654078060991,-3.21014416979131,0.173606797749979,0.339367940989627,0.165761143239648
RT,VP0351,65.9996674374084,70.0502017223516,4.05053428494318,212.785863352423,220.88693192231,8.10106856988637,0.505350222382474,0.041114703140104,-0.46423551924237
RT,VP0352,265.595091337831,265.327473775659,-0.267617562171722,608.346816412132,607.811581287788,-0.535235124343444,0.0261193768731704,0.0565893786618935,0.0304700017887232
RT,VP0353,-216.350112090883,-218.44574111988,-2.09562902899711,-350.422680366632,-354.613938424626,-4.19125805799422,0.161803398874989,0.0649073773459313,-0.0968960215290582
RT,VP0354,104.736342484908,105.506525186179,0.770182701271153,289.969693976053,291.510059378595,1.54036540254231,0.0279152503107675,0.0965165579353638,0.0686013076245963
RT,VP0355,-143.863270723522,-145.485945479168,-1.6226747556467,-205.3108485394,-208.556198050693,-3.2453495112934,0.33102043698473,0.336881480022924,0.00586104303819324
RT,VP0356,-214.023184857284,-214.665658694016,-0.642473836731369,-347.564021675336,-348.848969348799,-1.28494767346274,0.147271382182046,0.0582294804992761,-0.0890419016827702
RT,VP0357,-112.328440770903,-110.988006476559,1.34043429434354,-145.104522500557,-142.42365391187,2.68086858868708,0.0362748360837065,0.266741008486784,0.230466172403078
RT,VP0358,-19.3930828179627,-18.5167488069135,0.876334011049266,41.0171829471236,42.7698509692221,1.75266802209853,0.136420194139506,0.163213566577275,0.0267933724377688
RT,VP0359,106.384336812037,106.705920848554,0.321584036517265,292.064681127627,292.707849200661,0.643168073034531,0.141065433757668,0.128420357247325,-0.0126450765103429
RT,VP0360,-173.997843513282,-176.528324574383,-2.53048106110094,-265.896301308832,-270.957263431034,-5.06096212220189,0.075791859594115,0.194744284263936,0.118952424669821
RT,VP0361,-16.9011986568415,-19.1795451160177,-2.27834645917619,48.1810454731072,43.6243525547548,-4.55669291835238,0.149233020689303,0.0511204524988467,-0.0981125681904566
RT,VP0362,-370.893538995587,-370.11476264037,0.778776355216792,-659.321540775106,-657.763988064673,1.55755271043358,0.300816957534422,0.315776293934438,0.0149593364000155
RT,VP0363,-126.818348517496,-127.119924389438,-0.301575871942589,-172.850168557385,-173.45332030127,-0.603151743885178,0.0831911879355676,0.0872411602504345,0.00404997231486687
RT,VP0364,52.0714613145747,51.3161957464529,-0.755265568121786,185.704807248448,184.194276112204,-1.51053113624357,0.0897780198238041,0.0776080987140533,-0.0121699211097507
RT,VP0365,-54.6281008258937,-55.6556477498307,-1.02754692393705,-27.5080605216576,-29.5631543695317,-2.0550938478741,0.0743672875892252,0.321530786293384,0.247163498704159
RT,VP0366,-247.712014897534,-247.572074893495,0.139940004039659,-413.299030406994,-413.019150398915,0.279880008079317,0.0436326623585965,0.0725957638483398,0.0289631014897433
RT,VP0367,17.7329277832396,17.0657110991259,-0.667216684113725,117.641918861396,116.307485493168,-1.33443336822745,0.157031008028309,0.194357216444244,0.0373262084159345
RT,VP0368,-35.5443130386967,-33.0650737281879,2.47923931050877,10.4598432246887,15.4183218457063,4.95847862101755,0.213592294455375,0.187389899336029,-0.026202395119346
RT,VP0369,-14.2069085501838,-17.1019373031685,-2.89502875298473,53.4394725667101,47.6494150607406,-5.79005750596946,0.166048410237347,0.0601705319438691,-0.105877878293478
RT,VP0370,-387.510354115713,-386.835180664233,0.675173451479679,-693.141274763157,-691.790927860198,1.35034690295925,0.346988938428632,0.385275266238146,0.0382863278095145
RT,VP0371,-137.835327675156,-137.766859603413,0.0684680717429273,-193.975436025914,-193.838499882428,0.136936143485855,0.198260144788451,0.188196601125011,-0.0100635436634404
RT,VP0372,347.900115873151,352.2536574232,4.35354155004842,775.925233281269,784.632316381365,8.70708310009672,0.00479678031716185,0.0892913058752289,0.084494525558067
RT,VP0373,-460.305301304979,-458.489453608341,1.81584769663834,-837.874562136757,-834.24286674348,3.63169539327669,0.349189136406981,0.259981180094899,-0.0892079563120818
RT,VP0374,-406.735905659226,-408.411405970413,-1.67550031118668,-731.143847261073,-734.494847883447,-3.35100062237336,0.260614483017396,0.290779530658491,0.0301650476410953
RT,VP0375,245.880491968789,245.815880184378,-0.0646117844110563,571.961315286774,571.832091717952,-0.129223568822113,0.0454190528264794,0.045148737922276,-0.000270314904203386
RT,VP0376,179.848618430982,179.831839060464,-0.016779370518492,438.714733570593,438.681174829556,-0.033558741036984,0.353969634060997,0.293292123905927,-0.0606775101550697
RT,VP0377,-229.451273881735,-229.594779631849,-0.143505750113945,-377.421380937302,-377.70839243753,-0.287011500227891,0.175160334919829,0.06768933833278,-0.107470996587049
RT,VP0378,-212.991759343089,-212.484017837333,0.50774150575586,-343.84573293568,-342.830249924168,1.01548301151172,0.18255521625531,0.182284868708336,-0.000270347546973915
RT,VP0379,230.620465802501,239.288652616458,8.66818681395648,539.611463137713,556.947836765626,17.336373627913,0.319411197384911,0.289922971589338,-0.0294882257955728
RT,VP0380,185.338169621352,184.814755813786,-0.523413807566072,451.275476524956,450.228648909824,-1.04682761513214,0.0493553747426752,0.0589629403365173,0.00960756559384215
RT,VP0381,192.479810131761,190.477537863692,-2.00227226806916,464.917212615411,460.912668079273,-4.00454453613833,0.0356169668528694,0.0493589799385088,0.0137420130856395
RT,VP0382,57.9837937374394,64.2198085617877,6.23601482434827,196.317174479581,208.789204128277,12.4720296486965,0.00268765083368302,0.176911363326942,0.174223712493259
RT,VP0383,-154.008946748855,-154.97650659788,-0.967559849025349,-226.429223153004,-228.364342851054,-1.9351196980507,0.281740743812947,0.231349297420482,-0.050391446392465
RT,VP0384,-58.0718203622139,-57.4983408790096,0.573479483204267,-35.8684494942802,-34.7214905278716,1.14695896640853,0.144694246595553,0.109978483436255,-0.034715763159298
RT,VP0385,-302.934788801599,-299.716940680497,3.21784812110207,-524.267536783571,-517.831840541367,6.43569624220413,0.235767804362073,0.198792686272924,-0.0369751180891492
RT,VP0386,43.3792297383209,46.297166714238,2.91793697591709,167.240807515875,173.076681467709,5.83587395183417,0.0646775487756939,0.0243707297724792,-0.0403068190032147
RT,VP0387,104.971127502727,105.501333480329,0.530205977602463,291.314946516688,292.375358471892,1.06041195520493,0.164433180985574,0.0825589999756162,-0.0818741810099578
RT,VP0388,92.4253783314583,86.771704883985,-5.65367344747324,265.906005856772,254.598658961826,-11.3073468949465,0.216618926469067,0.224545098656964,0.00792617218789721
RT,VP0389,-251.133259602024,-251.09470927827,0.0385503237534977,-419.337509748504,-419.260409100997,0.0771006475069953,0.189918853808291,0.0493553747426752,-0.140563479065616
RT,VP0390,-94.2335073905776,-92.6663270102118,1.56718038036581,-107.439770267454,-104.305409506723,3.13436076073162,0.0322368322174208,0.217593323633722,0.185356491416301
RT,VP0391,-88.4887102485371,-87.1191542333624,1.36955601517474,-95.7831199211501,-93.0440078908006,2.73911203034947,0.0143202110382036,0.309903984452595,0.295583773414392
RT,VP0392,-78.2341938646068,-79.0842266271644,-0.850032762557532,-76.1485037099742,-77.8485692350893,-1.70006552511506,0.169879429681785,0.149708089843189,-0.0201713398385962
RT,VP0393,-143.983876432806,-147.02019607792,-3.03631964511447,-206.405868246313,-212.478507536542,-6.07263929022895,0.21763766827826,0.131570233818467,-0.0860674344597936
RT,VP0394,-97.4282665143854,-94.6817094745836,2.74655703980187,-114.656201679576,-109.163087599972,5.49311407960374,0.0151105717778158,0.0217122944713449,0.00660172269352915
RT,VP0395,-602.590816164689,-602.013398926984,0.577417237705504,-1123.19818954259,-1122.04335506718,1.15483447541101,0.243483869195312,0.170855492265673,-0.0726283769296389
RT,VP0396,-38.7683938747425,-39.2371079662472,-0.468714091504694,2.29756860275513,1.36014041974575,-0.937428183009388,0.238998188677954,0.256477405299203,0.017479216621249
RT,VP0397,317.984452563884,325.01947195298,7.03501938909528,712.179533728345,726.249572506536,14.0700387781906,0.00164462525732482,0.0844014257444342,0.0827568004871094
RT,VP0398,-546.153868928724,-547.342167015105,-1.18829808638122,-1010.22117950598,-1012.59777567875,-2.37659617276245,0.236410384965642,0.243743595534327,0.00733321056868486
RT,VP0399,-261.779650151377,-258.719910910027,3.0597392413506,-441.28175648762,-435.162278004918,6.1194784827012,0.186906074923641,0.21147006238554,0.0245639874618984
RT,VP0400,-384.123043205446,-382.304411271149,1.81863193429706,-686.327543728213,-682.690279859619,3.63726386859412,0.00339734302111648,0.523487108679215,0.520089765658099
RT,VP0401,258.596067789552,257.727689606034,-0.868378183518189,590.792912095064,589.056155728027,-1.73675636703638,0.178864983925151,0.0317401765881085,-0.147124807337042
RT,VP0402,43.7838022080094,47.0820299425553,3.29822773454595,168.89936353964,175.495819008732,6.59645546909189,0.00541832724372424,0.0360799448106944,0.0306616175669702
RT,VP0403,-0.587746229916775,-8.66079231025611,-8.07304608033934,80.5990223072859,64.4529301466073,-16.1460921606787,0.0932152105118967,0.0913999290543887,-0.00181528145750801
RT,VP0404,-162.833919631991,-163.632176232426,-0.798256600435082,-244.895622058198,-246.492135259068,-1.59651320087016,0.19586291529987,0.220451695520872,0.0245887802210022
RT,VP0405,-145.06681589706,-145.961641607108,-0.894825710047144,-208.491568702821,-210.281220122915,-1.78965142009429,0.124403567614775,0.102762071750924,-0.0216414958638508
RT,VP0406,-60.4548234023576,-60.2482973006172,0.206526101740394,-41.5651543867181,-41.1521021832373,0.413052203480788,0.0357510159755362,0.0415601950681626,0.00580917909262636
RT,VP0407,-253.137283281172,-252.059043443551,1.0782398376208,-424.739527591826,-422.583047916584,2.1564796752416,0.0410482932841691,0.0553477405839639,0.0142994472997948
RT,VP0408,-296.809675941608,-299.447444750356,-2.63776880874741,-511.610047017451,-516.885584634945,-5.27553761749488,0.188529937262692,0.236488899657069,0.0479589623943773
RT,VP0409,-164.511179039939,-164.288030808565,0.223148231374068,-247.995113566177,-247.548817103429,0.446296462748137,0.246926040354996,0.213713452406332,-0.0332125879486645
RT,VP0410,-275.612944518371,-267.838062902135,7.77488161623518,-468.923108619245,-453.373345386774,15.5497632324704,0.373111276941798,0.30737673969276,-0.0657345372490386
RT,VP0411,-116.807680860257,-113.714375665797,3.09330519446013,-152.72912940524,-146.54251901632,6.18661038892026,0.0540780757666647,0.0945619072449164,0.0404838314782518
RT,VP0412,-111.757354366119,-110.409373184188,1.34798118193106,-141.149068034803,-138.453105670941,2.69596236386212,0.0808236609275107,0.169130200709079,0.0883065397815684
RT,VP0413,-366.073265034816,-364.541717413543,1.53154762127343,-650.464577744927,-647.40148250238,3.06309524254686,0.569281206184964,0.305817530365695,-0.26346367581927
RT,VP0414,-284.817585818812,-284.792925339975,0.0246604788368927,-488.41325309784,-488.363932140166,0.0493209576737854,0.198542512444096,0.1941075423209,-0.00443497012319641
RT,VP0415,-85.5341201394353,-83.4792482907409,2.0548718486944,-89.0073778687024,-84.8976341713136,4.10974369738881,0.010800043662078,0.0189435717765674,0.00814352811448944
RT,VP0416,-60.5395522864097,-57.4716061032453,3.06794618316439,-38.9030412779031,-32.7671489115743,6.13589236632879,0.296956500325536,0.219762918340636,-0.0771935819848999
RT,VP0417,204.718990160016,205.736052969419,1.01706280940365,488.405649967451,490.439775586258,2.03412561880725,0.21942570537284,0.106365483589149,-0.113060221783691
RT,VP0418,-318.369949130818,-305.029837782733,13.3401113480849,-553.943220974217,-527.262998278048,26.6802226961697,0.00164462525732482,0.00164462525732482,0
RT,VP0419,-467.682200596607,-461.759308277089,5.92289231951821,-853.576721312323,-841.730936673286,11.8457846390363,0.00498498279212557,0.275473618982332,0.270488636190206
RT,VP0420,-38.9667796608951,-38.2392028678342,0.727576793060905,2.44565732759476,3.90081091371657,1.45515358612181,0.179294435672207,0.19903716771843,0.0197427320462234
RT,VP0421,36.0251335289034,40.1855352710577,4.16040174215431,152.793810414823,161.114613899132,8.32080348430861,0.464924386421311,0.166023809831071,-0.29890057659024
RT,VP0422,10.9409202354235,11.8771796911422,0.936259455718698,102.186845380927,104.059364292364,1.8725189114374,0.194719644015834,0.188624347639256,-0.00609529637657863
RT,VP0423,-123.422452645895,-123.199153575238,0.223299070657106,-167.613850585517,-167.167252444203,0.446598141314212,0.120942670268202,0.0502795411099953,-0.0706631291582063
RT,VP0424,131.413124025071,130.947033577228,-0.466090447843015,342.008356393517,341.076175497831,-0.932180895686031,0.126652896062045,0.169941013056786,0.0432881169947402
RT,VP0425,79.9492885683229,81.3342062772062,1.38491770888339,238.949177314543,241.71901273231,2.76983541776679,0.268874944903475,0.243330832790745,-0.0255441121127304
RT,VP0426,-43.6744067428517,-43.0069084730658,0.667498269785881,-5.57429871858382,-4.23930217901206,1.33499653957176,0.279319280835518,0.177390036475066,-0.101929244360452
RT,VP0427,-520.538128298747,-523.115945114527,-2.57781681578012,-958.786087846949,-963.941721478509,-5.15563363156025,0.148622807277109,0.0555249827645873,-0.0930978245125218
RT,VP0428,104.84427450075,100.083532465381,-4.76074203536905,291.061240512734,281.539756441996,-9.5214840707381,0.138599390006611,0.225478488426605,0.0868790984199941
RT,VP0429,-203.573816299811,-204.277371698325,-0.703555398513856,-325.49225835887,-326.899369155898,-1.40711079702771,0.0993819835936679,0.282262229066622,0.182880245472954
RT,VP0430,236.492689599801,232.39294939641,-4.09974020339095,551.700762049521,543.50128164274,-8.19948040678196,0.074944603962409,0.00845733694180883,-0.0664872670206001
RT,VP0431,-225.118808005444,-226.035274283195,-0.916466277751283,-368.729482881238,-370.562415436741,-1.83293255550257,0.0830297662591293,0.110787286078383,0.0277575198192536
RT,VP0432,-135.103592225298,-139.069696901681,-3.96610467638226,-188.712526897882,-196.644736250647,-7.93220935276452,0.289539391559838,0.35951644340148,0.0699770518416427
RT,VP0433,-396.600241582082,-396.510089007637,0.0901525744446872,-710.623547520453,-710.443242371564,0.180305148889374,0.254799961990697,0.270681843643099,0.0158818816524021
RT,VP0434,40.5689387702853,41.5599659612141,0.991027190928833,161.59084980014,163.572904181998,1.98205438185767,0.235259748262336,0.0188552360855259,-0.216404512176811
RT,VP0435,-214.410103379343,-211.464298596555,2.9458047827876,-347.164832517934,-341.273222952359,5.89160956557521,0.00693635923209399,0.270751464136777,0.263815104904683
RT,VP0436,31.1363326655095,32.8182278565183,1.68189519100872,143.590749239485,146.954539621503,3.36379038201744,0.397798210989011,0.173606797749979,-0.224191413239032
RT,VP0437,-29.9508435180094,-34.39733873441,-4.44649521640059,21.3752774718477,12.4822870390465,-8.89299043280118,0.137545549494487,0.390908878171032,0.253363328676545
RT,VP0438,-300.136597754922,-298.451959424165,1.6846383307564,-519.065078006658,-515.695801345146,3.3692766615128,0.180238444534864,0.218908422946489,0.0386699784116251
RT,VP0439,-120.453199532185,-122.114918543531,-1.66171901134641,-159.331114108671,-162.654552131363,-3.32343802269281,0.14046827963456,0.250674255772758,0.110205976138198
RT,VP0440,167.882484981292,169.854778774609,1.97229379331733,413.6171781844,417.561765771034,3.94458758663467,0.00540412943310498,0.293542542479026,0.288138413045921
RT,VP0441,-83.1679054196991,-85.3605552825717,-2.19264986287266,-84.4825211723206,-88.8678208980659,-4.38529972574531,0.00844262228629149,0.0632315497580492,0.0547889274717577
RT,VP0442,-125.563475211484,-124.078323429075,1.48515178240876,-171.154042178762,-168.183738613945,2.97030356481753,0.0265875979975422,0.0417884916921933,0.0152008936946511
RT,VP0443,-404.168690851733,-404.789357862379,-0.62066701064623,-725.480372463924,-726.721706485216,-1.24133402129246,0.218777352757013,0.217928577297583,-0.000848775459430545
RT,VP0444,5.74831698040066,5.32056684125104,-0.427750139149623,93.0986747804277,92.2431745021285,-0.855500278299246,0.180739080896502,0.16896457080684,-0.0117745100896626
RT,VP0445,-296.93650094077,-297.233844919767,-0.297343978996651,-512.124860751411,-512.719548709404,-0.594687957993301,0.0421354848055553,0.11683308514786,0.0746976003423049
RT,VP0446,-339.539255986762,-337.574167351057,1.96508863570529,-597.030518197297,-593.100340925886,3.93017727141068,0.10651733544572,0.122834323669563,0.0163169882238438
RT,VP0447,-62.6050109196128,-65.1872536161403,-2.58224269652749,-43.3698254631361,-48.5343108561911,-5.16448539305497,0.183479574906141,0.231538164000799,0.0480585890946578
RT,VP0448,-245.357426719125,-241.080418855239,4.27700786388641,-408.3366801026,-399.782664374827,8.55401572777282,0.004744158990153,0.0803131526071691,0.0755689936170161
RT,VP0449,-90.946573649243,-90.2809114968944,0.665662152348546,-101.722891153003,-100.391566848306,1.33132430469709,0.363007140380794,0.218507485353183,-0.144499655027612
RT,VP0450,-121.458514495085,-121.339661017538,0.118853477546907,-162.567441985468,-162.329735030375,0.237706955093813,0.0279998288709113,0.23283186073922,0.204832031868309
RT,VP0451,-354.339989078295,-355.267607857763,-0.927618779468048,-625.549283281251,-627.404520840187,-1.8552375589361,0.22979773207262,0.0326548999320702,-0.197142832140549
RT,VP0452,27.066855470574,28.2300661991847,1.16321072861069,135.244774189112,137.571195646334,2.32642145722139,0.110973602392525,0.154006504124784,0.0430329017322595
RT,VP0453,-354.203817752813,-357.013411174185,-2.8095934213722,-626.130091690491,-631.749278533235,-5.6191868427444,0.231368379742387,0.262854751329797,0.0314863715874101
RT,VP0454,138.962888290087,138.328972829397,-0.633915460689764,358.378748839743,357.110917918363,-1.26783092137953,0.0637095630974401,0.0710656080684269,0.0073560449709868
RT,VP0455,209.18772551189,206.283297558534,-2.9044279533552,498.209807376019,492.400951469309,-5.80885590671039,0.138863271915224,0.171753642888088,0.0328903709728639
RT,VP0456,-110.789791050606,-109.451168950704,1.33862209990252,-140.057988510253,-137.380744310448,2.67724419980505,0.189657834828293,0.162295568883996,-0.0273622659442974
RT,VP0457,-72.7608949679856,-68.7200993605639,4.04079560742173,-63.3457266410549,-55.2641354262114,8.08159121484346,0.0213004954927743,0.137275204247723,0.115974708754949
RT,VP0458,-295.605920139478,-297.84345836712,-2.23753822764195,-508.487964023725,-512.963040479009,-4.4750764552839,0.136714810523595,0.105811751011133,-0.0309030595124623
RT,VP0459,-106.048944632299,-106.896956379639,-0.848011747340252,-131.098714939135,-132.794738433815,-1.6960234946805,0.201014649751743,0.0848999378125554,-0.116114711939187
RT,VP0460,-285.871235807392,-288.80982949883,-2.93859369143797,-489.668754356038,-495.545941738914,-5.87718738287595,0.0789284722042167,0.387084547832011,0.308156075627795
RT,VP0461,-254.365623930105,-253.660432759633,0.705191170471664,-426.365607162774,-424.955224821831,1.41038234094333,0.196862494181745,0.207933149857075,0.0110706556753302
RT,VP0462,-115.132366623942,-113.824911324265,1.30745529967731,-148.203870837717,-145.588960238362,2.61491059935463,0.254689369189338,0.148793052515578,-0.10589631667376
RT,VP0463,-205.665990277453,-204.14988626972,1.51610400773365,-330.179226471724,-327.147018456257,3.03220801546729,0.122474157908982,0.29455574878376,0.172081590874778
RT,VP0464,-125.315688741364,-129.200516533206,-3.88482779184289,-169.646262912827,-177.415918496513,-7.76965558368579,0.15651862707518,0.186601623437429,0.030082996362248
RT,VP0465,36.3269743248345,37.1574830054805,0.830508680646005,153.325506187934,154.986523549226,1.66101736129201,0.1349979580264,0.200476644865566,0.0654786868391663
RT,VP0466,-0.431964428460049,7.48704887779684,7.91901330625689,79.3213743124776,95.1594009249914,15.8380266125138,0.036323362695914,0.128267537554147,0.0919441748582333
RT,VP0467,-75.02629242334,-76.6340414581712,-1.60774903483116,-68.693521957013,-71.9090200266753,-3.21549806966232,0.116277747938961,0.0953413049699876,-0.0209364429689738
RT,VP0468,170.783797793887,170.476878916362,-0.306918877525248,420.928206208329,420.314368453278,-0.613837755050497,0.303693952146219,0.337833337509059,0.03413938536284
RT,VP0469,-219.624408996043,-218.962061565212,0.662347430830778,-357.085500317062,-355.7608054554,1.32469486166156,0.213435140963595,0.231813540626692,0.0183783996630965
RT,VP0470,-152.668966750189,-158.705912724926,-6.03694597473611,-223.829800370729,-235.903692320202,-12.0738919494722,0.172864279959815,0.00541832724372424,-0.16744595271609
RT,VP0471,-368.400061974593,-364.021594550337,4.37846742425592,-655.091652276669,-646.334717428157,8.75693484851183,0.219224608624754,0.183120473684157,-0.0361041349405978
RT,VP0472,-265.930721956858,-266.91086708337,-0.9801451265119,-449.647224783792,-451.607515036815,-1.9602902530238,0.163201246385727,0.0227840767205124,-0.140417169665215
RT,VP0473,-78.494750611363,-79.056522426696,-0.561771815332975,-76.1316712875746,-77.2552149182405,-1.12354363066595,0.206655884491129,0.130539087994339,-0.0761167964967902
RT,VP0474,-89.3806178894313,-90.6564360350184,-1.2758181455871,-97.1591949592363,-99.7108312504105,-2.55163629117419,0.0311548353065328,0.161158570597147,0.130003735290614
RT,VP0475,-125.930355428643,-123.79154992257,2.13880550607303,-171.203602447798,-166.925991435652,4.27761101214605,0.0769206920895706,0.224002450791607,0.147081758702036
RT,VP0476,-274.145675407534,-275.844238515153,-1.69856310761884,-466.477383957618,-469.874510172856,-3.39712621523768,0.215531243099002,0.244733118922061,0.029201875823059
RT,VP0477,-281.248001008999,-276.2013272814,5.04667372759928,-482.97538902701,-472.882041571811,10.0933474551986,0.0181618779907915,0.0404453455893684,0.0222834675985769
RT,VP0478,-210.521822728362,-209.310869989704,1.21095273865848,-339.151161416208,-336.729255938891,2.42190547731695,0.174633495327052,0.152227179494763,-0.0224063158322882
RT,VP0479,52.785207025413,54.648725051684,1.86351802627098,185.725604280959,189.452640333501,3.72703605254196,0.0291254293680308,0.0428554192927431,0.0137299899247124
RT,VP0480,-131.318287532512,-135.194147691423,-3.87586015891117,-181.950585775169,-189.702306092991,-7.75172031782233,0.00164462525732482,0.00164462525732482,0
RT,VP0481,-111.259593207497,-112.890368746774,-1.6307755392769,-140.665896747916,-143.92744782647,-3.26155107855379,0.295877558631306,0.243049020898846,-0.0528285377324602
RT,VP0482,-531.732383926153,-527.561537898794,4.17084602735952,-981.199862268987,-972.858170214268,8.34169205471903,0.437301523999329,0.246702692677782,-0.190598831321547
RT,VP0483,185.095166121512,183.5298908912,-1.56527523031156,449.191242908929,446.060692448306,-3.13055046062311,0.220905267966425,0.195442800361664,-0.0254624676047618
RT,VP0484,43.0505699649892,44.2884027634084,1.23783279841922,166.714796270263,169.190461867101,2.47566559683844,0.172829148075993,0.117412851487335,-0.0554162965886579
RT,VP0485,-13.1052413280685,-18.4903818072502,-5.3851404791817,54.9005805918273,44.1302996334638,-10.7702809583634,0.158776161071059,0.0201348355509478,-0.138641325520111
RT,VP0486,-242.367340992454,-241.10325862961,1.26408236284374,-402.84219794439,-400.314033218703,2.52816472568747,0.241048436769148,0.319644486067271,0.0785960492981226
RT,VP0487,-76.3260956288024,-76.1828411639027,0.143254464899769,-70.785822570159,-70.4993136403594,0.286508929799538,0.258295104356203,0.216732721362,-0.0415623829942029
RT,VP0488,-4.56296802839404,-5.26423206577005,-0.701264037376006,70.6618785435092,69.2593504687572,-1.40252807475201,0.116055518131576,0.121326863938343,0.00527134580676747
RT,VP0489,124.986753648471,124.847455400442,-0.139298248029093,330.08338595656,329.804789460501,-0.278596496058185,0.197880320831971,0.170047369930819,-0.027832950901152
RT,VP0490,132.874472804826,129.147137723888,-3.72733508093845,343.836278158273,336.381607996396,-7.45467016187695,0.190918830686454,0.0170970953844844,-0.17382173530197
RT,VP0491,-406.318398791559,-404.346888420924,1.97151037063514,-730.435283589372,-726.492262848102,3.9430207412704,0.0154439053412812,0.285681154963394,0.270237249622113
RT,VP0492,6.72492914115571,6.8066798853385,0.0817507441827843,95.2638251397612,95.4273266281268,0.163501488365569,0.223295174836765,0.117328513285746,-0.105966661551019
RT,VP0493,-269.442583266327,-266.431688599408,3.01089466691894,-457.163457131272,-451.141667797434,6.02178933383789,0.0759015814127456,0.0534761363115556,-0.02242544510119
RT,VP0494,0.629975773650585,-1.16271226377734,-1.79268803742792,80.3270692777034,76.7416932028476,-3.58537607485584,0.0672398298772961,0.0316753420479322,-0.0355644878293639
RT,VP0495,-580.044279051344,-573.091306849647,6.95297220169766,-1077.97635871583,-1064.07041431243,13.9059444033953,0.0891192116043958,0.0585666681920427,-0.0305525434123531
RT,VP0496,-237.933525245494,-238.023218780356,-0.089693534861965,-393.118858118014,-393.298245187738,-0.17938706972393,0.0333008520916038,0.0621853648862396,0.0288845127946358
RT,VP0497,-392.67632510152,-391.480037356766,1.19628774475348,-703.330435169272,-700.937859679765,2.39257548950695,0.517180897150795,0.212978110090205,-0.304202787060589
RT,VP0498,-369.418788494721,-371.642182713201,-2.2233942184796,-656.751018637978,-661.197807074937,-4.4467884369592,0.11764337087954,0.0318459607702964,-0.085797410109244
RT,VP0499,-292.5197036408,-288.924785922009,3.59491771879084,-502.799818163366,-495.609982725785,7.18983543758168,0.406564069794122,0.211803398874989,-0.194760670919133
RT,VP0500,-335.477106639913,-331.025655496987,4.45145114292581,-588.303582419851,-579.400680133999,8.90290228585161,0.379586953686496,0.149323503177747,-0.230263450508749
RT,VP0501,-134.795832104992,-135.388107154993,-0.592275050000978,-189.55768713169,-190.742237231692,-1.18455010000196,0.309052739140503,0.439441219702482,0.130388480561979
RT,VP0502,-76.8848700814304,-68.2997918902494,8.58507819118108,-73.3167679032916,-56.1466115209295,17.1701563823622,0.00541832724372424,0.0208479590641733,0.015429631820449
RT,VP0503,50.5513979057326,52.0037501735563,1.4523522678237,180.828272609237,183.732977144885,2.9047045356474,0.223510993436631,0.148651065243814,-0.0748599281928166
RT,VP0504,106.793943664901,112.997657409526,6.20371374462479,295.336028459932,307.743455949181,12.4074274892496,0.0384186322587036,0.065856672121844,0.0274380398631405
RT,VP0505,-21.0121492262713,-20.4879947764127,0.524154449858543,37.9179584340012,38.9662673337183,1.04830889971709,0.0888842524168133,0.107464190094668,0.0185799376778547
RT,VP0506,44.2348757433282,34.6504962175065,-9.58437952582176,167.894619288863,148.72586023722,-19.1687590516435,0.142370058244553,0.00268765083368302,-0.13968240741087
RT,VP0507,315.648358543409,318.933912601049,3.28555405764075,711.720241478848,718.291349594129,6.5711081152815,0.337529924384267,0.0230843199541204,-0.314445604430146
RT,VP0508,-96.2204274034214,-96.4610905507835,-0.24066314736217,-110.21394397822,-110.695270272945,-0.48132629472434,0.309056872735481,0.186730614856277,-0.122326257879204
RT,VP0509,-140.551129604477,-138.629014856194,1.92211474828281,-201.392417592547,-197.548188095982,3.84422949656562,0.199733199188091,0.0850815419673453,-0.114651657220746
RT,VP0510,-175.475769461815,-175.080501391826,0.395268069989015,-271.351717724266,-270.561181584288,0.79053613997803,0.197238568924575,0.14583523327445,-0.0514033356501252
RT,VP0511,-276.268392989039,-281.971609848956,-5.70321685991678,-470.618243295399,-482.024677015232,-11.4064337198336,0.19258081807251,0.124759365898695,-0.0678214521738154
RT,VP0512,-283.710925868354,-281.963929066974,1.7469968013794,-485.284065986208,-481.790072383449,3.49399360275879,0.319044808793595,0.116906513488104,-0.202138295305492
RT,VP0513,277.962278210422,277.257504980206,-0.70477323021538,632.48602686364,631.07648040321,-1.40954646043076,0.170034022770834,0.133403440028049,-0.0366305827427852
RT,VP0514,-229.104646144562,-220.830060651552,8.27458549300934,-376.342923601677,-359.793752615659,16.5491709860187,0.00302098420706547,0.0872446669020469,0.0842236826949815
RT,VP0515,-3.19152628782962,-2.99509490288534,0.196431384944276,75.0575508316017,75.4504136014903,0.392862769888552,0.0945228194899658,0.167818240721235,0.0732954212312693
RT,VP0516,-301.454167372385,-300.616443525977,0.837723846408096,-520.208823980142,-518.533376287326,1.67544769281619,0.292516620543941,0.30354264451178,0.0110260239678392
RT,VP0517,-452.198504635214,-444.888910710506,7.30959392470839,-822.310450918964,-807.691263069547,14.6191878494169,0.199812221958501,0.175001016140931,-0.0248112058175707
RT,VP0518,300.600441652067,304.836136635954,4.23569498388747,677.577892386357,686.049282354132,8.47138996777494,0.00719008051022802,0.287236858702445,0.280046778192217
RT,VP0519,370.379186306168,371.164181398863,0.784995092694203,820.608202854535,822.178193039924,1.56999018538841,0.0742859032946942,0.149168796843191,0.0748828935484972
RT,VP0520,-417.09835263629,-415.92545403673,1.17289859955974,-752.020641977663,-749.674844778543,2.34579719911949,0.00623355971346531,0.0232762688792714,0.0170427091658061
RT,VP0521,-366.083818152572,-367.042276906311,-0.958458753739194,-649.915382278083,-651.832299785561,-1.91691750747839,0.110495326231828,0.172360586537807,0.0618652603059786
RT,VP0522,-84.0784996546892,-84.9044157315938,-0.825916076904605,-87.2707669941038,-88.922599147913,-1.65183215380921,0.0284238305160277,0.0141355220136445,-0.0142883085023832
RT,VP0523,72.3386767245954,72.0853759864756,-0.253300738119776,225.690571076432,225.183969600192,-0.506601476239553,0.171300813778474,0.144437541266711,-0.0268632725117623
RT,VP0524,90.6206560364242,90.7678019809,0.147145944475824,262.027840550455,262.322132439406,0.294291888951648,0.176490559572714,0.118764219944723,-0.0577263396279908
RT,VP0525,-242.027473446073,-246.68701386901,-4.6595404229376,-402.04564202638,-411.364722872255,-9.31908084587519,0.077889042510169,0.0501505879109057,-0.0277384545992633
RT,VP0526,-146.554306535608,-137.254987909677,9.29931862593111,-210.643075855148,-192.044438603286,18.5986372518622,0.00482235822097507,0.00412221507691837,-0.000700143144056703
RT,VP0527,-201.769497489383,-199.37231575456,2.39718173482316,-322.044337426051,-317.249973956405,4.79436346964633,0.173097391880978,0.125571672709401,-0.0475257191715768
RT,VP0528,132.593010424058,133.405437125061,0.81242670100292,341.206671866093,342.831525268099,1.62485340200584,0.0342974913217934,0.0428027926599742,0.00850530133818076
RT,VP0529,-167.328127416037,-161.572365166639,5.75576224939834,-254.321510129822,-242.809985631025,11.5115244987967,0.0653550651681546,0.106190135624957,0.0408350704568022
RT,VP0530,-132.889528547335,-133.453920163787,-0.564391616452383,-186.828042550549,-187.956825783454,-1.12878323290477,0.426469041031195,0.474204009660654,0.0477349686294589
RT,VP0531,-73.7540953592342,-75.6232415960004,-1.86914623676626,-66.4110566653356,-70.1493491388681,-3.73829247353251,0.18900742498851,0.0117054108859808,-0.177302014102529
RT,VP0532,-80.4679824211878,-80.6456839970876,-0.177701575899846,-78.4455828969361,-78.8009860487358,-0.355403151799692,0.258730814222119,0.207981650339225,-0.0507491638828945
RT,VP0533,-60.1767791237301,-59.2971568237087,0.879622300021367,-39.2703695764896,-37.5111249764469,1.75924460004273,0.263271014851697,0.102180230208957,-0.16109078464274
RT,VP0534,50.0051681677523,50.8949242182357,0.889756050483413,182.148122086004,183.927634186971,1.77951210096683,0.218583199162006,0.227372320049044,0.00878912088703732
RT,VP0535,-273.397674316215,-272.002818693799,1.39485562241629,-464.555759514198,-461.766048269365,2.78971124483257,0.0119147647949594,0.0357446108072825,0.0238298460123232
RT,VP0536,-470.042312945691,-473.152593900189,-3.11028095449882,-857.084045647138,-863.304607556135,-6.22056190899764,0.227649283770031,0.159866478795417,-0.0677828049746141
RT,VP0537,-131.352388137576,-137.42919288375,-6.07680474617365,-181.538157372404,-193.691766864751,-12.1536094923473,0.145821941081312,0.178001809890201,0.0321798688088899
RT,VP0538,-116.069961062361,-116.767872179171,-0.697911116809564,-151.367704918937,-152.763527152556,-1.39582223361913,0.139221478126778,0.105478832608143,-0.0337426455186352
RT,VP0539,-602.761525141695,-610.517479356124,-7.75595421442881,-1122.47499223241,-1137.98690066126,-15.5119084288576,0.10444371496791,0.0408110127048161,-0.0636327022630938
RT,VP0540,14.1838931387674,13.6387887705328,-0.545104368234604,107.066159911282,105.975951174813,-1.09020873646921,0.10350959202947,0.10894597977989,0.00543638775041955
RT,VP0541,155.739499698353,155.883471652043,0.143971953689771,390.903867198913,391.191811106293,0.287943907379542,0.173943165857942,0.170215007612219,-0.00372815824572328
RT,VP0542,-81.0200792533175,-81.6973175575333,-0.677238304215848,-80.4916892045528,-81.8461658129845,-1.3544766084317,0.177340695606948,0.0287453405661575,-0.14859535504079
RT,VP0543,-65.7778760886137,-69.9455542719303,-4.1676781833167,-51.2805609470797,-59.6159173137131,-8.33535636663339,0.222479977403482,0.00484685211447226,-0.217633125289009
RT,VP0544,132.277735256905,134.39588197939,2.11814672248499,346.460990948874,350.697284393844,4.23629344496999,0.00639577648866108,0.0327739584405071,0.026378181951846
RT,VP0545,262.762869177026,249.975630410261,-12.7872387667651,605.046351345041,579.471873811511,-25.5744775335302,0.00693399718480034,0.00268765083368302,-0.00424634635111732
RT,VP0546,-217.287543017643,-216.303417032813,0.984125984830257,-352.462886648426,-350.494634678765,1.96825196966051,0.0829699943307918,0.111803398874989,0.0288334045441977
RT,VP0547,-537.368866981388,-533.03507840615,4.33378857523871,-992.664016704031,-983.996439553553,8.66757715047743,0.295105689077119,0.280387261374231,-0.0147184277028877
RT,VP0548,1.4148560851159,3.00586888054227,1.59101279542637,78.3729041875076,81.5549297783603,3.18202559085273,0.224076606079042,0.124100395441354,-0.0999762106376888
RT,VP0549,77.3111826481594,70.5377946880628,-6.77338796009661,235.844283836102,222.297507915909,-13.5467759201932,0.00164462525732482,0.00164462525732482,0
RT,VP0550,-100.52297029808,-101.037664756705,-0.51469445862449,-123.831382370711,-124.86077128796,-1.02938891724898,0.0640074191752305,0.118063860193425,0.0540564410181948
RT,VP0551,127.976729394798,127.052010374791,-0.924719020006705,337.106212872779,335.256774832765,-1.84943804001341,0.0618520306262721,0.053174204966457,-0.00867782565981511
RT,VP0552,-341.55344713762,-345.130518654073,-3.57707151645275,-600.716201376639,-607.870344409545,-7.15414303290549,0.0791415472802937,0.0199495225116563,-0.0591920247686374
RT,VP0553,-348.511485825325,-349.631343593474,-1.11985776814953,-614.834176259048,-617.073891795347,-2.23971553629906,0.0649633099119314,0.180408744304453,0.115445434392521
RT,VP0554,179.85462491598,180.425079904611,0.570454988631042,435.230281178119,436.371191155381,1.14090997726208,0.346896320781715,0.0908758932311618,-0.256020427550553
RT,VP0555,-161.022607922932,-161.630646048448,-0.608038125515748,-240.270701078744,-241.486777329776,-1.2160762510315,0.0127460439772388,0.0286018573213514,0.0158558133441126
RT,VP0556,11.1981865995862,15.6181211715469,4.41993457196071,102.13746483324,110.977333977161,8.83986914392142,0.00164462525732482,0.157552446469131,0.155907821211807
RT,VP0557,-314.016682003581,-318.954383097538,-4.93770109395717,-546.742677370871,-556.618079558785,-9.87540218791435,0.472512183730825,0.0102838650497922,-0.462228318681032
RT,VP0558,-268.244470826513,-261.956773965953,6.28769686056023,-454.66185286972,-442.0864591486,12.5753937211205,0.126462129348403,0.0792532095844305,-0.0472089197639727
RT,VP0559,-566.410890456947,-568.715512014252,-2.30462155730561,-1051.02095034675,-1055.63019346137,-4.60924311461122,0.21147006238554,0.0599996513970244,-0.151470410988515
RT,VP0560,-49.0724753147549,-50.5414209300139,-1.46894561525897,-17.6040658888357,-20.5419571193536,-2.93789123051795,0.0887555567584736,0.0791004740316225,-0.00965508272685107
RT,VP0561,-430.622895018357,-432.00123438247,-1.37833936411289,-779.431823179264,-782.188501907489,-2.75667872822578,0.233015479260655,0.239284997040213,0.00626951777955864
RT,VP0562,-237.906259359957,-241.028327001903,-3.12206764194627,-393.777407392589,-400.021542676482,-6.24413528389255,0.157467932190234,0.0234491212791499,-0.134018810911084
RT,VP0563,-36.8721827779131,-38.2916344659578,-1.41945168804472,7.62832595540795,4.78942257931851,-2.83890337608943,0.0209912974570064,0.0345326008483432,0.0135413033913369
RT,VP0564,-511.307912667357,-513.57238099924,-2.26446833188311,-940.516439616982,-945.045376280749,-4.52893666376622,0.158485678386295,0.0870679001679233,-0.0714177782183718
RT,VP0565,11.8267900534795,12.9730154251957,1.14622537171618,102.654490772864,104.946941516297,2.29245074343237,0.109477718727053,0.252597727005188,0.143120008278135
RT,VP0566,-165.672104620809,-164.288952245165,1.38315237564427,-249.985146351952,-247.218841600663,2.76630475128854,0.0314159510050793,0.126284602092437,0.094868651087358
RT,VP0567,-360.486434343294,-356.857166351467,3.62926799182759,-638.809551011564,-631.551015027909,7.25853598365518,0.180476356811653,0.123958710598973,-0.05651764621268
RT,VP0568,-366.942069983242,-365.894861495596,1.047208487646,-652.295469621779,-650.201052646487,2.09441697529201,0.228977452306284,0.213468496548716,-0.0155089557575682
RT,VP0569,-227.549711343212,-228.334756431115,-0.785045087902404,-374.631753548105,-376.20184372391,-1.57009017580481,0.253724161471089,0.271600195240749,0.0178760337696599
RT,VP0570,-187.068884529881,-188.902316762924,-1.83343223304325,-293.351240582155,-297.018105048241,-3.66686446608651,0.121940778336778,0.00541832724372424,-0.116522451093054
RT,VP0571,-43.4329607991064,-38.773780515599,4.65918028350734,-8.1845813243162,1.13377924269848,9.31836056701468,0.042895456271641,0.0446794208432165,0.00178396457157547
RT,VP0572,-486.086536785276,-487.038353426361,-0.951816641085145,-889.895529755417,-891.799163037588,-1.90363328217029,0.170308815427585,0.217690012393888,0.0473811969663029
RT,VP0573,24.7653359075697,34.417791055309,9.65245514773926,130.402711343426,149.707621638904,19.3049102954785,0.0151105717778158,0.0324528697093024,0.0173422979314867
RT,VP0574,-346.502159694963,-346.410000306011,0.0921593889516998,-610.969208062601,-610.784889284698,0.1843187779034,0.155287264089472,0.0578046913324196,-0.0974825727570527
RT,VP0575,-129.006516540436,-129.32279247546,-0.316275935024521,-175.399193256358,-176.031745126407,-0.632551870049042,0.0981936555351991,0.101623169171088,0.0034295136358888
RT,VP0576,-434.997275157186,-420.784667754099,14.2126074030868,-787.920833055626,-759.495618249452,28.4252148061736,0.0438343957705004,0.0344584820004219,-0.00937591377007853
RT,VP0577,-244.739309375292,-244.864151566978,-0.124842191686241,-407.997451924417,-408.247136307789,-0.249684383372482,0.0902038562307524,0.0939168944861856,0.0037130382554332
RT,VP0578,-403.187535357594,-405.149582421912,-1.96204706431871,-724.288512363723,-728.21260649236,-3.92409412863753,0.291609731522574,0.249345442151641,-0.0422642893709331
RT,VP0579,-216.352977724685,-218.663220698947,-2.31024297426188,-350.302756035827,-354.923241984351,-4.62048594852376,0.0206052945548472,0.012019339014734,-0.00858595554011321
RT,VP0580,-563.589341367469,-560.780419989173,2.80892137829619,-1045.53661964364,-1039.91877688705,5.61784275659238,0.20314100711819,0.155241255025748,-0.0478997520924423
RT,VP0581,227.327588499708,228.841343746075,1.51375524636745,531.811810735885,534.83932122862,3.0275104927349,0.00508499382965154,0.0112398189454807,0.00615482511582914
RT,VP0582,-169.844504478159,-171.187911948348,-1.34340747018882,-260.621891225917,-263.308706166294,-2.68681494037764,0.011653516027269,0.0098613836813259,-0.00179213234594306
RT,VP0583,-248.69621676086,-249.530657431625,-0.834440670764991,-416.115469013853,-417.784350355383,-1.66888134152998,0.29233691513242,0.297205105681658,0.00486819054923732
RT,VP0584,148.283248717864,146.094135215009,-2.18911350285416,374.418705657542,370.040478651834,-4.37822700570831,0.25126824312024,0.0195523311999828,-0.231715911920258
RT,VP0585,-391.815753720626,-395.252947391121,-3.43719367049516,-701.856992674132,-708.731380015122,-6.87438734099032,0.203159398650251,0.343210676175343,0.140051277525092
RT,VP0586,-578.894993175991,-578.831671517449,0.0633216585421223,-1075.92361766454,-1075.79697434745,0.126643317084245,0.415919369792016,0.396300044376673,-0.0196193254153423
RT,VP0587,-204.025408841307,-209.909988125693,-5.88457928438612,-326.691754792947,-338.460913361719,-11.7691585687722,0.131859407529783,0.00592193519229787,-0.125937472337485
RT,VP0588,254.791683832876,251.159405645327,-3.63227818754839,585.89825408982,578.633697714723,-7.26455637509673,0.0639742951771521,0.0070074368387995,-0.0569668583383526
RT,VP0589,-251.066049124594,-251.616986794946,-0.550937670352141,-420.583628947105,-421.68550428781,-1.10187534070428,0.132976864036432,0.174114319004441,0.0411374549680095
RT,VP0590,-504.349108607088,-508.908075704806,-4.55896709771781,-927.325525702942,-936.443459898378,-9.11793419543562,0.100683746847282,0.344936248584275,0.244252501736993
RT,VP0591,-449.099503894366,-443.851516139408,5.24798775495771,-817.284440159229,-806.788464649314,10.4959755099154,0.0109058862511749,0.246471801979014,0.235565915727839
RT,VP0592,-280.000796382678,-276.781455482843,3.21934089983483,-478.359529674055,-471.920847874386,6.43868179966967,0.0154439053412812,0.128763414119962,0.113319508778681
RT,VP0593,98.1296343585668,99.547716239023,1.41808188045621,278.229759532888,281.0659232938,2.83616376091243,0.0511901312168189,0.0467234902853933,-0.00446664093142563
RT,VP0594,-74.2906371711814,-71.6110375315552,2.67959963962619,-67.2358555701407,-61.8766562908883,5.35919927925238,0.00670580326901056,0.0282646693669519,0.0215588660979413
RT,VP0595,-213.060504329251,-214.903858811452,-1.84335448220128,-344.518967838875,-348.205676803278,-3.68670896440256,0.128060828968911,0.135458926383305,0.00739809741439379
RT,VP0596,202.835756968678,201.600952622081,-1.23480434659621,484.67242460326,482.202815910068,-2.46960869319241,0.0434451770987872,0.0333219639680104,-0.0101232131307768
RT,VP0597,-134.567957997696,-135.156672581015,-0.588714583319245,-187.900212273162,-189.0776414398,-1.17742916663849,0.197391212705671,0.214270748602476,0.0168795358968049
RT,VP0598,8.10989573261952,14.8076153129347,6.69771958031515,96.9776803111127,110.373119471743,13.3954391606303,0.185182471241239,0.217666711465452,0.0324842402242125
RT,VP0599,-231.980395704235,-232.420115223061,-0.439719518825882,-382.016246548771,-382.895685586422,-0.879439037651764,0.10410380039307,0.147734575789111,0.0436307753960409
RT,VP0600,-262.491075817173,-262.83552518954,-0.344449372367137,-443.460558043386,-444.149456788121,-0.688898744734274,0.337143424606819,0.448845534836473,0.111702110229654
RT,VP0601,-140.335023339588,-135.14019084296,5.19483249662863,-199.108162059879,-188.718497066621,10.3896649932573,0.39116282543243,0.321779196574913,-0.0693836288575172
RT,VP0602,-164.262591761369,-165.394655366056,-1.13206360468666,-246.593632708704,-248.857759918077,-2.26412720937333,0.0968034898861978,0.0174455956578834,-0.0793578942283144
RT,VP0603,-67.1133991204036,-67.6878550256834,-0.574455905279763,-53.1018219478061,-54.2507337583657,-1.14891181055953,0.00694602139769266,0.00674934333024614,-0.000196678067446515
RT,VP0604,-272.0258402602,-269.620817234979,2.40502302522134,-462.54354739075,-457.733501340307,4.81004605044268,0.0210499539301299,0.166299146898593,0.145249192968463
RT,VP0605,91.8442249342779,94.4220522712214,2.57782733694353,264.111974260586,269.267628934473,5.15565467388706,0.199055038992222,0.152884909568456,-0.0461701294237656
RT,VP0606,-43.2212076091931,-41.5219982756587,1.69920933353433,-6.51551342030992,-3.11709475324126,3.39841866706865,0.037699881314538,0.103656995402974,0.0659571140884358
RT,VP0607,-210.950450180946,-210.230720628542,0.719729552403919,-340.90172603643,-339.462266931622,1.43945910480784,0.104704881664246,0.0860502837582903,-0.0186545979059556
RT,VP0608,78.74336784603,74.5221794693274,-4.22118837670263,237.895509006634,229.453132253229,-8.44237675340526,0.270502200637025,0.334773357238797,0.0642711566017715
RT,VP0609,39.4654740696095,19.5154999456477,-19.9499741239619,159.457225452648,119.557277204724,-39.8999482479237,0.191487514730203,0.0108307501100765,-0.180656764620127
RT,VP0610,-40.336314369268,-39.6201907483862,0.716123620881774,0.889255880762278,2.32150312252583,1.43224724176355,0.216811495642969,0.23380556249801,0.0169940668550416
RT,VP0611,-109.08651947256,-107.864760212426,1.22175926013455,-137.08985027415,-134.646331753881,2.44351852026909,0.192450438348787,0.205008756786514,0.0125583184377269
RT,VP0612,-355.804467963795,-351.617549634342,4.18691832945234,-629.394716797665,-621.02088013876,8.37383665890468,0.282068501940246,0.120900109346497,-0.161168392593749
RT,VP0613,248.598923620919,248.416349072611,-0.1825745483074,576.065237754166,575.700088657551,-0.365149096614914,0.173345472723578,0.0948898794763696,-0.0784555932472083
RT,VP0614,234.978496792318,236.832259324314,1.85376253199587,545.849301133212,549.556826197204,3.70752506399185,0.228574953629269,0.183152862727992,-0.045422090901277
RT,VP0615,-14.6680406844284,-15.6747361571641,-1.00669547273571,51.5643269669679,49.5509360214965,-2.01339094547143,0.140223198127203,0.219704927971563,0.0794817298443602
RT,VP0616,-80.0068488696781,-78.6868695572197,1.31997931245843,-79.2701543823398,-76.6301957574229,2.63995862491686,0.108447220429518,0.0753426051564394,-0.033104615273079
RT,VP0617,-73.2994962574659,-70.5159047501717,2.7835915072942,-65.3220280070654,-59.754844992477,5.56718301458841,0.100240789353849,0.0678936704065294,-0.0323471189473194
RT,VP0618,-430.861317385775,-430.022207401586,0.839109984189008,-779.674640995323,-777.996421026945,1.67821996837802,0.199600745757178,0.258006429613374,0.0584056838561963
RT,VP0619,-296.983370260023,-298.001943184835,-1.01857292481264,-511.75252139012,-513.789667239745,-2.03714584962529,0.180654627340954,0.238840538874022,0.0581859115330686
RT,VP0620,-286.023003175278,-292.915265541413,-6.89226236613467,-489.730627506706,-503.515152238976,-13.7845247322693,0.0625186991462071,0.0917106478089453,0.0291919486627383
RT,VP0621,338.073884924984,341.995005554039,3.92112062905454,752.749849468577,760.592090726686,7.84224125810908,0.197902207755746,0.154891655002521,-0.0430105527532252
RT,VP0622,-291.348691909339,-290.36504752127,0.983644388069365,-500.752838958978,-498.78555018284,1.96728877613873,0.0909160117884824,0.0706456885825148,-0.0202703232059676
RT,VP0623,-124.848717523876,-125.857560982228,-1.00884345835192,-169.156550307078,-171.174237223781,-2.01768691670384,0.0462378693945752,0.0592504751027253,0.01301260570815
RT,VP0624,-252.407322656195,-252.068188310748,0.33913434544678,-425.167548936976,-424.489280246083,0.67826869089356,0.0264733368540696,0.247992836120922,0.221519499266852
RT,VP0625,-255.474961197889,-248.557569503421,6.91739169446726,-428.837723008916,-415.002939619982,13.8347833889345,0.0471336701608748,0.238196601125011,0.191062930964136
RT,VP0626,-187.502412269482,-187.135022299734,0.367389969747933,-293.151534871887,-292.416754932391,0.734779939495866,0.0656518048160554,0.158571806572799,0.0929200017567439
RT,VP0627,-21.0963522468079,-24.3794188408094,-3.28306659400153,38.6935278216589,32.1273946336558,-6.56613318800305,0.154530911848836,0.0279592603533001,-0.126571651495536
RT,VP0628,-207.460270087323,-207.849182270129,-0.38891218280645,-332.937097387856,-333.714921753468,-0.777824365612901,0.15252977635559,0.025767421745872,-0.126762354609718
RT,VP0629,-367.711224236725,-363.628757173906,4.08246706281921,-653.556079786004,-645.391145660365,8.16493412563841,0.018016269716659,0.0283521224261309,0.0103358527094718
RT,VP0630,-210.719257289545,-210.410010616687,0.309246672857626,-340.106755455469,-339.488262109754,0.618493345715251,0.151456269424565,0.146730664518785,-0.00472560490578003
RT,VP0631,-9.80315817632618,-9.32181389815554,0.481344278170639,62.0224208072394,62.9851093635806,0.962688556341277,0.118303355506415,0.144078909712517,0.0257755542061018
RT,VP0632,-253.099872584216,-254.969621300856,-1.86974871663909,-423.784052260789,-427.523549694068,-3.73949743327819,0.0304391968346513,0.125841822074446,0.0954026252397949
RT,VP0633,-104.701517522225,-105.949763165788,-1.248245643563,-127.536666357005,-130.033157644131,-2.49649128712599,0.103857076366415,0.157543419296606,0.0536863429301909
RT,VP0634,-264.91343789964,-264.985879376583,-0.0724414769431974,-447.753158540533,-447.898041494419,-0.144882953886395,0.081074441634702,0.102539096972507,0.0214646553378047
RT,VP0635,83.5064449437203,83.5902383795361,0.0837934358157781,248.385581398675,248.553168270306,0.167586871631556,0.247935610164992,0.0638128556312488,-0.184122754533743
RT,VP0636,16.7812149888303,17.5505810693275,0.769366080497207,114.377529897336,115.91626205833,1.53873216099441,0.438857457330821,0.096526190284693,-0.342331267046128
RT,VP0637,-118.164768461905,-118.293222344691,-0.128453882786005,-155.788652183136,-156.045559948708,-0.256907765572009,0.078621887713557,0.112136733874323,0.0335148461607663
RT,VP0638,-245.517298861255,-246.8464691776,-1.3291703163448,-410.219497802834,-412.877838435524,-2.6583406326896,0.16055722534158,0.025568054601995,-0.134989170739585
RT,VP0639,14.6426687795403,14.6013457959892,-0.0413229835510833,111.03347868921,110.950832722108,-0.0826459671021667,0.132125197764382,0.146992974238824,0.0148677764744421
RT,VP0640,61.324189793336,61.2521980699751,-0.0719917233609522,203.980138710293,203.836155263572,-0.143983446721904,0.274558727895658,0.4073819428237,0.132823214928042
RT,VP0641,-133.832501228043,-134.244555312231,-0.412054084188469,-188.352811538077,-189.176919706454,-0.824108168376938,0.189109909311395,0.189640275061793,0.000530365750397777
RT,VP0642,-219.905588810716,-220.90944453948,-1.00385572876348,-358.010347054293,-360.01805851182,-2.00771145752697,0.0961383995087268,0.0439062957101058,-0.052232103798621
RT,VP0643,-47.980471829807,-49.5829100182284,-1.60243818842139,-16.4562352435186,-19.6611116203613,-3.20487637684278,0.0786758713233574,0.0593443179807954,-0.019331553342562
RT,VP0644,-461.720001485429,-458.102252114373,3.61774937105599,-841.024310063214,-833.788811321102,7.23549874211199,0.42437738003674,0.289286292008107,-0.135091088028633
RT,VP0645,-38.7084111059018,-38.6837198147512,0.0246912911506456,4.11821675871438,4.16759934101567,0.0493825823012912,0.130889764996698,0.149507603201931,0.0186178382052331
RT,VP0646,82.3942415975004,80.2729993288192,-2.12124226868116,241.103369619069,236.860885081707,-4.24248453736232,0.190091403188834,0.0981146991588838,-0.09197670402995
RT,VP0647,-63.612491383049,-60.6902896818723,2.92220170117668,-46.5968249134749,-40.7524215111216,5.84440340235335,0.0480845283766422,0.134357561742331,0.086273033365689
RT,VP0648,-32.9295409517487,-34.2842505226128,-1.35470957086409,15.6759570670207,12.9665379252925,-2.70941914172818,0.107417702319228,0.166068546960217,0.0586508446409889
RT,VP0649,-302.387310799062,-301.688505604368,0.698805194694103,-523.119247357372,-521.721636967984,1.39761038938821,0.181543579799026,0.113031705145268,-0.0685118746537583
RT,VP0650,-295.384254442082,-288.98614067246,6.39811376962206,-509.033576340949,-496.237348801705,12.7962275392441,0.00373067641004122,0.220313499390637,0.216582822980595
RT,VP0651,-435.747227081885,-436.840807795557,-1.09358071367177,-789.420736905025,-791.607898332368,-2.18716142734354,0.313779093345106,0.0871619589703957,-0.22661713437471
RT,VP0652,-309.84879677121,-305.086320542102,4.76247622910881,-538.882493622745,-529.357541164528,9.52495245821763,0.0888242150441703,0.115315057309155,0.0264908422649846
RT,VP0653,42.5824087014122,41.7305624514052,-0.851846250006986,166.84676972753,165.143077227517,-1.70369250001397,0.190832921681685,0.24208609896935,0.0512531772876652
RT,VP0654,-576.232208647882,-572.797487807067,3.43472084081532,-1069.55935994398,-1062.68991826235,6.86944168163063,0.601835973453887,0.430449354126631,-0.171386619327256
RT,VP0655,-165.198823815152,-164.958473603184,0.240350211967268,-249.328420566492,-248.847720142558,0.480700423934536,0.398851609204111,0.396804399773902,-0.0020472094302082
RT,VP0656,102.79995114408,103.931435832842,1.13148468876159,285.199723487525,287.462692865048,2.26296937752318,0.0020430255763582,0.0020430255763582,0
RT,VP0657,51.9110795997044,51.8658403749031,-0.0452392248012643,184.007462368806,183.916983919204,-0.0904784496025286,0.094943133143168,0.17347960503056,0.0785364718873923
RT,VP0658,-37.1215436497428,-32.3006374275598,4.82090622218294,6.7701303277556,16.4119427721215,9.64181244436588,0.169798680712969,0.095498819407896,-0.0742998613050733
RT,VP0659,-202.408011908661,-195.743580961843,6.66443094681762,-322.703824430461,-309.374962536826,13.3288618936352,0.0191310192355883,0.067692358461815,0.0485613392262267
RT,VP0660,48.8930377643175,48.5555956645208,-0.337442099796704,177.620431880875,176.945547681282,-0.674884199593407,0.0804001312840623,0.0720203850866364,-0.00837974619742587
RT,VP0661,-156.149077272647,-158.207022354939,-2.05794508229206,-230.109359153692,-234.225249318276,-4.11589016458413,0.168183112941732,0.139648030170111,-0.0285350827716209
RT,VP0662,-702.171597386676,-703.508486825197,-1.33688943852007,-1322.33388990759,-1325.00766878463,-2.67377887704015,0.189047157069478,0.441327167893662,0.252280010824184
RT,VP0663,-148.686223246151,-147.927678199814,0.758545046337019,-221.330537718545,-219.813447625871,1.51709009267404,0.211803398874989,0.182425828135905,-0.0293775707390841
RT,VP0664,-212.015713965899,-215.0860633373,-3.07034937140071,-342.699668808177,-348.840367550978,-6.14069874280142,0.219977473245515,0.140406900204358,-0.0795705730411574
RT,VP0665,-214.969519536517,-214.015753136916,0.953766399601477,-348.296975981734,-346.389443182531,1.90753279920295,0.238764916232497,0.178400147867092,-0.0603647683654046
RT,VP0666,-209.665068650362,-208.246088733748,1.4189799166133,-337.065231717404,-334.227271884178,2.83795983322659,0.0229181682645119,0.0169411143724446,-0.00597705389206724
RT,VP0667,-261.609186987672,-258.346966541608,3.2622204460634,-441.299831292665,-434.775390400538,6.52444089212679,0.131448022646834,0.133686459928488,0.00223843728165429
RT,VP0668,-411.460216181217,-408.511389577126,2.94882660409132,-740.6428885473,-734.745235339117,5.89765320818265,0.269611047393994,0.335540278800232,0.0659292314062372
RT,VP0669,-169.182528356806,-166.090669797542,3.09185855926319,-256.965154306364,-250.781437187837,6.18371711852637,0.254679661589429,0.177368344918908,-0.0773113166705207
RT,VP0670,-463.574087182195,-461.061755981321,2.51233120087426,-845.125959330623,-840.101296928874,5.0246624017484,0.330473664456411,0.0713883076304124,-0.259085356825998
RT,VP0671,-136.202445861733,-135.123978325855,1.07846753587768,-190.473340909431,-188.316405837676,2.15693507175536,0.23585599911748,0.208064248196818,-0.0277917509206618
RT,VP0672,281.738261357105,283.051691940806,1.31343058370118,642.020718638223,644.647579805625,2.62686116740235,0.363727513934167,0.155926233263233,-0.207801280670934
RT,VP0673,86.0975737327861,86.8833532108627,0.785779478076535,249.03803784079,250.609596796943,1.57155895615307,0.444135424150697,0.122266557905194,-0.321868866245502
RT,VP0674,-69.7909778177175,-66.2750477594909,3.51593005822662,-58.8815519294329,-51.8496918129797,7.03186011645323,0.398661361615605,0.060132230462322,-0.338529131153283
RT,VP0675,-87.6800249962369,-90.5624945550158,-2.88246955877895,-94.8337726790446,-100.598711796602,-5.7649391175579,0.373718193580439,0.338529939497866,-0.0351882540825729
RT,VP0676,168.907019106405,167.570596281507,-1.33642282489757,417.142390749423,414.469545099627,-2.67284564979514,0.0467660455653759,0.263805372142069,0.217039326576693
RT,VP0677,-410.323223727129,-409.25416325429,1.0690604728382,-738.911514911042,-736.773393965365,2.13812094567641,0.30861551043316,0.31768722567789,0.00907171524473033
RT,VP0678,-410.371711878597,-408.030347592169,2.34136428642779,-738.824881074515,-734.142152501659,4.68272857285558,0.0552412438887867,0.124655145624244,0.0694139017354575
RT,VP0679,-27.1748636792298,-27.9055914665001,-0.730727787270325,27.5818234555747,26.1203678810341,-1.46145557454065,0.24610719654468,0.378696079978078,0.132588883433398
RT,VP0680,-160.282311290734,-158.985259092959,1.2970521977752,-238.086656570918,-235.492552175367,2.5941043955504,0.181886725226312,0.239759872372937,0.0578731471466253
RT,VP0681,-402.475830452808,-400.093817182702,2.38201327010671,-722.94235603985,-718.178329499637,4.76402654021342,0.135413325114064,0.147218646758168,0.0118053216441039
RT,VP0682,52.7437714387508,54.8359125047119,2.09214106596113,187.036012179584,191.220294311506,4.18428213192226,0.00781567019900251,0.00508499382965154,-0.00273067636935097
RT,VP0683,-0.834677819635317,-3.07867859733659,-2.24400077770127,78.1184589610267,73.6304574056241,-4.48800155540255,0.0493553747426752,0.138196601125011,0.0888412263823354
RT,VP0684,-51.4671516093298,-51.8700815346985,-0.40292992536871,-23.654500984281,-24.4603608350184,-0.80585985073742,0.0629479264946126,0.0786551614145709,0.0157072349199583
RT,VP0685,-193.722872447612,-193.784126293643,-0.0612538460307519,-305.763792570518,-305.88630026258,-0.122507692061504,0.0171016845038697,0.105753656246539,0.0886519717426695
RT,VP0686,-367.920315376073,-368.812440431726,-0.892125055652855,-654.319037161186,-656.103287272491,-1.78425011130571,0.188529937262692,0.225651315103559,0.0371213778408672
RT,VP0687,79.2428330375565,84.2299560032607,4.9871229657042,238.101266369453,248.075512300862,9.9742459314084,0.0189693933065358,0.133385112563463,0.114415719256927
RT,VP0688,-369.375650690661,-371.522733402467,-2.14708271180604,-656.273335370771,-660.567500794383,-4.29416542361207,0.249043806227611,0.303920734305671,0.0548769280780601
RT,VP0689,-176.167232289522,-173.978081927211,2.18915036231061,-270.705727419152,-266.327426694531,4.37830072462123,0.156451537518621,0.222336732602063,0.0658851950834426
RT,VP0690,-99.8276898547055,-100.608177316438,-0.780487461732264,-117.907238579281,-119.468213502746,-1.56097492346453,0.0134219335833804,0.0210480929100533,0.0076261593266729
RT,VP0691,-269.346018325744,-269.808764203897,-0.462745878152646,-456.251395709911,-457.176887466216,-0.925491756305291,0.213314659480379,0.0833348377946889,-0.12997982168569
RT,VP0692,45.3268917202059,44.1656500486424,-1.16124167156352,170.854114789607,168.53163144648,-2.32248334312703,0.0594506873951893,0.0143380553469148,-0.0451126320482746
RT,VP0693,54.3248991623993,52.3396189172871,-1.98528024511222,187.864559749545,183.893999259321,-3.97056049022444,0.0157772389047467,0.0136245176219771,-0.00215272128276962
RT,VP0694,-170.475350570372,-171.979279196224,-1.50392862585193,-259.202560010613,-262.210417262317,-3.00785725170385,0.166009727021027,0.0192223289794803,-0.146787398041547
RT,VP0695,-111.369083629145,-111.54187440914,-0.172790779995182,-141.447480621998,-141.793062181988,-0.345581559990364,0.122546284297989,0.140270869021608,0.0177245847236188
RT,VP0696,-130.705442664044,-128.99548571599,1.70995694805396,-179.889291737128,-176.46937784102,3.41991389610791,0.161803398874989,0.129389879055707,-0.0324135198192821
RT,VP0697,-310.397829707656,-316.458785250835,-6.06095554317926,-540.037770569438,-552.159681655797,-12.1219110863585,0.0810564297353542,0.46213673908973,0.381080309354375
RT,VP0698,-41.4594900309989,-43.0462138178822,-1.58672378688323,-1.1444652948784,-4.31791286864485,-3.17344757376645,0.253385601798119,0.146127702555022,-0.107257899243096
RT,VP0699,-182.425777496889,-182.553544235405,-0.127766738516129,-284.022194822871,-284.277728299903,-0.255533477032259,0.108656747033952,0.232169970054301,0.123513223020349
RT,VP0700,-271.081284302311,-270.531993494219,0.549290808092451,-461.753795290049,-460.655213673864,1.0985816161849,0.259821845742174,0.217713547917764,-0.0421082978244099
RT,VP0701,-311.47783407919,-312.144039745572,-0.666205666382552,-541.20752702825,-542.539938361015,-1.3324113327651,0.117366731884667,0.146387290076055,0.0290205581913884
RT,VP0702,-233.218226921315,-231.793113988064,1.42511293325157,-384.427148976865,-381.576923110362,2.85022586650314,0.134085162126467,0.152038355841252,0.0179531937147845
RT,VP0703,18.717629757778,19.5536077452655,0.835977987487468,118.420374085456,120.092330060431,1.67195597497494,0.0932644912432812,0.206094674304577,0.112830183061295
RT,VP0704,-369.091021243642,-370.546115571028,-1.45509432738658,-655.94245336905,-658.852642023823,-2.91018865477315,0.187529928854615,0.238196601125011,0.0506666722703953
RT,VP0705,-224.323081815469,-220.119111697505,4.20397011796405,-367.273472119705,-358.865531883777,8.40794023592809,0.320517438427765,0.216339060993627,-0.104178377434138
RT,VP0706,96.8495975342397,96.5721150415111,-0.277482492728609,273.641451955023,273.086486969566,-0.554964985457218,0.102192352688324,0.117116682220038,0.0149243295317139
RT,VP0707,119.27318867015,121.56016405688,2.28697538672986,319.475087576036,324.049038349496,4.57395077345973,0.219654782323013,0.136634475256064,-0.0830203070669484
RT,VP0708,-224.598305114315,-221.086740751522,3.51156436279314,-366.88123138478,-359.858102659193,7.02312872558628,0.0440805792206416,0.145649683955411,0.10156910473477
RT,VP0709,-18.3192609691533,-18.5595160703213,-0.240255101167975,43.2576106121424,42.7771004098065,-0.48051020233595,0.129483776305199,0.0905166044249365,-0.0389671718802627
RT,VP0710,-216.532547652367,-215.361014980105,1.17153267226223,-351.489810349035,-349.14674500451,2.34306534452446,0.279615095042677,0.0772487038751124,-0.202366391167565
RT,VP0711,80.8420070562153,76.9585614973153,-3.88344555890001,242.753241176242,234.986350058442,-7.76689111780001,0.0243707297724792,0.0692036316775196,0.0448329019050404
RT,VP0712,-315.936514201645,-312.02056885088,3.91594535076513,-550.045939619984,-542.214048918454,7.83189070153026,0.174836717311105,0.196371649217434,0.0215349319063291
RT,VP0713,-234.853825178681,-233.746580544294,1.10724463438743,-387.828216889094,-385.613727620319,2.21448926877486,0.341256629051068,0.188751716192339,-0.152504912858729
RT,VP0714,52.6633276459272,52.1952374345849,-0.468090211342258,185.176485534053,184.240305111368,-0.936180422684515,0.137078724493928,0.191125323256824,0.054046598762896
RT,VP0715,-138.433540822508,-136.794033004074,1.63950781843408,-195.145372243634,-191.866356606766,3.27901563686817,0.0320425348797892,0.1027526452304,0.0707101103506109
RT,VP0716,171.29894676854,165.85633854806,-5.44260822048037,423.109545620179,412.224329179219,-10.8852164409607,0.121480295780884,0.00474978584934177,-0.116730509931542
RT,VP0717,100.500874272493,105.401668534534,4.90079426204181,280.216509969732,290.018098493815,9.80158852408363,0.28675143082447,0.127334989297622,-0.159416441526847
RT,VP0718,-12.3707931807759,-14.5861310224598,-2.21533784168389,54.9055100138617,50.4748343304939,-4.43067568336778,0.172745186805894,0.256108432797735,0.0833632459918413
RT,VP0719,-91.087767331945,-94.3114281535724,-3.22366082162739,-100.694367837723,-107.141689480978,-6.44732164325478,0.193345623913921,0.181054200729212,-0.0122914231847095
RT,VP0720,-116.848043922869,-118.271119110608,-1.42307518773896,-153.361343143485,-156.207493518963,-2.84615037547792,0.12661730205047,0.0695030542673836,-0.0571142477830862
RT,VP0721,-272.699604747916,-272.166842918513,0.53276182940283,-464.371964982131,-463.306441323326,1.06552365880566,0.14108409384983,0.203306433837459,0.0622223399876288
RT,VP0722,-354.638742186241,-351.150509288432,3.4882328978087,-627.025230345422,-620.048764549804,6.9764657956174,0.319761114056226,0.288829031299066,-0.0309320827571603
RT,VP0723,-443.833389878829,-441.489907616131,2.34348226269793,-805.631668430333,-800.944703904938,4.68696452539587,0.266976806527598,0.244200172680408,-0.0227766338471901
RT,VP0724,-110.714091845974,-110.100620596199,0.613471249775444,-142.477169147828,-141.250226648277,1.22694249955089,0.264049164036587,0.146039777464988,-0.118009386571598
RT,VP0725,-25.8499965527025,-25.828013231693,0.0219833210094862,24.6563441370807,24.7003107790996,0.0439666420189724,0.00661073214006464,0.00235431746030057,-0.00425641467976407
RT,VP0726,-45.6218338702205,-47.5994833463481,-1.97764947612757,-9.62827132678153,-13.5835702790367,-3.95529895225513,0.00406400979896596,0.0020430255763582,-0.00202098422260776
RT,VP0727,-17.7731116732987,-18.6919853823366,-0.918873709037825,44.3036068956012,42.4658594775255,-1.83774741807565,0.081111918465537,0.0596764751929632,-0.0214354432725737
RT,VP0728,-154.954502092124,-150.051565646788,4.90293644533551,-228.42783735808,-218.621964467409,9.80587289067103,0.00168840466059794,0.00541832724372424,0.0037299225831263
RT,VP0729,5.92130624540471,8.27177343641182,2.35046719100711,92.2366165727496,96.9375509547638,4.70093438201422,0.0196580229655194,0.0368083766584748,0.0171503536929554
RT,VP0730,-214.98710492773,-212.697752592414,2.28935233531575,-348.520070067745,-343.941365397114,4.57870467063151,0.105832604381727,0.120839156608994,0.0150065522272668
RT,VP0731,-87.1825893350764,-87.0427393295802,0.139850005496271,-92.8705211174387,-92.5908211064461,0.279700010992542,0.00715031464979624,0.00972433376902691,0.00257401911923067
RT,VP0732,-89.7924136242412,-89.7562264273504,0.0361871968908645,-98.0901696957683,-98.0177953019865,0.0723743937817289,0.18859282850451,0.217467804537611,0.0288749760331009
RT,VP0733,-56.2080814823822,-54.9617976871103,1.24628379527184,-30.9080298351146,-28.415462244571,2.49256759054367,0.104875170575984,0.136185687372387,0.0313105167964036
RT,VP0734,-249.612861204548,-228.483186162166,21.1296750423816,-417.294171595061,-375.034821510298,42.2593500847631,0.00643250957093813,0.0123103114098025,0.00587780183886434
RT,VP0735,154.666471835463,156.741132742702,2.07466090723815,389.902990029841,394.052311844317,4.14932181447631,0.383363631468926,0.1037078293933,-0.279655802075626
RT,VP0736,93.846731057804,92.2346395569111,-1.61209150089292,268.551292050759,265.327109048974,-3.22418300178583,0.0257737804766647,0.0184079964345461,-0.00736578404211859
RT,VP0737,-83.8454479210693,-85.592674302439,-1.74722638136979,-86.1424265400563,-89.6368793027959,-3.49445276273957,0.236934035806904,0.216762712650227,-0.0201713231566771
RT,VP0738,-105.820051230853,-103.713007008014,2.10704422283919,-132.409047755435,-128.194959309756,4.21408844567839,0.0247040634689647,0.0691975429514624,0.0444934794824977
RT,VP0739,-369.116825905658,-370.138517322287,-1.02169141662961,-656.070334136291,-658.11371696955,-2.04338283325922,0.153456156191611,0.299499322898167,0.146043166706556
RT,VP0740,-229.542388840666,-232.308581746711,-2.76619290604492,-378.750032979078,-384.282418791168,-5.53238581208984,0.1411109435606,0.0217567376740644,-0.119354205886535
RT,VP0741,-72.3947813005125,-69.7657843231339,2.62899697737868,-63.1608254411333,-57.902831486376,5.25799395475735,0.422532214565001,0.186752058198734,-0.235780156366267
RT,VP0742,-72.2884853405301,-72.5812546673613,-0.292769326831262,-64.9929493523126,-65.5784880059751,-0.585538653662525,0.0853356509541402,0.0560798673890551,-0.029255783565085
RT,VP0743,-222.418271309358,-222.086661140774,0.331610168583836,-364.442538536776,-363.779318199609,0.663220337167672,0.172488009987708,0.191457304304114,0.018969294316406
RT,VP0744,-192.74389528852,-180.593731961639,12.1501633268803,-303.686960009899,-279.386633356139,24.3003266537606,0.00508499382965154,0.195001709416805,0.189916715587154
RT,VP0745,-449.015838572931,-449.066006124937,-0.0501675520059734,-815.996565818537,-816.096900922549,-0.100335104011947,0.293872831725161,0.308733791845211,0.0148609601200505
RT,VP0746,104.456830241878,104.945428486196,0.488598244318837,289.870606026636,290.847802515273,0.977196488637674,0.0540757293590672,0.0316463740830056,-0.0224293552760616
RT,VP0747,-213.54597294238,-212.499778074572,1.04619486780763,-344.877726754835,-342.785337019219,2.09238973561526,0.191715007947432,0.101806065433444,-0.0899089425139876
RT,VP0748,-216.641797423734,-215.923786817116,0.718010606617781,-350.793212902028,-349.357191688793,1.43602121323556,0.244466278854323,0.0828352124241868,-0.161631066430136
RT,VP0749,-184.964405762376,-183.448541623509,1.5158641388669,-288.167476330621,-285.135748052887,3.03172827773381,0.253913633181432,0.147281960038879,-0.106631673142553
RT,VP0750,-81.5768477768206,-83.0848557560411,-1.50800797922045,-83.3038653114426,-86.3198812698835,-3.0160159584409,0.105265440557481,0.016031031289184,-0.0892344092682968
RT,VP0751,115.120585892137,111.529570088695,-3.59101580344236,311.962881185656,304.780849578771,-7.18203160688472,0.0484744315733745,0.00478722920027588,-0.0436872023730986
RT,VP0752,5.89803604545136,16.1528960458109,10.2548600003595,93.675505559171,114.18522555989,20.5097200007191,0.0164197134801493,0.0466629749653223,0.030243261485173
RT,VP0753,-64.9783244700925,-65.158132420898,-0.179807950805525,-48.2217163969695,-48.5813322985805,-0.359615901611051,0.138705679278672,0.1030974766923,-0.0356082025863713
RT,VP0754,176.858946512257,174.050963748544,-2.80798276371348,432.883641447154,427.267675919727,-5.61596552742697,0.401603397158475,0.0424500888670157,-0.359153308291459
RT,VP0755,-55.6058701141211,-55.2633794221688,0.342490691952264,-30.4681968712258,-29.7832154873213,0.684981383904528,0.202472520206197,0.0830502304904576,-0.119422289715739
RT,VP0756,337.162296410543,336.127597200486,-1.03469921005757,751.08774868368,749.018350263565,-2.06939842011514,0.0959440497912053,0.0448170757145396,-0.0511269740766657
RT,VP0757,67.4000503024552,65.7455727007513,-1.65447760170389,216.361985224209,213.053030020801,-3.30895520340778,0.282938592604672,0.0418585819269176,-0.241080010677754
RT,VP0758,-51.2768051284741,-48.768717072214,2.50808805626002,-22.4286087219825,-17.4124326094624,5.01617611252004,0.265001908866359,0.110705766529812,-0.154296142336547
RT,VP0759,-61.1454053436409,-58.9775514394659,2.16785390417505,-41.2775930600407,-36.9418852516906,4.33570780835009,0.0114185775929347,0.0231080937060876,0.0116895161131529
RT,VP0760,63.7313790633146,62.9759612762225,-0.755417787092085,207.72301469399,206.212179119806,-1.51083557418417,0.160750427649443,0.254464303626051,0.093713875976608
RT,VP0761,-62.7560499236431,-63.1821436203807,-0.42609369673761,-43.9100590276598,-44.762246421135,-0.852187393475219,0.112925460948921,0.159822737112216,0.046897276163295
RT,VP0762,-224.687955118944,-226.342179026855,-1.65422390791093,-367.667438565373,-370.975886381195,-3.30844781582186,0.0742846321714832,0.282446578471722,0.208161946300238
RT,VP0763,-273.038560523664,-277.214871558297,-4.1763110346327,-464.029127271101,-472.381749340366,-8.35262206926541,0.160603759181974,0.0091203606043375,-0.151483398577636
RT,VP0764,38.1408817973061,37.8634850903073,-0.277396706998786,156.52706688901,155.972273475013,-0.554793413997572,0.152222648222714,0.0909776866683417,-0.0612449615543723
RT,VP0765,-392.320789762823,-389.502026597731,2.81876316509204,-702.749095485129,-697.111569154945,5.63752633018407,0.147442834239449,0.204064457356905,0.0566216231174564
RT,VP0766,-347.423390303634,-346.9087612075,0.514629096134399,-613.111848064053,-612.082589871785,1.0292581922688,0.23852993800775,0.188631545754085,-0.0498983922536649
RT,VP0767,139.790590801688,140.925559669925,1.13496886823677,358.211276247792,360.481213984265,2.26993773647354,0.0546353102469977,0.104394127328446,0.0497588170814478
RT,VP0768,-299.732283319878,-292.968107490291,6.76417582958652,-518.256449136571,-504.728097477398,13.5283516591731,0.428628145215788,0.281357002249742,-0.147271142966046
RT,VP0769,-237.834607726261,-234.050807476222,3.78380025003941,-393.88153557163,-386.313935071551,7.56760050007881,0.0914473425279814,0.156028135592492,0.0645807930645102
RT,VP0770,-207.587699726891,-207.588288176536,-0.000588449645306355,-335.403138971021,-335.404315870312,-0.00117689929061271,0.00373067641004122,0.00541832724372424,0.00168765083368302
RT,VP0771,-144.077956743964,-143.519161767227,0.558794976736863,-206.742428736275,-205.624838782802,1.11758995347373,0.050763373345246,0.368641422287052,0.317878048941806
RT,VP0772,-124.373889724653,-131.894324329867,-7.52043460521372,-167.0658271246,-182.106696335027,-15.0408692104274,0.156221766448867,0.017890726727034,-0.138331039721833
RT,VP0773,-185.334536822091,-181.094804126678,4.23973269541278,-289.201412728275,-280.72194733745,8.47946539082557,0.166665980462409,0.229332791319709,0.0626668108573002
RT,VP0774,-76.0727197483143,-77.756549375945,-1.68382962763064,-69.9566441050272,-73.3243033602885,-3.36765925526129,0.00373067641004122,0.0104569797476726,0.00672630333763135
RT,VP0775,-721.968621288549,-717.322804871745,4.64581641680468,-1361.87638016693,-1352.58474733332,9.29163283360936,0.205399929598542,0.292864644272299,0.0874647146737571
RT,VP0776,255.855085816796,257.548242876677,1.69315705988114,590.711082299497,594.097396419259,3.38631411976223,0.25174989646631,0.191660676217328,-0.0600892202489816
RT,VP0777,-259.532071822098,-255.076444845064,4.45562697703417,-437.650658892544,-428.739404938476,8.91125395406834,0.125001775637691,0.213972042971346,0.0889702673336555
RT,VP0778,-84.9353325129965,-86.0013731166549,-1.06604060365839,-88.4979735147589,-90.6300547220757,-2.13208120731679,0.328702423726566,0.0272801026420911,-0.301422321084475
RT,VP0779,36.3904907438896,36.8625095673991,0.472018823509416,152.677114038228,153.621151685247,0.944037647018831,0.109168522068335,0.0720834011936526,-0.037085120874682
RT,VP0780,-167.30338233035,-166.055806638885,1.24757569146493,-252.675213846666,-250.180062463736,2.49515138292986,0.0261551790852114,0.028629135670171,0.00247395658495957
RT,VP0781,-416.052808863917,-414.360452914829,1.6923559490877,-750.732926216599,-747.348214318424,3.3847118981754,0.36384613911067,0.112343464595075,-0.251502674515595
RT,VP0782,-30.2258716713491,-30.93272094207,-0.706849270720909,21.466799339981,20.0531007985392,-1.41369854144182,0.189532314571645,0.259940028811101,0.0704077142394563
RT,VP0783,250.393194936569,251.788734571236,1.39553963466702,582.547725067269,585.338804336603,2.79107926933409,0.43486383987969,0.0493553747426752,-0.385508465137015
RT,VP0784,-64.7161093061245,-62.1813409199788,2.53476838614569,-47.4487758254588,-42.3792390531674,5.06953677229137,0.0143546412571504,0.250345799265644,0.235991158008494
RT,VP0785,-184.11753731283,-181.976473527578,2.14106378525281,-286.329554190597,-282.047426620091,4.28212757050562,0.229284882759905,0.227276372646637,-0.00200851011326769
RT,VP0786,183.974663922602,183.769325795202,-0.205338127400069,448.134631014601,447.723954759801,-0.410676254800137,0.193159679759723,0.231248757755899,0.038089077996176
RT,VP0787,85.7047864252195,82.3639946584989,-3.3407917667206,250.005381757245,243.323798223804,-6.6815835334412,0.293819225412469,0.00459931945632768,-0.289219905956142
RT,VP0788,-129.591487564321,-129.676857875228,-0.0853703109073081,-177.303541660373,-177.474282282188,-0.170740621814616,0.166112200407646,0.0746214058531557,-0.0914907945544905
RT,VP0789,15.5637787427162,2.95948941439394,-12.6042893283223,112.915237366324,87.7066587096799,-25.2085786566446,0.355660136578232,0.00164462525732482,-0.354015511320907
RT,VP0790,-229.036465437174,-229.792896965787,-0.756431528612779,-377.300713668563,-378.813576725789,-1.51286305722556,0.0621853648862396,0.155834779277381,0.0936494143911417
RT,VP0791,-94.165966217922,-94.6295627034568,-0.463596485534765,-112.205367226328,-113.132560197398,-0.92719297106953,0.351559113055869,0.0236574295662567,-0.327901683489612
RT,VP0792,129.546624617684,123.702337081622,-5.8442875360621,337.000127255613,325.311552183489,-11.6885750721242,0.189154683572901,0.0114431222361569,-0.177711561336744
RT,VP0793,-96.1380647889033,-94.9038509303615,1.23421385854181,-109.748576719837,-107.280149002754,2.46842771708361,0.0301628229278664,0.1571768278217,0.127014004893834
RT,VP0794,8.03582260496404,12.8044638167886,4.76864121182456,95.9831722461317,105.520454669781,9.53728242364912,0.012237294534609,0.224209198437781,0.211971903903172
RT,VP0795,-281.114838796576,-276.280363159296,4.83447563728043,-481.414577673477,-471.745626398916,9.66895127456087,0.0976954948027977,0.122318902830828,0.0246234080280301
RT,VP0796,-118.257002065843,-116.234385856369,2.02261620947439,-153.802304437621,-149.757072018673,4.04523241894879,0.00302098420706547,0.38417274539605,0.381151761188985
RT,VP0797,-20.2891640170415,-16.8772054543034,3.41195856273816,38.7014742002956,45.5253913257719,6.82391712547633,0.0602843341786415,0.102397051903637,0.0421127177249959
RT,VP0798,-221.500983674463,-221.184404419201,0.316579255262241,-361.10948330841,-360.476324797885,0.633158510524481,0.243779004813712,0.118137573640931,-0.125641431172781
RT,VP0799,-22.7143956074784,-19.0214188426772,3.69297676480124,35.9846935366949,43.3706470662974,7.38595352960249,0.0518979875819932,0.0969780945424981,0.0450801069605049
RT,VP0800,-250.973396771621,-252.006212500496,-1.03281572887528,-422.602301125245,-424.667932582995,-2.06563145775056,0.00623797964315672,0.00879394709704216,0.00255596745388544
RT,VP0801,-169.999741551389,-168.723305242405,1.2764363089849,-258.093962667715,-255.541090049745,2.5528726179698,0.00268765083368302,0.00406400979896596,0.00137635896528295
RT,VP0802,228.256229938536,208.241650880893,-20.0145790576429,537.553714900245,497.524556784959,-40.0291581152858,0.195068276882314,0.00164462525732482,-0.193423651624989
RT,VP0803,-146.909288277667,-145.080679966146,1.82860831152152,-212.149905914331,-208.492689291288,3.65721662304304,0.195640497340795,0.236688833563359,0.041048336222564
RT,VP0804,111.151162577202,112.467729121026,1.31656654382323,303.675016665639,306.308149753285,2.63313308764646,0.072836529070655,0.045389505812385,-0.02744702325827
RT,VP0805,-199.222846050471,-199.446938698562,-0.224092648090846,-318.595861858743,-319.044047154925,-0.448185296181691,0.174721618757791,0.119934183129946,-0.054787435627845
RT,VP0806,-101.888666290464,-97.8766751464273,4.01199114403681,-122.862764951425,-114.838782663352,8.02398228807363,0.160645000523339,0.231290635240929,0.0706456347175904
RT,VP0807,60.0018878649944,60.1031030964255,0.101215231431127,198.409241785189,198.611672248051,0.202430462862253,0.116405110947493,0.17251751744359,0.0561124064960967
RT,VP0808,-341.548449995839,-340.46298915058,1.08546084525864,-601.428229350674,-599.257307660156,2.17092169051728,0.243275366223369,0.0265162384503809,-0.216759127772988
RT,VP0809,-79.6820878192461,-79.1169453561687,0.56514246307745,-78.52057214247,-77.3902872163151,1.1302849261549,0.0195945004659957,0.0561758035959171,0.0365813031299214
RT,VP0810,-198.003740475421,-193.556957601643,4.44678287377798,-313.933763692096,-305.04019794454,8.89356574755595,0.186912592921448,0.274155392616648,0.0872427996952
RT,VP0811,-178.095406535032,-175.99819761585,2.09720891918232,-273.812639734414,-269.61822189605,4.19441783836464,0.0503441770488393,0.0608926454126465,0.0105484683638071
RT,VP0812,-229.491174232959,-225.579647008088,3.91152722487129,-377.623285576252,-369.800231126509,7.82305444974259,0.144876328450897,0.270993229009745,0.126116900558848
RT,VP0813,-68.526128307818,-68.3346303473024,0.191497960515562,-53.9333322169633,-53.5503362959322,0.382995921031124,0.0988549862193415,0.203840534663739,0.104985548444397
RT,VP0814,-171.972355696753,-169.174758444232,2.79759725252177,-262.130744536057,-256.535550031013,5.59519450504354,0.167581811500722,0.0594208289165957,-0.108160982584126
RT,VP0815,-219.769403938845,-219.369108306821,0.400295632024097,-358.497552854517,-357.696961590469,0.800591264048194,0.303433046550566,0.144824283034786,-0.158608763515781
RT,VP0816,-115.449261525682,-115.304152071331,0.145109454350575,-148.9930026163,-148.702783707598,0.290218908701149,0.149116866286025,0.200742733587484,0.0516258673014586
RT,VP0817,-8.37857606395704,-7.7032658507635,0.675310213193541,63.3980381022185,64.7486585286056,1.35062042638708,0.0348205532741541,0.0535035000351297,0.0186829467609756
RT,VP0818,-80.9451988520568,-80.4543093234197,0.490889528637069,-81.0895750020653,-80.1077959447912,0.981779057274139,0.116592792615815,0.0651375029648065,-0.0514552896510089
RT,VP0819,-313.640911641678,-317.517082404081,-3.87617076240252,-544.878623869814,-552.630965394619,-7.75234152480505,0.0298457370785594,0.0128392295908911,-0.0170065074876683
RT,VP0820,-48.6520554306153,-63.5563499534988,-14.9042945228835,-16.7778335478014,-46.5864225935685,-29.808589045767,0.0493553747426752,0.0020430255763582,-0.047312349166317
RT,VP0821,-493.33468831855,-495.712759480989,-2.37807116243869,-904.789943168832,-909.546085493709,-4.75614232487737,0.122561781120933,0.170025487768404,0.047463706647471
RT,VP0822,-158.195443315881,-157.306198325243,0.889244990638247,-235.676085803458,-233.897595822181,1.77848998127649,0.264063683416296,0.180745547230444,-0.0833181361858519
RT,VP0823,-155.420874993968,-154.828779275833,0.592095718135056,-228.215633947517,-227.031442511247,1.18419143627011,0.181177705432261,0.185253801517757,0.00407609608549589
RT,VP0824,107.915926293066,104.536734063199,-3.37919222986633,294.816154252845,288.057769793112,-6.75838445973267,0.116566502727878,0.0909589124326168,-0.0256075902952615
RT,VP0825,67.288849638336,65.4518173579034,-1.83703228043265,214.793040008687,211.118975447822,-3.6740645608653,0.0374685818919706,0.0349256004149024,-0.00254298147706822
RT,VP0826,-69.7744945146238,-70.7415742041404,-0.967079689516595,-60.2529815256946,-62.1871409047278,-1.93415937903319,0.0263437215204275,0.160746034814817,0.134402313294389
RT,VP0827,-219.459182205458,-213.617599001044,5.84158320441378,-358.348318052002,-346.665151643174,11.6831664088276,0.221605924803857,0.256700885311156,0.0350949605072989
RT,VP0828,-301.812456750094,-301.563047064679,0.249409685415117,-524.328905996636,-523.830086625806,0.498819370830233,0.126093704441808,0.0916010713897474,-0.0344926330520603
RT,VP0829,-149.077209657212,-148.713764814085,0.363444843127752,-219.136922605796,-218.410032919541,0.726889686255504,0.0682616648610917,0.197206380718314,0.128944715857223
RT,VP0830,-175.032842193004,-174.179440765849,0.853401427154381,-269.865353036812,-268.158550182503,1.70680285430876,0.271919899579634,0.37280535304208,0.100885453462446
RT,VP0831,140.043664579493,140.084448096101,0.0407835166082577,360.029586045529,360.111153078746,0.0815670332165155,0.350919489542923,0.329512042940967,-0.0214074466019566
RT,VP0832,-26.7662928016268,-28.5749214950702,-1.80862869344338,27.2396316025313,23.6223742156446,-3.61725738688676,0.202641628822018,0.189528093738648,-0.0131135350833699
RT,VP0833,-43.2623275852017,-48.7197392231701,-5.45741163796839,-5.53954060050317,-16.45436387644,-10.9148232759368,0.411349545431841,0.0599652997161766,-0.351384245715664
RT,VP0834,-125.575704919608,-123.621629155414,1.95407576419325,-169.429700437834,-165.521548909447,3.9081515283865,0.156067313525072,0.0703032614216282,-0.0857640521034435
RT,VP0836,86.5270664025192,87.5571632434316,1.03009684091245,253.224388950521,255.284582632346,2.0601936818249,0.0222188147372285,0.311470060895423,0.289251246158195
RT,VP0837,-194.426345494493,-193.645897962599,0.780447531893401,-307.237294575326,-305.676399511539,1.5608950637868,0.0881966011250105,0.0653991606606468,-0.0227974404643637
RT,VP0838,-86.1704002456745,-86.3407170154356,-0.170316769761143,-91.3135559776481,-91.6541895171704,-0.340633539522287,0.221387384560469,0.262503773297174,0.0411163887367044
RT,VP0839,-84.9271561262965,-93.1388142660413,-8.21165813974477,-89.082095046808,-105.505411326298,-16.4233162794895,0.143543488168828,0.0552131142666186,-0.088330373902209
RT,VP0840,-334.295155718678,-331.441318667579,2.85383705109814,-586.274932593505,-580.567258491309,5.70767410219628,0.102505036536594,0.161803398874989,0.0592983623383954
RT,VP0841,54.920741029622,54.2705151109768,-0.650225918645219,188.842392725149,187.541940887859,-1.30045183729044,0.29351991957528,0.243140080460478,-0.0503798391148028
RT,VP0842,-102.991615232489,-102.358690947854,0.63292428463518,-126.025638113089,-124.759789543819,1.26584856927036,0.0579325961165246,0.102858350257633,0.0449257541411081
RT,VP0843,-601.101231931125,-601.457136352819,-0.355904421694163,-1120.21902107546,-1120.93082991885,-0.711808843388326,0.110699698663684,0.103961099169079,-0.00673859949460501
RT,VP0844,-257.130574642305,-259.675893150056,-2.54531850775112,-432.187432025863,-437.278069041365,-5.09063701550224,0.18753452263835,0.0838682533195892,-0.103666269318761
RT,VP0845,-274.381540452566,-277.690073565115,-3.30853311254816,-466.625295154634,-473.24236137973,-6.61706622509632,0.163333509756064,0.138980135913449,-0.024353373842615
RT,VP0846,-182.050016047784,-186.444761009207,-4.3947449614231,-282.659428688307,-291.448918611153,-8.7894899228462,0.224741578823757,0.0267133152101937,-0.198028263613563
RT,VP0847,87.4030279450369,86.0420542016172,-1.36097374341966,252.929155976352,250.207208489512,-2.72194748683933,0.112475445307025,0.114447690856231,0.00197224554920636
RT,VP0848,-424.997638764434,-427.02315887826,-2.02552011382608,-768.300058204468,-772.35109843212,-4.05104022765215,0.174719960533018,0.303242567948414,0.128522607415396
RT,VP0849,-247.278477454774,-238.123493380071,9.15498407470307,-412.888284268545,-394.578316119139,18.3099681494061,0.00164462525732482,0.0638875118235356,0.0622428865662108
RT,VP0850,43.2294557190273,42.6462031098975,-0.583252609129829,166.121724908053,164.955219689793,-1.16650521825966,0.161152050727469,0.108420219423664,-0.0527318313038053
RT,VP0851,-21.4440911892349,-21.3230838162933,0.121007372941619,38.6737022408284,38.9157169867116,0.242014745883239,0.129053860075925,0.131508267228814,0.00245440715288897
RT,VP0852,-414.699332916804,-417.974550631585,-3.27521771478126,-748.413551263708,-754.96398669327,-6.55043542956253,0.203876197144215,0.00508499382965154,-0.198791203314564
RT,VP0853,-208.643695327285,-207.18123905975,1.46245626753426,-335.914699143335,-332.989786608267,2.92491253506853,0.138754767527399,0.19539114991873,0.0566363823913304
RT,VP0854,154.586707232109,154.090617702139,-0.49608952997005,390.242641528029,389.250462468089,-0.992179059940099,0.258447403222551,0.256938067686922,-0.00150933553562871
RT,VP0855,-24.9732290766308,-25.1847480140872,-0.211518937456447,30.8400703243449,30.417032449432,-0.423037874912893,0.134654501554457,0.180949995048315,0.0462954934938579
RT,VP0856,-106.616737215834,-108.051463917055,-1.43472670122105,-135.308428353447,-138.177881755889,-2.8694534024421,0.228497219387546,0.0248215253001454,-0.203675694087401
RT,VP0857,136.559278514839,139.707714810275,3.1484362954364,351.061743700922,357.358616291794,6.29687259087279,0.0191487444227915,0.0989024927268679,0.0797537483040764
RT,VP0858,-97.6403997823828,-94.5224338662621,3.11796591612068,-113.840196157505,-107.604264325263,6.23593183224136,0.00683291806101792,0.00488573577652036,-0.00194718228449756
RT,VP0859,207.481822386522,206.679539583307,-0.802282803214837,487.010289578323,485.405723971893,-1.60456560642967,0.0528029837008911,0.220478105695738,0.167675121994847
RT,VP0860,-477.740687882708,-479.356234758441,-1.61554687573334,-873.003409754865,-876.234503506332,-3.23109375146669,0.0297854080742759,0.042254155569365,0.0124687474950891
RT,VP0861,36.111377912797,35.2988526116885,-0.812525301108565,152.14965762367,150.524607021453,-1.62505060221713,0.186199594245567,0.0791374072666505,-0.107062186978916
RT,VP0862,-100.427570933065,-100.2739517821,0.153619150964914,-122.857697378259,-122.550459076329,0.307238301929829,0.21278960337401,0.0771460914421161,-0.135643511931893
RT,VP0863,-268.406211417418,-267.904387945258,0.501823472160652,-456.011600132788,-455.007953188467,1.0036469443213,0.175078694748573,0.30648729638548,0.131408601636908
RT,VP0864,-76.8204439167495,-79.7516235478793,-2.93117963112974,-74.1521050999003,-80.0144643621598,-5.86235926225947,0.157186184930207,0.0551635516819417,-0.102022633248266
RT,VP0865,-447.68622925262,-448.899139270284,-1.212910017664,-814.247482212238,-816.673302247566,-2.425820035328,0.111803398874989,0.218623688969512,0.106820290094522
RT,VP0866,-279.958337158737,-277.866599133126,2.09173802561151,-477.894459283707,-473.710983232484,4.18347605122301,0.0192718517992263,0.275335924831061,0.256064073031835
RT,VP0867,-167.401775911416,-167.116466780078,0.285309131338465,-252.820109036042,-252.249490773365,0.57061826267693,0.247814302306039,0.150667736730837,-0.0971465655752023
RT,VP0868,-30.4191282945123,-30.1878335613018,0.231294733210518,20.5344349222096,20.9970243886306,0.462589466421036,0.0194976467718115,0.0184559814652117,-0.00104166530659977
RT,VP0869,72.3781088055321,71.2428972820635,-1.13521152346857,223.872752020773,221.602328973836,-2.27042304693714,0.0203933636344395,0.287863263497213,0.267469899862774
RT,VP0870,-251.924672463558,-254.739063154226,-2.81439069066846,-422.022256143809,-427.651037525146,-5.62878138133692,0.301835929266682,0.33819660112501,0.0363606718583285
RT,VP0871,59.7915557943224,60.817930058278,1.02637426395563,199.601850569654,201.654599097565,2.05274852791126,0.359272346730495,0.0425679681031456,-0.31670437862735
RT,VP0872,63.8503959108764,64.5963966713331,0.746000760456639,207.990899150776,209.482900671689,1.49200152091328,0.0198825138045285,0.234254271920259,0.214371758115731
RT,VP0873,-148.765580474334,-144.866058265374,3.8995222089606,-217.604259150592,-209.805214732671,7.79904441792121,0.157372417912738,0.088560920447679,-0.0688114974650588
RT,VP0874,-225.710511296705,-225.836057841287,-0.125546544582392,-370.89474527998,-371.145838369145,-0.251093089164783,0.143295975250451,0.165137642490229,0.0218416672397778
RT,VP0875,-46.1695932327162,-44.6429619157487,1.52663131696755,-12.3969295788887,-9.34366694495364,3.05326263393511,0.0768288868240622,0.0525247367303088,-0.0243041500937534
RT,VP0876,-218.210270642886,-219.14439224274,-0.934121599854336,-354.912408156121,-356.78065135583,-1.86824319970867,0.0814010437804235,0.13220488631905,0.0508038425386269
RT,VP0877,-193.917849600303,-194.156710201158,-0.238860600855446,-307.816960219596,-308.294681421307,-0.477721201710892,0.190405269695583,0.0393024137839944,-0.151102855911589
RT,VP0878,-256.33013936532,-251.866567972187,4.46357139313261,-430.548079343779,-421.620936557513,8.92714278626522,0.420702320545944,0.336775954341528,-0.0839263662044157
RT,VP0879,-55.4934137198959,-55.5790868160912,-0.0856730961953076,-30.4167810808781,-30.5881272732688,-0.171346192390615,0.22056724243269,0.221522481321787,0.000955238889097432
RT,VP0880,-107.09660497382,-111.412283714366,-4.31567874054605,-132.119492688895,-140.750850169987,-8.6313574810921,0.10946961735404,0.0573176752550356,-0.0521519420990047
RT,VP0881,180.813924941521,176.547570756269,-4.26635418525177,438.310737887826,429.778029517323,-8.53270837050354,0.10575449547407,0.11076641580595,0.00501192033187967
RT,VP0882,-42.9886392555021,-42.9294003310982,0.0592389244038714,-8.89831494860198,-8.77983709979424,0.118477848807743,0.13986677966123,0.146496061495827,0.00662928183459685
RT,VP0883,-352.502690525016,-343.510481096799,8.992209428217,-622.983166016263,-604.998747159829,17.9844188564339,0.0020430255763582,0.187470373282851,0.185427347706493
RT,VP0884,-46.2995793245806,-47.0102094909172,-0.710630166336614,-11.7697984782532,-13.1910588109265,-1.42126033267323,0.261470061640482,0.108155911444365,-0.153314150196117
RT,VP0885,-145.417694470532,-146.694468280944,-1.27677381041195,-208.942904900547,-211.496452521371,-2.55354762082391,0.120034351623912,0.0573882920672263,-0.0626460595566855
RT,VP0886,28.5750027171995,28.1968193590346,-0.378183358164904,138.399478521307,137.643111804977,-0.756366716329808,0.211422323461338,0.0442188501102058,-0.167203473351132
RT,VP0887,48.7558897499432,43.4854206043453,-5.27046914559787,177.221621116293,166.680682825098,-10.5409382911957,0.111100961126786,0.0146551805646822,-0.0964457805621037
RT,VP0888,-127.319740618137,-131.185500437265,-3.86575981912796,-173.294062464052,-181.025582102308,-7.73151963825592,0.122574212703413,0.0428429847238633,-0.0797312279795501
RT,VP0889,18.7127124128049,18.2045939575188,-0.50811845528608,118.906591651777,117.890354741204,-1.01623691057216,0.123083138390203,0.0516349728519473,-0.0714481655382552
RT,VP0890,-105.653107760409,-108.609602079976,-2.95649431956724,-130.001822429581,-135.914811068716,-5.91298863913448,0.15425491170477,0.231201504373052,0.0769465926682824
RT,VP0891,102.133591606448,102.669299378802,0.535707772353646,285.639874724131,286.711290268838,1.07141554470729,0.268266368541699,0.172286434290744,-0.0959799342509551
RT,VP0892,-265.05875148889,-268.09768643271,-3.03893494381975,-448.435550653075,-454.513420540714,-6.07786988763951,0.10482545018844,0.115446855481921,0.0106214052934812
RT,VP0893,-599.008530819727,-595.437277726743,3.57125309298385,-1115.68909758207,-1108.54659139611,7.1425061859677,0.36351064638841,0.259427846806931,-0.104082799581479
RT,VP0894,-195.070277072031,-194.979117575229,0.0911594968016516,-308.248070103544,-308.065751109941,0.182318993603303,0.00339734302111648,0.00621295300389848,0.002815609982782
RT,VP0895,-31.0211402600262,-27.1968143071358,3.82432595289038,19.2071925668554,26.8558444726361,7.64865190578075,0.143228990936871,0.155370112520913,0.0121411215840423
RT,VP0896,64.0049416331541,67.3129417692423,3.30800013608825,208.966828809189,215.582829081365,6.61600027217651,0.0251757107302161,0.0563452947746251,0.031169584044409
RT,VP0897,-31.7368840024897,-35.6895945139415,-3.95271051145187,17.4407996245235,9.53537860161978,-7.90542102290374,0.139634761905291,0.00723084678791734,-0.132403915117374
RT,VP0898,-365.122552530898,-364.498589668402,0.623962862496171,-648.209993734471,-646.962068009479,1.24792572499234,0.307528359812217,0.221169106743132,-0.0863592530690853
RT,VP0899,-305.648052353319,-305.253501674624,0.394550678694486,-528.843009171311,-528.053907813922,0.789101357388972,0.164509667013682,0.150131316051784,-0.0143783509618977
RT,VP0900,158.765113939443,161.426913450088,2.6617995106449,395.272343585389,400.595942606678,5.32359902128979,0.00339734302111648,0.00164462525732482,-0.00175271776379166
RT,VP0901,-91.2200314266138,-95.6725320302295,-4.45250060361565,-101.826406512943,-110.731407720175,-8.90500120723129,0.162321334530411,0.0135689504100192,-0.148752384120392
RT,VP0902,1.42526240053905,1.9730534725964,0.54779107205735,83.6227420068631,84.7183241509778,1.0955821441147,0.341935347310329,0.365934666788248,0.0239993194779185
RT,VP0903,158.883142234078,158.044966735355,-0.838175498722933,395.78176051464,394.105409517194,-1.67635099744587,0.137863265732387,0.270561675368176,0.132698409635788
RT,VP0904,-29.6608891285888,-28.8733567115049,0.787532417083924,21.9001402826059,23.4752051167737,1.57506483416785,0.129331413467526,0.086695070361435,-0.0426363431060905
RT,VP0905,-57.0385285036198,-56.0999052781016,0.938623225518199,-32.5823994545254,-30.705153003489,1.8772464510364,0.0701561794049669,0.0983677932493448,0.0282116138443779
RT,VP0906,44.2983014616476,43.5855794471594,-0.712722014488236,168.523504721371,167.098060692395,-1.42544402897647,0.163667154000196,0.165875642393071,0.00220848839287416
RT,VP0907,-29.864966521887,-29.6403129009864,0.224653620900597,19.6306775767808,20.079984818582,0.449307241801193,0.27774348542669,0.194946969795811,-0.082796515630879
RT,VP0908,-209.536980141222,-210.553820102562,-1.01683996134051,-336.386650840677,-338.420330763358,-2.03367992268102,0.157946123238942,0.205137563281409,0.0471914400424674
RT,VP0909,-152.612550968604,-151.708368218624,0.904182749979213,-225.768234116037,-223.959868616079,1.80836549995843,0.0846539977693879,0.135173322296309,0.0505193245269211
RT,VP0910,-96.6747991000913,-99.5777139196373,-2.90291481954608,-112.308343177009,-118.114172816101,-5.80582963909217,0.143539392533619,0.00508499382965154,-0.138454398703968
RT,VP0911,-19.7621016556164,-19.9461166560752,-0.184015000458771,41.9164000960282,41.5483700951106,-0.368030000917543,0.16355718520779,0.240349638322449,0.0767924531146595
RT,VP0912,-67.0006087840572,-71.6614731166015,-4.66086433254435,-53.0866499386115,-62.4083786037002,-9.3217286650887,0.0583383855169517,0.0344725062166421,-0.0238658793003096
RT,VP0913,-444.699463618279,-442.068793256627,2.63067036165239,-807.033286539123,-801.771945815818,5.26134072330478,0.249648718545176,0.122831668854474,-0.126817049690702
RT,VP0914,-166.354456831073,-165.256520477322,1.09793635375121,-251.187320071186,-248.991447363684,2.19587270750242,0.0543920635118068,0.0732734633198189,0.0188813998080121
RT,VP0915,-113.94859705267,-114.666015450716,-0.717418398046732,-145.63228852202,-147.067125318114,-1.43483679609346,0.0864618569038963,0.119767062652332,0.0333052057484356
RT,VP0916,186.148662154519,186.495747022884,0.34708486836476,451.046653433363,451.740823170093,0.694169736729521,0.213385680052791,0.189802157072263,-0.0235835229805283
RT,VP0917,-163.058931830926,-164.446056204632,-1.38712437370606,-244.212343226788,-246.9865919742,-2.77424874741212,0.214376971276521,0.227791804401022,0.0134148331245014
RT,VP0918,-186.758866264311,-185.906208321407,0.852657942903875,-291.265478501561,-289.560162615753,1.70531588580775,0.0407266926316591,0.0711193515271099,0.0303926588954508
RT,VP0919,406.793578227152,409.337136081293,2.54355785414134,890.685584741168,895.77270044945,5.08711570828268,0.0175558594133208,0.0346801170101595,0.0171242575968387
RT,VP0920,14.2301930675427,12.9979032931401,-1.2322897744026,109.515635328941,107.051055780136,-2.4645795488052,0.0660432282455446,0.0471778225609631,-0.0188654056845815
RT,VP0921,54.1587323828169,56.6898274882411,2.53109510542419,187.499573109008,192.561763319856,5.06219021084837,0.0188187090606911,0.175061405806075,0.156242696745384
RT,VP0922,-155.316631113466,-156.584301403038,-1.2676702895721,-229.356297719065,-231.89163829821,-2.53534057914419,0.125824789214659,0.12814921593662,0.00232442672196145
RT,VP0923,-129.411999266339,-129.100414023712,0.311585242627359,-177.075857402548,-176.452686917294,0.623170485254718,0.198396576974329,0.151688893124972,-0.0467076838493575
RT,VP0924,36.9004790150397,36.9612958994962,0.0608168844564716,154.046261324478,154.167895093391,0.121633768912943,0.479839525097483,0.0794983462430739,-0.400341178854409
RT,VP0925,-50.395538073302,-53.0395192768519,-2.64398120354991,-20.4711921273646,-25.7591545344645,-5.28796240709983,0.128658744208719,0.0425986166601663,-0.0860601275485522
RT,VP0926,-139.45664267888,-137.606660267858,1.8499824110221,-196.813899640029,-193.113934817985,3.69996482204419,0.0222328770683982,0.222224493743757,0.199991616675359
RT,VP0927,-409.45077621732,-407.563447972034,1.88732824528608,-736.436015218573,-732.661358728001,3.77465649057217,0.339629057704463,0.24544457154976,-0.0941844861547025
RT,VP0928,84.6536357602528,83.4194526510078,-1.23418310924507,243.930472956806,241.462106738316,-2.46836621849013,0.0454062274029529,0.218524663584268,0.173118436181315
RT,VP0929,-262.256906017123,-263.848081064179,-1.59117504705534,-442.726132153355,-445.908482247465,-3.18235009411069,0.263759949749507,0.353201095956398,0.0894411462068909
RT,VP0930,-181.021517770491,-180.803961690841,0.21755607965008,-282.100778654438,-281.665666495138,0.435112159300161,0.0643487851893014,0.256185041798659,0.191836256609358
RT,VP0931,-181.280348134345,-180.681085937031,0.599262197314147,-284.085664801279,-282.88714040665,1.19852439462829,0.148744718651808,0.135633666373901,-0.013111052277907
RT,VP0932,384.184869352753,386.573702553427,2.38883320067424,843.576145288002,848.35381168935,4.77766640134848,0.042203923448533,0.0364075210149234,-0.00579640243360958
RT,VP0933,197.975625409944,202.288366766964,4.31274135701949,464.072296447108,472.697779161147,8.62548271403898,0.013054877402306,0.181995320487483,0.168940443085177
RT,VP0934,-25.8213110022669,-25.9192152882829,-0.0979042860159893,28.9565152777179,28.760706705686,-0.195808572031979,0.20370218135021,0.227182263378051,0.023480082027841
RT,VP0935,204.026905788331,207.870762052851,3.84385626452033,489.371895485128,497.059608014169,7.68771252904065,0.0220991831259705,0.163588495435239,0.141489312309269
RT,VP0936,-133.212356449239,-136.790818231589,-3.57846178234979,-185.453674576526,-192.610598141225,-7.15692356469958,0.263885925577329,0.270199537630486,0.00631361205315711
RT,VP0937,145.833676359872,139.031489128156,-6.80218723171629,372.222827127869,358.618452664436,-13.6043744634326,0.13042608026298,0.0195323960321095,-0.110893684230871
RT,VP0938,78.6965580187193,73.848092245548,-4.84846577317131,238.46234310125,228.765411554907,-9.69693154634263,0.150399162309187,0.0126888042452276,-0.137710358063959
RT,VP0939,-212.430974443681,-213.160171295286,-0.729196851605025,-342.346773544673,-343.805167247883,-1.45839370321005,0.219911769393308,0.22259995163419,0.00268818224088233
RT,VP0940,-108.18103880548,-107.021617330061,1.15942147541938,-136.042193591721,-133.723350640883,2.31884295083876,0.0558833903638334,0.122710641196398,0.0668272508325647
RT,VP0941,-230.985608173583,-232.012667782966,-1.02705960938363,-381.056648717663,-383.11076793643,-2.05411921876726,0.0681739203756785,0.0445117973319239,-0.0236621230437546
RT,VP0942,-282.70262919524,-282.760786428934,-0.0581572336936347,-483.749884149728,-483.866198617116,-0.116314467387269,0.200384930729376,0.205591493503434,0.00520656277405826
RT,VP0943,157.880834363622,159.114162588553,1.2333282249316,394.254028717522,396.720685167386,2.46665644986319,0.250399456462374,0.131125343096824,-0.11927411336555
RT,VP0944,-182.051658537634,-181.574603865595,0.477054672039003,-284.346630897094,-283.392521553016,0.954109344078006,0.12067576897033,0.161019020659662,0.0403432516893323
RT,VP0945,-168.663583044665,-175.460458650348,-6.79687560568277,-256.105247549547,-269.698998760912,-13.5937512113655,0.106218694745722,0.0640827127260788,-0.0421359820196433
RT,VP0946,256.032530509888,254.920739754334,-1.1117907555539,589.565120419914,587.341538908806,-2.2235815111078,0.113250908610935,0.0525154108433212,-0.0607354977676136
RT,VP0947,138.374157571713,137.744020982157,-0.630136589555832,351.608210643901,350.347937464789,-1.26027317911166,0.126343013658582,0.0767656455447184,-0.0495773681138636
RT,VP0948,-240.414911219844,-239.142025936586,1.27288528325863,-398.439129541088,-395.89335897457,2.54577056651726,0.0708524865031787,0.16074684234178,0.0898943558386011
RT,VP0949,-92.5898881279525,-86.6276302722495,5.962257855703,-106.362841318961,-94.4383256075552,11.924515711406,0.581175111146513,0.256501606212584,-0.324673504933929
RT,VP0950,-286.666740257669,-279.083973452774,7.58276680489564,-491.63826119094,-476.472727581148,15.1655336097913,0.00443911082125596,0.187863264987329,0.183424154166073
RT,VP0951,-313.612245749872,-317.935395796736,-4.32315004686353,-545.449976732624,-554.096276826352,-8.64630009372706,0.187277309937024,0.192185134605012,0.00490782466798895
RT,VP0952,-337.113340924248,-331.599370726244,5.51397019800396,-592.025167854749,-580.997227458741,11.027940396008,0.201377273215742,0.201232533599955,-0.000144739615787648
RT,VP0953,-269.018752691516,-267.830859828345,1.18789286317121,-455.671864685597,-453.296078959255,2.37578572634243,0.00781567019900251,0.00373067641004122,-0.00408499378896129
RT,VP0954,-87.7979429230593,-85.6033178173386,2.19462510572077,-94.0742922551586,-89.685042043717,4.38925021144155,0.0423472393050605,0.0592166361962255,0.016869396891165
RT,VP0955,-166.49732403641,-169.117340670162,-2.62001663375167,-252.453763332146,-257.69379659965,-5.24003326750332,0.0219203573070875,0.0359919635055594,0.0140716061984719
RT,VP0956,-51.7810416198838,-51.8167167219493,-0.0356751020655111,-22.7755547621611,-22.8469049662922,-0.0713502041310221,0.161136727391173,0.185944785900532,0.0248080585093595
RT,VP0957,-117.191508339845,-116.162797267002,1.02871107284261,-154.078011769611,-152.020589623925,2.05742214568522,0.225615347985722,0.246839232681927,0.0212238846962058
RT,VP0958,-164.631191290001,-165.748902708153,-1.11771141815171,-247.396013892556,-249.631436728859,-2.23542283630343,0.0207300301175862,0.395636489509887,0.3749064593923
RT,VP0959,-248.041080821892,-246.805132796687,1.235948025205,-413.579376596466,-411.107480546056,2.47189605041001,0.246717897340403,0.188529937262692,-0.0581879600777114
RT,VP0960,-117.509483867849,-119.361191569014,-1.85170770116548,-153.810850232512,-157.514265634843,-3.70341540233096,0.037558144127247,0.111410839219486,0.0738526950922394
RT,VP0961,-221.735974592517,-219.995193205722,1.74078138679471,-361.334163434535,-357.852600660945,3.48156277358942,0.0335373939089557,0.0312068808560415,-0.00233051305291424
RT,VP0962,21.2133082163343,20.1427516899074,-1.07055652642691,122.475812282819,120.334699229965,-2.14111305285383,0.17100788624151,0.217746314172541,0.0467384279310306
RT,VP0963,-308.121622731174,-303.596358190187,4.52526454098722,-536.148508760575,-527.0979796786,9.05052908197445,0.162368907592118,0.166974627716448,0.00460572012432994
RT,VP0964,-293.411344489524,-288.484760372313,4.92658411721106,-505.100979577666,-495.247811343244,9.85316823442213,0.512136739834788,0.248514228540413,-0.263622511294375
RT,VP0965,-32.3530204763189,-32.5725662493164,-0.219545772997435,16.1659985756482,15.7269070296533,-0.43909154599487,0.036634341827846,0.0486423712678975,0.0120080294400514
RT,VP0966,-137.879495146191,-137.243734666894,0.635760479296835,-195.664253590609,-194.392732632015,1.27152095859367,0.00957958379925404,0.00302098420706547,-0.00655859959218857
RT,VP0967,74.0870556181818,73.3407653761498,-0.746290242032046,227.742311864072,226.249731380008,-1.49258048406409,0.177965703160366,0.192479267529677,0.014513564369311
RT,VP0968,66.0332027922083,68.0207233544506,1.98752056224231,211.199367101414,215.174408225899,3.97504112448462,0.011348991093935,0.413981341059427,0.402632349965492
RT,VP0969,-91.6117018436893,-115.89484408372,-24.2831422400304,-102.42258098533,-150.988865465391,-48.5662844800608,0.0411138814040828,0.00235431746030057,-0.0387595639437822
RT,VP0970,253.924216808366,255.347600625386,1.42338381702027,587.063195041478,589.909962675519,2.84676763404048,0.22831364940778,0.123606797749979,-0.104706851657801
RT,VP0971,-85.6497504785152,-85.6586489076162,-0.0088984291009524,-94.9431637145449,-94.9609605727468,-0.0177968582019048,0.082230336792051,0.0815986994616571,-0.000631637330393828
RT,VP0972,-240.403647110895,-232.81888192437,7.58476518652554,-399.696230973826,-384.526700600775,15.1695303730511,0.0240373960759937,0.173855415457783,0.14981801938179
RT,VP0973,9.69006249503593,12.645242248648,2.95517975361207,98.5785709806259,104.48893048785,5.91035950722414,0.431720247832558,0.324535080925736,-0.107185166906821
RT,VP0974,-274.111664701449,-274.894330338113,-0.782665636663751,-466.214024537131,-467.779355810459,-1.5653312733275,0.247145874987635,0.152431103787229,-0.0947147712004069
RT,VP0975,53.7307756026475,55.6491472624066,1.91837165975915,188.01702561342,191.853768932938,3.83674331951829,0.0606924127557458,0.12183123822029,0.0611388254645447
RT,VP0976,314.297418097304,313.611232036917,-0.686186060387797,706.300028795058,704.927656674282,-1.37237212077559,0.0809946134823594,0.0286273163744623,-0.0523672971078971
RT,VP0977,-304.010157743101,-302.255237180148,1.75492056295315,-526.63401081412,-523.124169688214,3.50984112590629,0.0864511573041138,0.0859927314153493,-0.000458425888764491
RT,VP0978,319.049782696658,322.259722767295,3.20994007063723,716.329332848601,722.749212989875,6.41988014127446,0.00681384845783633,0.119283978324288,0.112470129866451
RT,VP0979,16.5054390101554,18.7132333049931,2.20779429483764,108.148778232163,112.564366821839,4.41558858967528,0.0166898432393807,0.115335219437417,0.098645376198036
RT,VP0980,-420.875108038876,-424.893870264254,-4.01876222537737,-760.148175258126,-768.185699708881,-8.03752445075474,0.236198693287237,0.0215170039669939,-0.214681689320243
RT,VP0981,101.801613104965,103.172496787512,1.37088368254678,277.984970807838,280.726738172932,2.74176736509355,0.0706730746770475,0.0289844504467333,-0.0416886242303142
RT,VP0982,-93.2203760567707,-92.0772439496404,1.14313210713027,-106.777938643543,-104.491674429283,2.28626421426054,0.0509969765199384,0.0436631642144244,-0.00733381230551401
RT,VP0983,-190.290293264827,-179.504847002413,10.7854462624136,-298.053033671685,-276.482141146857,21.5708925248272,0.00235431746030057,0.0196840944286981,0.0173297769683975
RT,VP0984,208.878378133888,207.85962111376,-1.01875702012813,497.261464683871,495.223950643615,-2.03751404025627,0.157192443400197,0.169015065578121,0.0118226221779242
RT,VP0985,-189.720693358498,-191.619317044969,-1.89862368647152,-297.445005923561,-301.242253296504,-3.79724737294305,0.285570973089179,0.2965063401412,0.0109353670520208
RT,VP0986,-120.259550601689,-119.111635308068,1.14791529362139,-159.160038313712,-156.864207726469,2.29583058724279,0.132541862855828,0.129520969996973,-0.00302089285885504
RT,VP0987,-181.411913898919,-179.828560985267,1.58335291365267,-280.918307362775,-277.751601535469,3.16670582730535,0.0596491263547734,0.24807163666606,0.188422510311287
RT,VP0988,62.7385016972617,63.2990392414116,0.560537544149895,204.626369562059,205.747444650359,1.12107508829979,0.11839050203532,0.162273044683312,0.0438825426479919
RT,VP0989,-364.014473184525,-364.228215995103,-0.213742810578765,-645.968083958881,-646.395569580038,-0.42748562115753,0.140322209860647,0.13581855272991,-0.00450365713073692
RT,VP0990,-393.052512650779,-397.928188739188,-4.87567608840953,-704.436354660553,-714.187706837372,-9.75135217681907,0.16626329724739,0.239816028210319,0.0735527309629294
RT,VP0991,-224.431419878622,-226.330455568302,-1.89903568968026,-367.821584734071,-371.619656113431,-3.79807137936052,0.0453767455766212,0.0303552481385592,-0.015021497438062
RT,VP0992,-86.6832091444117,-88.2516246202409,-1.56841547582923,-91.0888744736884,-94.2257054253468,-3.13683095165845,0.230964669341172,0.136187192419861,-0.0947774769213108
RT,VP0993,-214.606479686933,-219.39738593296,-4.79090624602702,-346.948053790547,-356.529866282602,-9.58181249205404,0.084859091257832,0.0777296708562042,-0.00712942040162785
RT,VP0994,118.396093629535,118.788315640714,0.392222011178774,317.434829120693,318.219273143051,0.784444022357548,0.136953841617341,0.146805152613694,0.0098513109963532
RT,VP0995,-216.219267219374,-210.503580179206,5.71568704016806,-350.429229572982,-338.997855492646,11.4313740803361,0.147785143943431,0.182304568987736,0.0345194250443048
RT,VP0996,-244.750011592284,-242.214922926562,2.53508866572253,-407.897982364942,-402.827805033497,5.07017733144505,0.20748153407931,0.114826742491198,-0.0926547915881123
RT,VP0997,252.322482742433,228.55525702502,-23.7672257174137,579.736976539459,532.202525104631,-47.5344514348274,0.285024779291647,0.00268765083368302,-0.282337128457964
RT,VP0998,13.8901082001475,14.4118572349245,0.521749034777031,107.950472545778,108.993970615332,1.04349806955406,0.198323996790123,0.0493553747426752,-0.148968622047448
RT,VP0999,-357.84523779783,-356.222409867767,1.62282793006318,-633.400306845115,-630.154650984989,3.24565586012636,0.137809709358252,0.0863126802771091,-0.051497029081143
RT,VP1000,-176.892439887566,-173.011675062283,3.88076482528334,-270.701336237472,-262.939806586905,7.76152965056667,0.00959349094994341,0.276062945740653,0.266469454790709
Error,VP0001,341.670055701721,341.208693547245,-0.461362154476319,753.047412184877,752.124687875924,-0.922724308952638,0.109298454765895,0.0963083377281873,-0.0129901170377082
Error,VP0002,401.0748207945,405.444449195512,4.36962840101228,871.542181049415,880.281437851439,8.73925680202456,0.00864342692993349,0.177850749369145,0.169207322439211
Error,VP0003,332.926184640006,336.740868611341,3.81468397133551,735.360516964437,742.989884907108,7.62936794267102,0.381866270569861,0.155518556303359,-0.226347714266502
Error,VP0004,282.775322495802,283.860687160225,1.08536466442308,633.474089266312,635.644818595158,2.17072932884616,0.10373406692561,0.0379336415380843,-0.065800425387526
Error,VP0005,310.068732529031,301.031963754875,-9.03676877415569,688.837999176042,670.764461627731,-18.0735375483114,0.0546922213809959,0.0729401288946259,0.0182479075136299
Error,VP0006,485.448196106852,484.177840992514,-1.27035511433775,1040.15234418481,1037.61163395613,-2.54071022867538,0.196222198463046,0.0794866870191726,-0.116735511443874
Error,VP0007,313.334890973765,315.892466403672,2.55757542990619,696.301681806233,701.416832666046,5.11515085981239,0.0206276526056881,0.157479701976127,0.136852049370439
Error,VP0008,280.325653938941,278.002995909909,-2.32265802903106,630.092179960176,625.446863902114,-4.64531605806212,0.160920058520004,0.0950205507292637,-0.0658995077907402
Error,VP0009,431.207424112978,431.086585633528,-0.120838479450356,931.855720308251,931.614043349351,-0.241676958900712,0.122427837450212,0.151694393940403,0.029266556490191
Error,VP0010,246.412331502903,244.787389673754,-1.62494182914961,562.616115756495,559.366232098195,-3.24988365829927,0.061507018686578,0.0961800902935954,0.0346730716070174
Error,VP0011,307.932945043657,308.690499388244,0.757554344587447,684.700515951444,686.215624640619,1.51510868917489,0.0726152871073087,0.0539229049892012,-0.0186923821181075
Error,VP0012,321.416901868949,323.141002503013,1.72410063406392,712.361090184147,715.809291452275,3.44820126812783,0.106102873057035,0.0719172820055557,-0.0341855910514796
Error,VP0013,322.456785363056,320.030769656397,-2.42601570665818,714.779235320175,709.927203906859,-4.85203141331635,0.236749846125077,0.193148560937235,-0.0436012851878423
Error,VP0014,321.246702501604,320.712337195877,-0.534365305727135,712.284857753896,711.216127142442,-1.06873061145427,0.0175139334604336,0.00975686029681159,-0.00775707316362196
Error,VP0015,431.778899198088,432.246477568395,0.467578370306796,933.349251146865,934.284407887478,0.935156740613593,0.180228343769702,0.0711481123478562,-0.109080231421846
Error,VP0016,324.685666098525,323.408796496412,-1.27686960211344,718.297748608772,715.744009404545,-2.55373920422687,0.169516112416978,0.175752118984807,0.00623600656782874
Error,VP0017,336.680581308043,336.199742150529,-0.480839157513856,742.378534682652,741.416856367624,-0.961678315027712,0.407857091387878,0.468429135367562,0.0605720439796839
Error,VP0018,304.117171862731,304.957206564345,0.840034701613718,677.847304184564,679.527373587791,1.68006940322744,0.22051230111974,0.184514952798026,-0.0359973483217144
Error,VP0019,348.690117567932,353.530550641625,4.84043307369342,766.407662507449,776.088528654836,9.68086614738695,0.0121390144781065,0.163854990964436,0.151715976486329
Error,VP0020,406.752982754235,408.127446527709,1.37446377347356,882.975725429825,885.724652976772,2.74892754694724,0.106973597854153,0.15976467179874,0.0527910739445875
Error,VP0021,333.297610168569,332.046103977197,-1.25150619137179,736.368033753446,733.865021370702,-2.50301238274358,0.238196601125011,0.264248884881228,0.0260522837562173
Error,VP0022,419.541494158703,422.866743656664,3.3252494979605,908.73379177342,915.384290769341,6.650498995921,0.142233186702762,0.189335153390782,0.0471019666880203
Error,VP0023,377.402987363036,378.199260788624,0.796273425588197,824.198514186487,825.791061037664,1.59254685117639,0.0743217759986982,0.0981846608476343,0.023862884848936
Error,VP0024,373.738637424572,373.3900313699,-0.348606054672075,816.752853911927,816.055641802583,-0.69721210934415,0.012125588917006,0.0145240311504162,0.00239844223341019
Error,VP0025,179.565375477983,180.630959480028,1.06558400204497,428.581261593224,430.712429597314,2.13116800408994,0.23070531518478,0.313813516310434,0.0831082011256546
Error,VP0026,292.261074415744,283.663430564474,-8.59764385127056,654.25757902669,637.062291324149,-17.1952877025411,0.0121431745477983,0.00470806909528185,-0.00743510545251645
Error,VP0027,341.158050827493,341.538127670535,0.380076843042048,751.728002205671,752.488155891755,0.760153686084095,0.0955803189601967,0.0893975699987132,-0.00618274896148356
Error,VP0028,336.058657796017,336.603213622209,0.544555826191527,741.673241675997,742.76235332838,1.08911165238305,0.0107922918658825,0.00992682443119795,-0.000865467434684531
Error,VP0029,316.652764646355,317.776187840061,1.12342319370589,702.522111134221,704.768957521632,2.24684638741178,0.103776618206056,0.118560158328021,0.0147835401219647
Error,VP0030,467.8676624472,467.592789271617,-0.274873175582741,1005.56395240909,1005.01420605792,-0.549746351165481,0.122093370909992,0.141982564145405,0.019889193235413
Error,VP0031,350.604885502894,348.472137218251,-2.13274828464358,771.056934206971,766.791437637684,-4.26549656928717,0.365831333907944,0.405459577866644,0.0396282439586997
Error,VP0032,247.865302317295,244.796621722123,-3.06868059517268,565.577767835774,559.440406645428,-6.13736119034536,0.173940133670255,0.175211906048001,0.00127177237774567
Error,VP0033,280.794116710861,275.088338730245,-5.70577798061601,631.416860936411,620.005304975179,-11.411555961232,0.0507969109025279,0.026091320942204,-0.0247055899603239
Error,VP0034,312.278804693449,313.931536214701,1.65273152125189,693.891839644206,697.197302686709,3.30546304250379,0.28022950097765,0.0953298624172082,-0.184899638560441
Error,VP0035,318.293426903611,324.567028264024,6.27360136041335,705.862432870004,718.409635590831,12.5472027208267,0.0143091344595856,0.287863263497213,0.273554129037628
Error,VP0036,201.765196611931,202.673769099062,0.908572487130328,473.171749348045,474.988894322306,1.81714497426066,0.271317934127857,0.232105689096886,-0.0392122450309708
Error,VP0037,372.117669514139,373.968911507167,1.85124199302811,814.036098433896,817.738582419953,3.70248398605622,0.0739401321801391,0.0862742116359684,0.0123340794558294
Error,VP0038,385.248860405586,385.759069659067,0.510209253480809,837.914727757694,838.935146264655,1.02041850696162,0.411210126602281,0.180924169032478,-0.230285957569803
Error,VP0039,321.269442633603,320.076249637692,-1.19319299591132,712.311698683513,709.925312691691,-2.38638599182264,0.02861942349265,0.150415948991093,0.121796525498443
Error,VP0040,244.938346926385,244.136369688927,-0.801977237457862,559.612124047971,558.008169573055,-1.60395447491567,0.269819109158812,0.111470063875656,-0.158349045283156
Error,VP0041,426.253659015753,423.559368801794,-2.69429021395973,921.18706212121,915.79848169329,-5.38858042791946,0.0927019076176874,0.0135980421010332,-0.0791038655166542
Error,VP0042,316.29918155244,315.735684675503,-0.563496876937734,702.35250237944,701.225508625565,-1.12699375387547,0.169968635004517,0.201057753210787,0.0310891182062697
Error,VP0043,279.744232351115,284.203897681047,4.45966532993174,629.261278118538,638.180608778401,8.91933065986348,0.119363919326837,0.0711030447963619,-0.0482608745304753
Error,VP0044,273.296010011448,275.981722448586,2.68571243713751,616.042530660155,621.41395553443,5.37142487427514,0.280686070705828,0.4109146574241,0.130228586718273
Error,VP0045,363.029293706062,362.879990799241,-0.149302906820992,795.56673509655,795.268129282908,-0.298605813641984,0.0334422926455477,0.128381442222307,0.0949391495767592
Error,VP0046,286.752183978697,285.225113223902,-1.52707075479515,643.370032551459,640.315891041869,-3.05414150959029,0.122386739158745,0.0969233017969437,-0.0254634373618014
Error,VP0047,524.787206799206,522.99693065945,-1.79027613975654,1117.67583809956,1114.09528582005,-3.58055227951309,0.0121300866079355,0.00339734302111648,-0.00873274358681897
Error,VP0048,349.869387334549,349.055358390423,-0.814028944125482,769.408446055237,767.780388166986,-1.62805788825096,0.175049866933644,0.211136725901057,0.0360868589674128
Error,VP0049,301.871020643473,299.24227505571,-2.62874558776286,673.570668801635,668.313177626109,-5.25749117552573,0.166600209543209,0.152918108264005,-0.0136821012792033
Error,VP0050,373.214012224981,373.390474144815,0.176461919834139,816.256651964651,816.609575804319,0.352923839668279,0.0748155088225782,0.290920968393149,0.21610545957057
Error,VP0051,340.828561542436,336.477857589234,-4.35070395320122,751.270083543973,742.56867563757,-8.70140790640244,0.164094028802253,0.0395171050531531,-0.1245769237491
Error,VP0052,233.222709033997,234.131901481258,0.909192447260352,535.552925947614,537.371310842135,1.8183848945207,0.122414677414343,0.160782283028863,0.0383676056145202
Error,VP0053,313.69472517911,317.629660795375,3.93493561626502,695.633187058652,703.503058291182,7.86987123253004,0.140409532917002,0.111470063875656,-0.0289394690413461
Error,VP0054,294.548513646747,293.015097717065,-1.53341592968195,658.652953377456,655.586121518093,-3.0668318593639,0.101908471887357,0.209423167736482,0.107514695849125
Error,VP0055,395.506619541854,394.247721443019,-1.2588980988354,860.616716374722,858.098920177051,-2.5177961976708,0.0358869795559038,0.0111901043470398,-0.024696875208864
Error,VP0056,403.888235822714,405.883318485598,1.99508266288456,876.580312467287,880.570477793056,3.99016532576911,0.00406400979896596,0.00476699712763763,0.000702987328671666
Error,VP0057,336.553649035585,336.157526024708,-0.396123010877318,740.405538776065,739.61329275431,-0.792246021754636,0.173924553374209,0.261803398874989,0.087878845500781
Error,VP0058,379.875539170082,383.197030671103,3.32149150102066,829.505217614724,836.148200616766,6.64298300204132,0.0973230276124729,0.104097205913619,0.00677417830114639
Error,VP0059,452.228562650317,452.940761457122,0.712198806805191,973.99396740934,975.41836502295,1.42439761361038,0.259370611976518,0.120072561380118,-0.139298050596401
Error,VP0060,348.487127511423,348.228056673165,-0.259070838258197,766.501541469095,765.983399792579,-0.518141676516393,0.109294702024254,0.0933586868269713,-0.0159360151972829
Error,VP0061,284.940273422663,283.196779379606,-1.74349404305696,636.949170211354,633.46218212524,-3.48698808611391,0.0932310416811951,0.0602613526308668,-0.0329696890503284
Error,VP0062,389.896346463087,392.23111463384,2.33476817075234,849.574830352482,854.244366693986,4.66953634150468,0.038382006732936,0.115671772369536,0.0772897656365996
Error,VP0063,465.369274085646,463.721511055202,-1.64776303044448,999.521812854206,996.226286793317,-3.29552606088896,0.124096046643996,0.0631972482086928,-0.0608987984353037
Error,VP0064,454.873945885138,452.918064578249,-1.95588130688895,978.835439563428,974.92367694965,-3.91176261377791,0.0720436093376563,0.0328598380376854,-0.0391837712999709
Error,VP0065,314.971322513659,314.947931743761,-0.0233907698985263,699.431617250451,699.384835710654,-0.0467815397970526,0.160744551771443,0.180010720703315,0.019266168931872
Error,VP0066,351.040799603205,358.119133956962,7.07833435375704,771.627987855219,785.784656562733,14.1566687075141,0.0265278511086433,0.0762186386423661,0.0496907875337228
Error,VP0067,308.871116779482,309.269842168631,0.398725389148922,687.221604245114,688.019055023412,0.797450778297843,0.0800731770740158,0.15012708004773,0.070053902973714
Error,VP0068,397.663570849308,397.612907471169,-0.0506633781396317,864.324372771466,864.223046015186,-0.101326756279263,0.151472114387444,0.108088331661705,-0.043383782725739
Error,VP0069,351.700607220166,349.794007092147,-1.90660012801959,773.136644635534,769.323444379495,-3.81320025603918,0.178035217592657,0.132877552308327,-0.0451576652843294
Error,VP0070,353.675466211777,353.29744116163,-0.37802505014713,774.541063967406,773.785013867112,-0.75605010029426,0.219157147907041,0.0236607288828628,-0.195496419024178
Error,VP0071,318.892568018808,320.979000381762,2.08643236295399,706.882668854064,711.055533579972,4.17286472590797,0.00992682443119795,0.0871018433893419,0.077175018958144
Error,VP0072,354.941472278924,354.124840782604,-0.816631496319474,779.73010775903,778.096844766392,-1.63326299263895,0.146543839095192,0.192144342869024,0.0456005037738322
Error,VP0073,368.234972514739,366.502477722941,-1.73249479179793,805.716068989964,802.251079406368,-3.46498958359587,0.155326063679268,0.188960618635764,0.033634554956496
Error,VP0074,313.109402626465,312.068441054808,-1.04096157165725,695.543284168655,693.461361025341,-2.0819231433145,0.175029141266498,0.169406384272916,-0.00562275699358181
Error,VP0075,337.692134591463,335.574185782918,-2.11794880854535,744.54150366924,740.305606052149,-4.23589761709081,0.144803437617101,0.233075474786542,0.0882720371694405
Error,VP0076,225.581556627214,226.93833909962,1.35678247240637,518.219504203028,520.933069147841,2.71356494481267,0.178941386519838,0.154359129518256,-0.0245822570015816
Error,VP0077,335.837891745869,337.190865996615,1.35297425074521,741.439264196216,744.145212697707,2.70594850149041,0.242576037698945,0.253761677967154,0.0111856402682093
Error,VP0078,401.089549998661,400.007599039865,-1.08195095879648,872.007727512012,869.843825594419,-2.16390191759297,0.0416079673176511,0.340623433787842,0.299015466470191
Error,VP0079,332.917505271671,333.215097889758,0.297592618086924,732.440762041738,733.035947277912,0.595185236173847,0.20691629519829,0.133756362182068,-0.073159933016222
Error,VP0080,304.38130419253,305.066888937173,0.685584744643677,675.069442241483,676.44061173077,1.37116948928735,0.184869073332565,0.144346150679406,-0.040522922653159
Error,VP0081,346.907270092884,346.503895400146,-0.403374692738396,763.45589630995,762.649146924474,-0.806749385476792,0.0947122632089012,0.155989331653084,0.0612770684441832
Error,VP0082,313.259440881648,312.30863122957,-0.950809652078078,696.017446313304,694.115827009148,-1.90161930415616,0.257722381255544,0.263652461536405,0.00593008028086051
Error,VP0083,375.878862019365,373.163727903659,-2.71513411570623,820.551282083335,815.121013851923,-5.43026823141247,0.273782645410754,0.315061565155063,0.0412789197443087
Error,VP0084,337.168080899892,337.741540230824,0.573459330932167,744.024665583204,745.171584245068,1.14691866186433,0.118544433561972,0.106089256664432,-0.0124551768975403
Error,VP0085,350.047355094067,352.861982692525,2.81462759845789,769.960374782199,775.589629979114,5.62925519691578,0.111421275161663,0.420650836519431,0.309229561357769
Error,VP0086,365.492721406519,364.926203215293,-0.566518191225668,800.358583625274,799.225547242823,-1.13303638245134,0.186544310938687,0.240636489990846,0.0540921790521587
Error,VP0087,357.538203699653,356.718725134623,-0.819478565029954,784.213780905902,782.574823775842,-1.63895713005991,0.0276402961171923,0.216836561915197,0.189196265798004
Error,VP0088,277.07702744705,278.664932172683,1.58790472563322,622.376028800305,625.551838251571,3.17580945126645,0.166883183237426,0.178183036937104,0.0112998536996784
Error,VP0089,343.655845573471,342.91459966482,-0.741245908651138,756.886664855711,755.404173038409,-1.48249181730228,0.165977551214696,0.183438970364591,0.0174614191498957
Error,VP0090,258.662009908124,259.381316161492,0.719306253368018,587.134077223466,588.572689730202,1.43861250673604,0.0899828376981049,0.136366288331288,0.0463834506331833
Error,VP0091,320.628986370096,316.625652057427,-4.0033343126687,711.058732145809,703.052063520472,-8.0066686253374,0.276571955023423,0.274978539045564,-0.00159341597785956
Error,VP0092,247.159335523075,245.376368000026,-1.78296752304885,564.128728453367,560.56279340727,-3.56593504609771,0.158659965157204,0.177104452661227,0.0184444875040227
Error,VP0093,361.427751552756,359.741401744514,-1.68634980824231,792.363650789938,788.990951173453,-3.37269961648462,0.10617066124445,0.0990680634110223,-0.00710259783342783
Error,VP0094,301.336317382549,298.664502113708,-2.67181526884099,670.685465109814,665.341834572132,-5.34363053768197,0.0468560447019135,0.0367865175659165,-0.010069527135997
Error,VP0095,529.737937385544,530.512661155117,0.774723769573143,1126.7141991793,1128.26364671845,1.54944753914629,0.035781537853208,0.0464224739889873,0.0106409361357793
Error,VP0096,327.552463279541,330.443336579862,2.89087330032174,724.536150787275,730.317897387919,5.78174660064349,0.0583149260433996,0.0801092338187136,0.021794307775314
Error,VP0097,281.699967169423,278.119590876794,-3.58037629262861,630.183355485389,623.022602900132,-7.16075258525723,0.201935754259368,0.250935582599642,0.0489998283402738
Error,VP0098,278.442387387404,279.257692602792,0.815305215388037,626.469258707784,628.09986913856,1.63061043077607,0.0174685947052199,0.390798409037874,0.373329814332655
Error,VP0099,554.391167748989,554.094024300988,-0.29714344800027,1177.40991462849,1176.81562773249,-0.59428689600054,0.073606797749979,0.0169477514170049,-0.0566590463329741
Error,VP0100,304.532592665011,304.700189456681,0.167596791669496,678.893812844712,679.229006428051,0.335193583338992,0.244027698239234,0.257301584838378,0.0132738865991438
Error,VP0101,224.684974044841,225.370052404479,0.685078359638453,519.198575604371,520.568732323648,1.37015671927691,0.121525072736266,0.106243301240742,-0.0152817714955236
Error,VP0102,315.24235482332,315.309584838255,0.0672300149358875,699.122743561169,699.25720359104,0.134460029871775,0.118614896750537,0.114528936420423,-0.00408596033011398
Error,VP0103,249.849483217146,250.832462171131,0.982978953984599,567.953566796846,569.919524704815,1.96595790796925,0.0197773496663095,0.0243707297724792,0.00459338010616967
Error,VP0104,382.464988922121,382.493164662475,0.0281757403544134,833.630511962223,833.686863442932,0.0563514807088268,0.256695475529159,0.277335376432116,0.0206399009029574
Error,VP0105,219.612510971333,217.576392918407,-2.03611805292584,509.016474693355,504.944238587503,-4.07223610585169,0.142407168439485,0.0366020522924723,-0.105805116147013
Error,VP0106,369.16705288684,370.238750920122,1.07169803328236,808.153452545243,810.296848611808,2.14339606656472,0.175555915177082,0.214310019437592,0.0387541042605105
Error,VP0107,468.886494682322,465.979982034108,-2.90651264821361,1007.18488991533,1001.3718646189,-5.81302529642721,0.240851045036079,0.345908854069381,0.105057809033302
Error,VP0108,452.320488082385,454.074990378405,1.75450229602058,973.152825439707,976.661830031748,3.50900459204115,0.0906864082025447,0.14873330486278,0.0580468966602349
Error,VP0109,411.29001735569,409.988165157133,-1.30185219855713,891.091883986317,888.488179589203,-2.60370439711426,0.144903080300525,0.0802482707919212,-0.064654809508604
Error,VP0110,344.351338185126,341.780735517995,-2.57060266713063,758.201240920259,753.060035585998,-5.14120533426126,0.208631996022252,0.324535471506053,0.115903475483801
Error,VP0111,240.95038283906,236.765579614979,-4.18480322408115,551.523200320782,543.15359387262,-8.36960644816236,0.249803805579198,0.263963741121688,0.0141599355424903
Error,VP0112,374.923315300481,374.320072129341,-0.603243171139809,819.268197657957,818.061711315678,-1.20648634227962,0.251240400353813,0.197821627355683,-0.0534187729981298
Error,VP0113,455.162514698126,455.087030047339,-0.0754846507870184,978.055833152807,977.904863851233,-0.150969301574037,0.137863265732387,0.100253573476228,-0.0376096922561593
Error,VP0114,326.826580965425,328.509110779533,1.68252981410785,723.332253948869,726.697313577085,3.3650596282157,0.0335443802417792,0.0553094928486906,0.0217651126069113
Error,VP0115,311.679498545955,311.937029731425,0.2575311854701,691.743049100383,692.258111471324,0.5150623709402,0.104514562791987,0.158595921119979,0.0540813583279916
Error,VP0116,399.518571265833,401.453909336006,1.93533807017297,867.93305561521,871.803731755556,3.87067614034595,0.23415312080452,0.259925401859924,0.0257722810554041
Error,VP0117,304.254039215213,300.791737738694,-3.46230147651926,676.697319083182,669.772716130144,-6.92460295303852,0.0359666453370678,0.0411377308800893,0.00517108554302145
Error,VP0118,423.895517883417,423.10647370421,-0.789044179206769,916.977987957039,915.399899598625,-1.57808835841354,0.142531772915387,0.0664033282636248,-0.0761284446517621
Error,VP0119,331.854841415033,332.282816413184,0.427974998151456,731.220697519433,732.076647515736,0.855949996302911,0.165352253256379,0.148939425048772,-0.0164128282076073
Error,VP0120,270.87962644866,266.639047203484,-4.2405792451757,611.286539343568,602.805380853217,-8.48115849035139,0.00508499382965154,0.0105754963213006,0.0054905024916491
Error,VP0121,430.078907665228,430.736517869906,0.65761020467761,928.879096343847,930.194316753202,1.31522040935522,0.216589305726774,0.153304828556596,-0.0632844771701786
Error,VP0122,409.1873274616,413.206857558327,4.01953009672695,886.91819994575,894.957260139204,8.03906019345391,0.328669518690444,0.191729445700752,-0.136940072989692
Error,VP0123,493.892708868768,490.689311528275,-3.20339734049344,1056.3184086694,1049.91161398841,-6.40679468098688,0.275494990077108,0.272040705282934,-0.0034542847941742
Error,VP0124,405.506539533422,405.582487372215,0.0759478387935246,880.841706581533,880.99360225912,0.151895677587049,0.139626725551922,0.197334270262092,0.0577075447101701
Error,VP0125,325.193604779847,320.087025372677,-5.10657940717016,719.32377310572,709.11061429138,-10.2131588143403,0.160139248579441,0.0998788598783518,-0.0602603887010892
Error,VP0126,261.426951677821,263.013130965154,1.58617928733253,588.604661761638,591.777020336303,3.17235857466505,0.225636668418069,0.156129010801002,-0.0695076576170675
Error,VP0127,381.772321926305,382.752879481517,0.980557555212158,833.401062029002,835.362177139427,1.96111511042432,0.0725644682547136,0.0977598346707375,0.0251953664160238
Error,VP0128,246.112884050653,244.479536685989,-1.63334736466419,562.035825508524,558.769130779196,-3.26669472932838,0.0887109661565765,0.0841907744863561,-0.00452019167022047
Error,VP0129,532.538115758004,534.957856159472,2.4197404014684,1133.72470929572,1138.56419009865,4.83948080293681,0.218983460099942,0.220779998905086,0.00179653880514349
Error,VP0130,187.321274823869,189.138965667882,1.81769084401262,443.947497307254,447.582878995279,3.63538168802523,0.118675176875537,0.133534592649226,0.0148594157736888
Error,VP0131,339.02630647709,334.882369416459,-4.14393706063117,744.555403440054,736.267529318792,-8.28787412126235,0.208049056605413,0.0138761168976126,-0.1941729397078
Error,VP0132,306.649045720213,308.281245571022,1.63219985080843,683.163756034491,686.428155736108,3.26439970161687,0.333111537581814,0.241777665228091,-0.0913338723537239
Error,VP0133,305.770896060332,307.367573317928,1.59667725759664,681.230295904083,684.423650419276,3.19335451519328,0.0290549450840869,0.0398622995762218,0.0108073544921349
Error,VP0134,423.342157514107,422.193874369721,-1.14828314438654,915.641142005693,913.34457571692,-2.29656628877308,0.149106670848894,0.199657133472586,0.0505504626236916
Error,VP0135,354.099036280497,354.782079260678,0.683042980180403,777.725359007244,779.091444967604,1.36608596036081,0.0888331050018866,0.0889127966092505,7.96916073639714e-05
Error,VP0136,415.662003974554,416.804995393082,1.14299141852791,899.567744649539,901.853727486595,2.28598283705583,0.498761862787464,0.428206661583341,-0.0705552012041228
Error,VP0137,398.25528661164,398.404736044788,0.149449433148334,864.808510598404,865.1074094647,0.298898866296668,0.140852612764231,0.232398382890114,0.0915457701258835
Error,VP0138,365.817232854485,364.439510297461,-1.37772255702373,801.425918459657,798.67047334561,-2.75544511404746,0.221304969007063,0.257894788198611,0.036589819191548
Error,VP0139,382.141312169912,382.992226271833,0.850914101921092,832.815615271685,834.517443475527,1.70182820384218,0.0563477806089945,0.066416685865748,0.0100689052567534
Error,VP0140,433.450722996245,435.34268176085,1.89195876460508,936.748609193673,940.532526722883,3.78391752921016,0.310497891437727,0.132339588733507,-0.17815830270422
Error,VP0141,301.490831579136,297.987448164261,-3.50338341487475,672.698349205529,665.691582375779,-7.00676682974949,0.0120753863405251,0.0105736368200527,-0.00150174952047243
Error,VP0142,368.932874377446,369.024935511599,0.0920611341534254,807.277649305576,807.461771573883,0.184122268306851,0.176207300863863,0.170924462696111,-0.00528283816775205
Error,VP0143,387.759073604884,388.58507380532,0.826000200436397,845.290960626076,846.942961026948,1.65200040087279,0.18886327340534,0.00909632669211703,-0.179766946713223
Error,VP0144,319.738600974158,319.15091508988,-0.587685884278699,708.010192880178,706.83482111162,-1.1753717685574,0.18914135692257,0.236656211430473,0.0475148545079035
Error,VP0145,445.534095238094,444.607688633596,-0.926406604497686,960.392669391913,958.539856182918,-1.85281320899537,0.10632985896458,0.073606797749979,-0.0327230612146006
Error,VP0146,333.252613468994,332.5830998936,-0.669513575393637,735.780806000771,734.441778849983,-1.33902715078727,0.225734850423735,0.340580832065216,0.114845981641481
Error,VP0147,327.884103208419,328.932031833612,1.04792862519264,724.684465387361,726.780322637746,2.09585725038528,0.197195737770384,0.160953744947493,-0.0362419928228916
Error,VP0148,370.978203489711,374.839895836199,3.86169234648816,809.58370204874,817.307086741716,7.7233846929762,0.322852631743091,0.160354866775683,-0.162497764967408
Error,VP0149,264.499054660944,268.76413444236,4.26507978141581,598.826736836578,607.356896399409,8.53015956283161,0.101398479075426,0.112965855697527,0.0115673766221008
Error,VP0150,424.942506633668,424.051327527493,-0.891179106174889,918.226100655474,916.443742443124,-1.78235821234978,0.166610195949734,0.134853873831746,-0.0317563221179873
Error,VP0151,378.82363956592,378.762800073999,-0.0608394919203192,825.912731367405,825.791052383564,-0.121678983840638,0.133268835136845,0.137863265732387,0.00459443059554199
Error,VP0152,426.656980990618,427.965384900279,1.30840390966125,921.708726363525,924.325534182847,2.6168078193225,0.102873648097896,0.153997241641643,0.0511235935437473
Error,VP0153,329.012483200356,331.540149247798,2.52766604744227,726.951382812432,732.006714907317,5.05533209488453,0.220234676532035,0.235857241158327,0.0156225646262922
Error,VP0154,276.458751784295,275.140193931503,-1.31855785279197,621.659488523124,619.02237281754,-2.63711570558394,0.243509917938238,0.146673657877621,-0.0968362600606174
Error,VP0155,262.10967534962,260.05608916407,-2.05358618555022,594.047978213929,589.940805842829,-4.10717237110043,0.0695257112773133,0.153484035495767,0.0839583242184541
Error,VP0156,321.779439335358,322.745687390227,0.966248054868345,712.951418131131,714.883914240868,1.93249610973669,0.136399170402594,0.152404070492432,0.0160049000898376
Error,VP0157,350.710741999652,355.559554984346,4.84881298469458,771.184964703781,780.88259067317,9.69762596938915,0.108493834580261,0.127985758546782,0.0194919239665215
Error,VP0158,345.98943437333,344.184929488862,-1.80450488446803,761.770321497347,758.161311728411,-3.60900976893606,0.133490116891043,0.323542708023791,0.190052591132748
Error,VP0159,158.626950691574,158.013487703842,-0.613462987731964,386.91414325421,385.687217278746,-1.22692597546393,0.0840286061476221,0.168831188382408,0.0848025822347861
Error,VP0160,305.944951262071,307.668752059258,1.72380079718755,680.380565350476,683.828166944851,3.4476015943751,0.100662565425654,0.106542144420942,0.00587957899528815
Error,VP0161,315.589906116378,315.315327880903,-0.274578235475531,700.802246875419,700.253090404468,-0.549156470951061,0.175322861410637,0.219006257164313,0.0436833957536764
Error,VP0162,357.151459456836,357.782785953372,0.631326496535166,783.791891136806,785.054544129876,1.26265299307033,0.234897484918188,0.390871261283925,0.155973776365737
Error,VP0163,457.147776765423,458.169350882218,1.02157411679451,981.794865468732,983.838013702321,2.04314823358902,0.237863264242271,0.191473051856829,-0.0463902123854418
Error,VP0164,212.097469541528,214.732430164817,2.63496062328832,491.52895800143,496.798879248007,5.26992124657664,0.34476258281363,0.353141571396293,0.00837898858266323
Error,VP0165,347.91099868266,351.180305688425,3.26930700576492,765.538683412578,772.077297424108,6.53861401152983,0.32644598285831,0.179347899916756,-0.147098082941555
Error,VP0166,408.825487755552,409.012338995532,0.186851239980172,887.395764621355,887.769467101315,0.37370247996023,0.0312698984730209,0.248230312770836,0.216960414297815
Error,VP0167,238.026784325871,240.956734530665,2.92995020479384,545.77963116476,551.639531574348,5.85990040958768,0.349196729905339,0.091681783318716,-0.257514946586623
Error,VP0168,294.44640875129,295.831954470671,1.38554571938124,658.590724201595,661.361815640358,2.77109143876248,0.173835402892817,0.14358374010768,-0.0302516627851375
Error,VP0169,439.526699330049,433.207382442605,-6.31931688744379,948.816879364576,936.178245589688,-12.6386337748876,0.18187063558385,0.00614189171356116,-0.175728743870289
Error,VP0170,331.13387014832,330.075823994286,-1.05804615403389,731.285112363206,729.169020055138,-2.11609230806778,0.246944931045796,0.330792990992724,0.0838480599469275
Error,VP0171,312.928601864087,310.851474830535,-2.07712703355185,695.573889775432,691.419635708329,-4.15425406710369,0.105475939636017,0.159218362264726,0.0537424226287094
Error,VP0172,251.967324262271,251.293629470423,-0.673694791848135,573.670078719744,572.322689136048,-1.34738958369621,0.162799855861317,0.21809302955492,0.0552931736936036
Error,VP0173,272.132692891321,272.204674993925,0.071982102603954,613.472100825129,613.616065030336,0.143964205207908,0.0805014874994458,0.101697962645583,0.0211964751461367
Error,VP0174,309.618383693023,310.483423255858,0.865039562835193,687.404126191996,689.134205317666,1.73007912567039,0.38146671941148,0.0525013699610287,-0.328965349450451
Error,VP0175,273.370919754062,273.353667712646,-0.0172520414158726,616.230811731256,616.196307648425,-0.0345040828317451,0.141648145135657,0.145214403419633,0.00356625828397572
Error,VP0176,274.625013253091,274.068319434058,-0.556693819032319,619.041479256869,617.928091618805,-1.11338763806464,0.164673999549495,0.149241537551347,-0.0154324619981479
Error,VP0177,372.999538882391,371.935360676731,-1.06417820566008,815.391617225197,813.263260813876,-2.12835641132017,0.166322721006088,0.119729800568165,-0.0465929204379234
Error,VP0179,350.214331786689,349.255866508497,-0.95846527819225,769.714041755026,767.797111198641,-1.91693055638461,0.156089483125656,0.110156689667925,-0.0459327934577311
Error,VP0180,275.730719443412,273.962641541291,-1.7680779021203,620.161973004805,616.625817200564,-3.53615580424059,0.293108078194259,0.353770140984927,0.0606620627906682
Error,VP0181,528.171322927775,532.432383763347,4.26106083557193,1124.69449171702,1133.21661338817,8.52212167114385,0.018750819133147,0.279075602892183,0.260324783759036
Error,VP0182,390.130631877371,390.976105293887,0.845473416516541,850.05271650543,851.743663338463,1.69094683303308,0.142121249663604,0.119734938913345,-0.022386310750259
Error,VP0183,311.007945922797,314.248243159979,3.24029723718138,691.45676392789,697.937358402253,6.48059447436276,0.00373067641004122,0.0184888905150134,0.0147582141049722
Error,VP0184,379.402932076916,376.128181426737,-3.27475065017961,828.541294349034,821.991793048675,-6.54950130035922,0.121707563871917,0.0600276299350063,-0.0616799339369106
Error,VP0185,435.455682975167,436.078269168556,0.622586193389509,940.342590178528,941.587762565307,1.24517238677902,0.117702970370626,0.144387741354241,0.0266847709836154
Error,VP0186,318.386170223784,316.491040281535,-1.89512994224884,706.600967962258,702.81070807776,-3.79025988449769,0.151852309379041,0.0621853648862396,-0.0896669444928012
Error,VP0187,337.708756662348,335.083348194825,-2.62540846752347,745.143575837713,739.892758902667,-5.25081693504694,0.142142565915182,0.187844443613495,0.0457018776983137
Error,VP0188,344.925822816181,344.716031433497,-0.20979138268342,758.458282346844,758.038699581478,-0.41958276536684,0.160577141989353,0.176948686048887,0.0163715440595343
Error,VP0189,303.111278597838,302.128526253037,-0.982752344801327,675.65378142387,673.688276734268,-1.96550468960265,0.161470063130598,0.121130455378297,-0.0403396077523008
Error,VP0190,265.31984690377,264.651989913522,-0.667856990248197,599.484560327968,598.148846347471,-1.33571398049639,0.138602812240435,0.217076888705154,0.0784740764647198
Error,VP0191,293.167940433084,293.348926997041,0.18098656395648,655.601651198395,655.963624326308,0.361973127912961,0.0290452073190917,0.324349117898542,0.295303910579451
Error,VP0192,530.951035560304,533.686564795091,2.73552923478735,1130.94957882023,1136.4206372898,5.4710584695747,0.191685150290695,0.105825119587203,-0.0858600307034922
Error,VP0193,281.148505518417,281.487596789016,0.339091270598658,632.060491741312,632.738674282509,0.678182541197316,0.0922888248219828,0.0841394524824616,-0.00814937233952122
Error,VP0194,342.970031429111,346.091949008517,3.12191757940627,755.467349304471,761.711184463283,6.24383515881254,0.200763981841822,0.188196601125011,-0.0125673807168115
Error,VP0195,177.742010426977,177.865619486584,0.123609059607247,425.312648368643,425.559866487857,0.247218119214494,0.0765306479926181,0.0918406393383185,0.0153099913457004
Error,VP0196,323.201215406457,322.787288875398,-0.413926531059076,715.717148868909,714.88929580679,-0.827853062118152,0.0830394625607936,0.153762904687205,0.0707234421264111
Error,VP0197,353.373204321208,353.689412825277,0.316208504069778,776.041576350052,776.673993358191,0.632417008139555,0.33000217915836,0.24948086823266,-0.0805213109257001
Error,VP0198,272.295664156522,271.935900096589,-0.359764059933582,614.03220039534,613.312672275473,-0.719528119867164,0.174085166118057,0.18647527743791,0.0123901113198526
Error,VP0199,425.642606036226,432.279003871801,6.6363978355746,921.020642267654,934.293437938803,13.2727956711492,0.169964754184819,0.12644710286962,-0.0435176513151994
Error,VP0200,258.831703474456,258.654046449823,-0.177657024633277,586.720939712028,586.365625662761,-0.355314049266553,0.157021522882742,0.141498003615528,-0.0155235192672141
Error,VP0201,296.16393612336,295.522684501152,-0.64125162220779,661.405425036542,660.122921792126,-1.28250324441569,0.137181341330536,0.0924892679330948,-0.0446920733974407
Error,VP0202,455.577577114071,455.896557506643,0.318980392571575,980.081570639864,980.719531425007,0.63796078514315,0.128694863243762,0.162422483753606,0.0337276205098445
Error,VP0203,438.297664578543,437.758134754084,-0.539529824459066,946.217763799749,945.138704150831,-1.07905964891813,0.228315294218713,0.0174088122615564,-0.210906481957157
Error,VP0204,266.775331928163,267.903632226582,1.12830029841911,603.210905727387,605.467506324225,2.25660059683821,0.250086640173501,0.0426891519902643,-0.207397488183236
Error,VP0205,218.146296117265,217.545987776008,-0.600308341257602,503.838633229411,502.638016546895,-1.2006166825152,0.247261834626462,0.305864422841416,0.0586025882149538
Error,VP0206,119.513677472122,118.142815132685,-1.3708623394368,308.342073000238,305.600348321364,-2.7417246788736,0.176076306617677,0.112305863112227,-0.0637704435054507
Error,VP0207,350.382874924375,351.061463224356,0.678588299981698,770.293036294998,771.650212894961,1.3571765999634,0.294411877663425,0.361218066561047,0.0668061888976218
Error,VP0208,270.134188060632,269.451480638338,-0.6827074222943,609.010361075797,607.644946231208,-1.36541484458871,0.252063202762064,0.0997702217359179,-0.152292981026146
Error,VP0209,338.093134689189,331.843063701199,-6.25007098798989,743.743958598221,731.243816622242,-12.5001419759798,0.141798948960579,0.0096847361060675,-0.132114212854511
Error,VP0210,177.94826064648,176.997747142124,-0.950513504356422,425.452447376923,423.55142036821,-1.90102700871284,0.135056502434293,0.140753362063734,0.00569685962944072
Error,VP0211,420.645371806568,416.782427848608,-3.86294395796051,910.721967841331,902.99607992541,-7.72588791592102,0.484049078061728,0.596241830420493,0.112192752358764
Error,VP0212,264.455023579934,263.337698373944,-1.1173252059902,598.234526075594,595.999875663613,-2.2346504119804,0.23852993800775,0.164103573718081,-0.0744263642896685
Error,VP0213,342.378118720915,342.870378649026,0.492259928111025,754.168137992514,755.152657848736,0.98451985622205,0.135047917426054,0.114635310639315,-0.0204126067867386
Error,VP0214,225.177714582905,225.025318000437,-0.152396582467446,519.958906456822,519.654113291887,-0.304793164934836,0.203809146805815,0.241973846277248,0.0381646994714331
Error,VP0215,229.3093707327,228.276860447639,-1.03251028506136,528.419500871018,526.354480300895,-2.06502057012267,0.138874265785636,0.191711923530721,0.0528376577450848
Error,VP0216,120.419157783473,120.47056013586,0.0514023523866456,309.297114319587,309.39991902436,0.102804704773291,0.198845622650943,0.216752828427539,0.0179072057765963
Error,VP0217,186.160242926679,184.801823102172,-1.35841982450728,442.037171900616,439.320332251602,-2.71683964901456,0.0914248152665684,0.0812968621962531,-0.0101279530703153
Error,VP0218,425.561650869207,426.323041277549,0.761390408341526,919.896262453388,921.419043270071,1.52278081668305,0.139944755584686,0.159621790615198,0.0196770350305127
Error,VP0219,316.443335718445,315.62912105593,-0.814214662514814,701.587205554871,699.958776229841,-1.62842932502963,0.312832532634539,0.261470061640482,-0.0513624709940574
Error,VP0220,326.758372406929,329.320743359078,2.56237095214891,723.082199245373,728.206941149671,5.12474190429782,0.242564955667697,0.22846246214115,-0.0141024935265466
Error,VP0221,291.131205496788,289.98083369493,-1.15037180185811,650.774260268513,648.473516664797,-2.30074360371623,0.0679967173167368,0.0634915988337731,-0.00450511848296371
Error,VP0222,544.283056848436,543.487606614886,-0.795450233550355,1157.297752039,1155.7068515719,-1.59090046710071,0.131122221866194,0.209604012151433,0.0784817902852391
Error,VP0223,316.51566100492,317.13514120325,0.61948019832937,699.789554226189,701.028514622848,1.23896039665874,0.221868767116085,0.0852169780167816,-0.136651789099304
Error,VP0224,218.423730789852,221.035646358949,2.61191556909694,506.713126173768,511.936957311962,5.22383113819387,0.314890806036376,0.103983468034666,-0.210907338001709
Error,VP0225,343.765851206093,345.281223378063,1.51537217197006,757.304515828493,760.335260172433,3.03074434394011,0.0105216769448613,0.100628108940778,0.0901064319959172
Error,VP0226,272.807063699596,276.868281762492,4.06121806289622,614.967831859343,623.090267985135,8.12243612579243,0.0108321898538341,0.0752418803155321,0.064409690461698
Error,VP0227,272.878415961486,273.47193398226,0.59351802077407,613.232697191264,614.419733232813,1.18703604154825,0.236438853857712,0.246399047820069,0.00996019396235712
Error,VP0228,315.997220124289,316.731867396198,0.734647271909296,701.540828897388,703.010123441206,1.46929454381859,0.345384411028384,0.238196601125011,-0.107187809903373
Error,VP0229,361.52077663803,361.972904800857,0.452128162826341,791.404146048831,792.308402374484,0.904256325652682,0.230110560836634,0.25548664981245,0.0253760889758159
Error,VP0230,310.801548655847,311.667883583583,0.866334927735636,690.84922127218,692.581891127651,1.73266985547127,0.247763757440849,0.240395247087644,-0.00736851035320488
Error,VP0231,115.662941995471,117.031240662406,1.36829866693516,300.393431777428,303.130029111298,2.73659733387029,0.318100259166232,0.274156799857883,-0.0439434593083493
Error,VP0232,280.123385327305,279.553155920939,-0.57022940636665,628.936915161268,627.796456348535,-1.1404588127333,0.0862990896055783,0.0946882970094362,0.00838920740385794
Error,VP0233,322.151193512598,319.608536112104,-2.54265740049351,714.112444432412,709.027129631425,-5.08531480098702,0.114693676814829,0.305881391122062,0.191187714307233
Error,VP0234,423.815670290561,427.534451090879,3.71878080031803,916.778649508308,924.216211108945,7.43756160063617,0.0429968827506663,0.0892438247756383,0.046246942024972
Error,VP0235,427.531309628954,426.287109678683,-1.24419995027085,924.455158718322,921.966758817781,-2.48839990054171,0.213097953287673,0.13236755115007,-0.0807304021376028
Error,VP0236,422.651867259799,422.464625426215,-0.187241833583528,914.411242399217,914.03675873205,-0.374483667167056,0.0395035691446607,0.143040928488814,0.103537359344153
Error,VP0237,469.788164900974,470.385701476895,0.597536575921424,1008.76328199215,1009.958355144,1.19507315184285,0.210529326697614,0.173940133670255,-0.0365891930273584
Error,VP0238,313.203219089759,315.588478225683,2.38525913592434,696.197890930206,700.968409202055,4.77051827184869,0.287863263497213,0.270554833521703,-0.0173084299755105
Error,VP0239,312.198100510633,310.754957115217,-1.44314339541603,692.74804688274,689.861760091907,-2.88628679083217,0.207274428874228,0.186365463226695,-0.0209089656475332
Error,VP0240,374.277615392689,371.27629500057,-3.001320392119,818.318711489856,812.316070705618,-6.002640784238,0.136282761092804,0.0284710949393669,-0.107811666153437
Error,VP0241,364.733744394453,362.300438648124,-2.43330574632876,798.762656496542,793.896045003885,-4.86661149265751,0.198712841370302,0.315503590324326,0.116790748954024
Error,VP0242,400.415664386795,401.026503496035,0.610839109240771,870.622781524277,871.844459742759,1.22167821848154,0.113260786601653,0.135671521057651,0.0224107344559986
Error,VP0243,358.264156649074,360.862021864149,2.59786521507419,785.911158138318,791.106888568467,5.19573043014839,0.224090484080728,0.133909007694772,-0.0901814763859553
Error,VP0244,324.916784300195,324.551837870917,-0.364946429278632,719.606382016698,718.876489158141,-0.729892858557264,0.0690846330912809,0.311158615415011,0.242073982323731
Error,VP0245,242.486910996807,238.42738932989,-4.05952166691645,554.405046221808,546.286002887975,-8.11904333383291,0.065018154984191,0.0331391651337253,-0.0318789898504657
Error,VP0246,499.440948571604,502.133035966305,2.69208739470139,1067.54080789204,1072.92498268144,5.384174789403,0.14274306172671,0.118915709085037,-0.0238273526416722
Error,VP0247,348.113701323351,345.709010400504,-2.40469092284644,765.75468909295,760.945307247257,-4.80938184569288,0.174150813194273,0.135075809370061,-0.0390750038242115
Error,VP0248,432.478892856115,431.561151645936,-0.917741210178974,934.292015969537,932.456533549179,-1.83548242035795,0.146686274549833,0.259380807633847,0.112694533084015
Error,VP0249,314.645755846467,312.675688176823,-1.97006766964341,699.138674894116,695.198539554829,-3.94013533928683,0.171671975150643,0.106773944064362,-0.0648980310862814
Error,VP0250,391.374471915729,393.422788513059,2.04831659733088,852.295332480267,856.391965674929,4.09663319466176,0.261803398874989,0.205248620968064,-0.0565547779069251
Error,VP0251,432.494623814262,433.408120018362,0.913496204100454,934.303965684518,936.130958092719,1.82699240820091,0.290901252189207,0.25985806577246,-0.031043186416747
Error,VP0252,353.206706092121,355.17165754796,1.96495145583896,775.805951644657,779.735854556335,3.92990291167791,0.0252631683769386,0.073606797749979,0.0483436293730404
Error,VP0253,349.623137391953,349.338460509202,-0.284676882751057,768.887630908088,768.318277142586,-0.569353765502115,0.132868059181449,0.0973634574355953,-0.0355046017458535
Error,VP0254,365.669994501389,366.526829884454,0.856835383065004,797.514018782523,799.227689548653,1.71367076613001,0.0625186991462071,0.150936081676906,0.0884173825306993
Error,VP0255,332.30478546316,331.678894998814,-0.625890464346242,733.746944432917,732.495163504224,-1.25178092869248,0.121116395854113,0.353660259472056,0.232543863617944
Error,VP0256,372.156852446037,372.854187749347,0.697335303310297,813.783464813428,815.178135420048,1.39467060662059,0.285709022547967,0.14804257725262,-0.137666445295347
Error,VP0257,315.426891703052,318.253534501343,2.82664279829089,699.585421748228,705.23870734481,5.65328559658178,0.187863264987329,0.167918441384584,-0.0199448236027451
Error,VP0258,356.760172215189,354.576665723409,-2.18350649177995,783.190015816518,778.823002832958,-4.3670129835599,0.0250859769304269,0.0384813012020439,0.013395324271617
Error,VP0259,377.43122173153,376.27496054048,-1.15626119104985,823.007872435659,820.695350053559,-2.3125223820997,0.135242658339405,0.0468504597372501,-0.0883921986021547
Error,VP0260,395.875607062892,397.915737511149,2.040130448257,861.259361810209,865.339622706723,4.08026089651401,0.0550462340163785,0.0183043829854191,-0.0367418510309594
Error,VP0261,356.923388123384,358.567781736242,1.64439361285832,783.229621086937,786.518408312653,3.28878722571665,0.290447927326944,0.164601783248642,-0.125846144078302
Error,VP0262,399.661453807795,400.254448677029,0.592994869234133,868.330214256042,869.51620399451,1.18598973846827,0.22059346896401,0.148287132937274,-0.072306336026736
Error,VP0263,148.993408025069,146.024331628333,-2.9690763967368,362.170465409501,356.232312616027,-5.93815279347359,0.105863819093304,0.0427397811842579,-0.0631240379090463
Error,VP0264,304.932341774146,304.063779536838,-0.868562237307515,679.198913805599,677.461789330984,-1.73712447461503,0.0699924964234125,0.134612905534297,0.0646204091108844
Error,VP0265,226.922157395474,225.786161512154,-1.1359958833205,522.780878336975,520.508886570334,-2.27199176664101,0.132158549474547,0.144619340892272,0.0124607914177252
Error,VP0266,318.663379412358,319.398283024314,0.734903611956895,707.192423418779,708.662230642693,1.46980722391379,0.167290929155028,0.162489897573997,-0.00480103158103143
Error,VP0267,451.101684240423,457.055319580946,5.95363534052217,971.624935537842,983.532206218886,11.9072706810443,0.229691931946804,0.191660548544889,-0.038031383401915
Error,VP0268,195.761001345116,196.068504059992,0.307502714875966,457.188726988265,457.803732418017,0.615005429751932,0.0868328745780401,0.128779972637011,0.0419470980589704
Error,VP0269,324.114423622106,326.361483401193,2.24705977908712,716.75127293473,721.245392492904,4.49411955817413,0.0143628613394838,0.123997820401537,0.109634959062053
Error,VP0270,328.509337804863,328.849558642267,0.340220837403081,726.772814884286,727.453256559093,0.680441674806161,0.240792001637538,0.242788907838682,0.00199690620114348
Error,VP0271,298.122155148042,299.162171675766,1.04001652772382,663.997971205448,666.078004260896,2.08003305544764,0.0715939549714861,0.0779257290446312,0.00633177407314509
Error,VP0272,281.27462599344,284.874729701831,3.60010370839137,631.883482244187,639.08368966097,7.20020741678275,0.387664718425828,0.25289892584033,-0.134765792585498
Error,VP0273,523.112201802634,522.287728023722,-0.82447377891242,1114.82055264181,1113.17160508399,-1.64894755782484,0.244598779096832,0.312141708009655,0.0675429289128229
Error,VP0274,542.81692842337,543.384367637546,0.567439214176034,1153.66890942282,1154.80378785118,1.13487842835207,0.164284411485264,0.153149029650231,-0.0111353818350324
Error,VP0275,384.013685940901,383.089585079964,-0.924100860936107,837.458596109995,835.610394388123,-1.84820172187221,0.241677645897695,0.167623116871111,-0.0740545290265833
Error,VP0276,276.218394780601,275.053091890176,-1.16530289042538,619.959493322619,617.628887541769,-2.33060578085076,0.10845120171772,0.0144843395553896,-0.09396686216233
Error,VP0277,328.481500831997,328.900614249186,0.419113417189749,726.258169371629,727.096396206009,0.838226834379611,0.286251417882204,0.173606797749979,-0.112644620132225
Error,VP0278,378.667098798801,379.394383499301,0.727284700499695,826.803957518957,828.258526919956,1.45456940099939,0.255096824923552,0.11855494269913,-0.136541882224422
Error,VP0279,353.242774459386,354.508288169928,1.26551371054273,775.492855559223,778.023882980308,2.53102742108547,0.0486464248849305,0.0878472108822665,0.039200785997336
Error,VP0280,349.318823585149,350.439871387128,1.12104780197836,768.203101601814,770.445197205771,2.24209560395673,0.0456406423192225,0.183410727011799,0.137770084692576
Error,VP0281,302.266208820052,304.304550688317,2.03834186826509,674.323870390792,678.400554127322,4.07668373653019,0.129444358333689,0.160123733634934,0.0306793753012451
Error,VP0282,174.44116931714,174.580993085163,0.139823768023149,418.664476060587,418.944123596633,0.279647536046298,0.208785404314847,0.176854821595693,-0.0319305827191543
Error,VP0283,556.427769480371,558.321918322134,1.89414884176256,1181.52487180536,1185.31316948889,3.78829768352512,0.21986493826443,0.235145609477146,0.0152806712127163
Error,VP0284,526.630966747685,527.772845014966,1.14187826728164,1122.17819246589,1124.46194900046,2.28375653456328,0.057685565224593,0.16725943488912,0.109573869664527
Error,VP0285,400.712624568373,400.988416420595,0.275791852221573,870.720416844383,871.272000548826,0.551583704443146,0.150268367699844,0.144343032259649,-0.00592533544019477
Error,VP0286,429.371297905945,431.365968606488,1.99467070054368,928.241160361897,932.230501762984,3.98934140108736,0.352711953939032,0.288534965614637,-0.0641769883243956
Error,VP0287,442.644582504881,440.015061628272,-2.62952087660824,954.306537076327,949.04749532311,-5.25904175321648,0.311470060895423,0.45733075025717,0.145860689361746
Error,VP0288,278.497831980501,274.798052524332,-3.69977945616955,625.581314308916,618.181755396577,-7.3995589123391,0.189847654485956,0.0109736558231176,-0.178873998662838
Error,VP0289,279.514912782916,279.215410036783,-0.299502746133555,628.680629021846,628.081623529579,-0.599005492267111,0.127623202894061,0.201868500129462,0.0742452972354005
Error,VP0290,455.867328892718,454.092991887689,-1.77433700502831,980.59997421074,977.051300200684,-3.54867401005663,0.109178555287077,0.170538686968933,0.0613601316818556
Error,VP0291,529.992369645076,528.398325374065,-1.5940442710114,1128.57038963807,1125.38230109604,-3.1880885420228,0.183668145873021,0.0219676231945009,-0.16170052267852
Error,VP0292,295.113593476052,288.742792198709,-6.37080127734311,659.830664243117,647.08906168843,-12.7416025546862,0.120149449251222,0.00729670098880024,-0.112852748262421
Error,VP0293,306.867143333524,307.519457714638,0.652314381113911,682.761714038634,684.066342800862,1.30462876222782,0.318734905437791,0.0316389946995095,-0.287095910738282
Error,VP0294,315.414683380024,314.726528005373,-0.688155374651615,699.277521552131,697.901210802828,-1.37631074930323,0.145408776370993,0.227207058366695,0.0817982819957027
Error,VP0295,372.333554202813,373.110945876207,0.777391673393936,813.200099337487,814.754882684275,1.55478334678787,0.167550924452656,0.0949475675381179,-0.0726033569145381
Error,VP0296,281.590848424809,281.876467488,0.285619063190438,627.654755475031,628.225993601412,0.571238126380877,0.133709682384517,0.138196601125011,0.0044869187404937
Error,VP0297,368.191770992571,370.776607785007,2.58483679243625,805.795442535826,810.965116120698,5.1696735848725,0.263276616699588,0.196563555230621,-0.0667130614689674
Error,VP0298,316.415616455918,316.896883090612,0.481266634693213,701.898780698322,702.861313967709,0.962533269386427,0.0491103058936514,0.12903916169565,0.0799288558019984
Error,VP0299,502.212592595147,503.441671928454,1.22907933330754,1072.72312256542,1075.18128123203,2.45815866661519,0.304961195791898,0.239727505181335,-0.0652336906105628
Error,VP0300,279.685786880254,281.246433100003,1.56064621974917,626.800380118427,629.921672557925,3.12129243949835,0.153995984248546,0.138196601125011,-0.0157993831235355
Error,VP0301,443.181618595527,442.077601372332,-1.10401722319517,955.410744890673,953.202710444283,-2.20803444639034,0.11593190615523,0.090614366709147,-0.0253175394460826
Error,VP0302,478.694584839575,478.976306519464,0.281721679888733,1026.30542864967,1026.86887200945,0.563443359777466,0.0597362374730283,0.0533972032809739,-0.00633903419205434
Error,VP0303,355.717916256915,348.817285671001,-6.9006305859138,779.798425286601,765.997164114773,-13.8012611718276,0.103806622252293,0.0508294401604695,-0.0529771820918233
Error,VP0304,345.794804627807,347.75712205679,1.96231742898254,760.505868226137,764.430503084102,3.92463485796509,0.215272679479204,0.216833026420381,0.00156034694117643
Error,VP0305,337.149805604625,341.07987884783,3.93007324320433,744.091063959939,751.951210446348,7.86014648640867,0.192458700249273,0.128019224879348,-0.0644394753699248
Error,VP0306,310.894318251632,313.551784777977,2.65746652634562,690.363777128718,695.678710181409,5.31493305269123,0.0232848426649999,0.0633195509020896,0.0400347082370898
Error,VP0307,337.880087775494,338.137038950943,0.256951175448762,744.250838377323,744.76474072822,0.513902350897524,0.110969161403119,0.147002800865451,0.0360336394623315
Error,VP0308,300.217782922456,301.608859381129,1.39107645867335,666.951284580809,669.733437498156,2.78215291734671,0.186538551971333,0.138794058906924,-0.0477444930644089
Error,VP0309,307.449800113382,309.394960654109,1.94516054072676,683.045029199363,686.935350280817,3.89032108145352,0.254345844926914,0.184326796706271,-0.0700190482206423
Error,VP0310,200.869856663247,202.320811485844,1.45095482259623,468.216597062128,471.11850670732,2.90190964519246,0.264808618250009,0.348301219660069,0.0834926014100603
Error,VP0311,383.092368437964,380.320194611125,-2.77217382683847,835.976189626615,830.431841972938,-5.54434765367694,0.0889096168375821,0.27176649497702,0.182856878139438
Error,VP0312,430.979495313942,430.896833163086,-0.0826621508559242,931.419130538877,931.253806237165,-0.165324301711735,0.203359279441795,0.280762714036272,0.0774034345944773
Error,VP0313,440.881642358397,440.937060494985,0.0554181365884006,951.261849266802,951.372685539978,0.110836273176801,0.242800610151598,0.176289977629024,-0.0665106325225736
Error,VP0314,379.646802363019,380.876046159606,1.22924379658662,828.520043640797,830.97853123397,2.45848759317323,0.0454865637863299,0.167330311114646,0.121843747328316
Error,VP0315,299.867124178198,301.647029340833,1.77990516263492,669.469678551598,673.029488876867,3.55981032526984,0.162300353387052,0.176513469578233,0.014213116191181
Error,VP0316,487.313067481672,486.690912637607,-0.622154844065165,1043.93108262286,1042.68677293473,-1.24430968813022,0.141111093400076,0.130434888153395,-0.0106762052466812
Error,VP0317,303.244019911208,305.850153900026,2.60613398881748,676.204725869674,681.416993847309,5.21226797763495,0.0878632664774454,0.0613335023711035,-0.0265297641063419
Error,VP0318,353.444533400571,351.715152884009,-1.72938051656223,776.65254750562,773.193786472495,-3.45876103312446,0.149716871537138,0.120665343745427,-0.0290515277917111
Error,VP0319,401.857798260579,399.862470519226,-1.99532774135258,873.507049271846,869.516393789141,-3.99065548270517,0.122672448492234,0.0996937652489629,-0.0229786832432708
Error,VP0320,380.540279092314,381.502073640225,0.961794547910415,830.872010935317,832.795600031138,1.92358909582083,0.0585031556374962,0.0706790004805896,0.0121758448430935
Error,VP0321,317.504657018857,318.455465539648,0.950808520790929,704.363018497866,706.264635539448,1.90161704158186,0.0945621977568374,0.157977817281283,0.0634156195244451
Error,VP0322,232.795893399652,230.669242203664,-2.12665119598796,534.699294678924,530.445992286948,-4.25330239197592,0.163692704151629,0.249696469586404,0.0860037654347756
Error,VP0323,401.159479533887,402.107615482616,0.948135948729373,871.60433724942,873.500609146879,1.89627189745875,0.0981784455716674,0.0710304896033089,-0.0271479559683584
Error,VP0324,312.687976928205,310.097791318976,-2.59018560922902,695.167406607099,689.987035388641,-5.18037121845805,0.232264147206616,0.271633324533948,0.0393691773273322
Error,VP0325,306.6503574887,302.986604252056,-3.66375323664454,682.418187979917,675.090681506628,-7.32750647328908,0.207976812010494,0.460809243458242,0.252832431447749
Error,VP0326,303.166767164668,302.330493251091,-0.83627391357652,675.974890453518,674.302342626365,-1.67254782715304,0.27146449812221,0.239729929369314,-0.0317345687528954
Error,VP0327,356.576442990727,356.501341238431,-0.0751017522960638,782.170258048021,782.020054543428,-0.150203504592128,0.141424589488589,0.0378035572258758,-0.103621032262714
Error,VP0328,150.882382564419,149.58475056857,-1.29763199584926,365.667171799491,363.071907807793,-2.59526399169852,0.109028531127335,0.0935353686995465,-0.0154931624277883
Error,VP0329,438.909152690584,439.74173517666,0.83258248607558,947.152535638475,948.817700610627,1.66516497215116,0.110075231824174,0.21275088022836,0.102675648404186
Error,VP0330,458.719086472741,458.460127891494,-0.258958581247896,987.192312220042,986.674395057547,-0.517917162495792,0.16463551780959,0.157710336657623,-0.00692518115196689
Error,VP0331,342.726204660204,341.34008116284,-1.38612349736366,755.036893253385,752.264646258657,-2.77224699472731,0.169015043712112,0.0411611596058918,-0.12785388410622
Error,VP0332,366.259459407089,367.321847600047,1.06238819295794,801.725633856665,803.850410242581,2.12477638591588,0.0154439053412812,0.105424291011822,0.0899803856705406
Error,VP0333,483.05222034538,480.199762040853,-2.85245830452703,1035.78353270878,1030.07861609973,-5.70491660905418,0.139959926469711,0.078435890602552,-0.0615240358671591
Error,VP0334,283.639811947117,282.926344380087,-0.713467567030193,634.649293474252,633.222358340192,-1.42693513406039,0.144592134034184,0.184550957125771,0.0399588230915862
Error,VP0335,336.733993650952,336.268808434288,-0.465185216663428,742.495414673489,741.565044240163,-0.930370433326743,0.220753106233466,0.224956363421401,0.00420325718793524
Error,VP0336,367.049393693325,357.300249652927,-9.74914404039794,803.587759609782,784.089471528987,-19.4982880807959,0.218882563279527,0.00705185425525091,-0.211830709024276
Error,VP0337,281.099461292584,281.826736506415,0.727275213831433,631.934352780369,633.388903208032,1.45455042766287,0.0647227122451108,0.0717668756739417,0.00704416342883098
Error,VP0338,347.760288792154,353.722058365202,5.96176957304743,764.638050586825,776.56158973292,11.9235391460949,0.00164462525732482,0.00651708091008328,0.00487245565275846
Error,VP0339,352.778840090173,353.539317241721,0.760477151548741,775.075401824334,776.596356127432,1.52095430309748,0.301257467527363,0.0439479021901705,-0.257309565337192
Error,VP0340,363.944938094583,362.778325209178,-1.16661288540513,797.653356893643,795.320131122833,-2.33322577081026,0.0839500682451634,0.054103919843665,-0.0298461484014984
Error,VP0341,297.394950358711,299.202233787937,1.80728342922617,663.343988703522,666.958555561974,3.61456685845235,0.0243707297724792,0.0520711644673843,0.0277004346949051
Error,VP0342,221.098365401919,221.848545212124,0.750179810204884,510.591495186126,512.091854806536,1.50035962040971,0.408347827423138,0.306456089352344,-0.101891738070794
Error,VP0343,312.72533563262,314.226594908621,1.50125927600084,694.457977905692,697.460496457694,3.00251855200167,0.103436384961219,0.079969796544822,-0.0234665884163973
Error,VP0344,354.34433690895,353.57292736462,-0.771409544329913,778.554338411964,777.011519323304,-1.54281908865983,0.206706219337763,0.2172516163265,0.0105453969887368
Error,VP0345,360.458940734721,359.155778051973,-1.30316268274782,790.521358760455,787.915033394959,-2.60632536549565,0.152334335930857,0.238615501315293,0.0862811653844361
Error,VP0346,299.620411840021,300.176794057375,0.556382217354326,668.806278111557,669.919042546266,1.11276443470865,0.26472406206862,0.241449566837513,-0.0232744952311069
Error,VP0347,512.828689146766,507.104036125934,-5.72465302083197,1093.75880279468,1082.30949675302,-11.4493060416639,0.00675276511123052,0.00508499382965154,-0.00166777128157898
Error,VP0348,400.00655079768,399.845483266069,-0.16106753161057,869.767240869919,869.445105806698,-0.32213506322114,0.142370067424743,0.071767120919586,-0.0706029465051569
Error,VP0349,223.157162509774,225.811564678282,2.65440216850857,511.099421441633,516.40822577865,5.30880433701708,0.0936915937786415,0.0864056130257615,-0.00728598075288001
Error,VP0350,356.009317521126,351.413696582621,-4.59562093850502,780.29492738728,771.10368551027,-9.19124187701004,0.168673200732855,0.347239252680685,0.178566051947831
Error,VP0351,383.069380785936,382.811293654445,-0.258087131490754,835.394713542976,834.878539279994,-0.516174262981508,0.21221237797332,0.253728576571624,0.0415161985983041
Error,VP0352,517.864350076021,516.962359627819,-0.901990448201104,1103.86314614715,1102.05916525075,-1.80398089640221,0.335358115166188,0.0211341198756233,-0.314223995290565
Error,VP0353,291.819371834914,297.209349295177,5.38997746026223,653.317835687848,664.097790608372,10.7799549205245,0.0838318354879207,0.106966839818575,0.0231350043306541
Error,VP0354,435.563811515724,434.787123080394,-0.776688435330186,940.235130911068,938.681754040408,-1.55337687066037,0.17949945856865,0.227260791253149,0.0477613326844985
Error,VP0355,263.422193726814,261.304258390927,-2.1179353358861,596.673014968316,592.437144296544,-4.2358706717722,0.135270242630845,0.313305555304516,0.178035312673671
Error,VP0356,295.602296503238,297.121669065483,1.5193725622446,659.905127124458,662.943872248947,3.0387451244892,0.0767348832503606,0.0936513964247467,0.0169165131743861
Error,VP0357,367.396268076952,365.571470946853,-1.82479713009894,803.155128926675,799.505534666477,-3.64959426019789,0.165701915352693,0.107790291346273,-0.0579116240064197
Error,VP0358,248.670304873012,248.500870840985,-0.169434032027368,564.9099336385,564.571065574445,-0.338868064054736,0.16660401474212,0.192967752649143,0.0263637379070224
Error,VP0359,306.912910235853,306.270568341514,-0.64234189433995,681.625039546429,680.34035575775,-1.2846837886799,0.125012497704572,0.0588014728715656,-0.0662110248330069
Error,VP0360,337.935967828786,337.174827273647,-0.761140555139036,745.644749073879,744.122467963601,-1.52228111027807,0.17944089592237,0.213945572445222,0.0345046765228521
Error,VP0361,311.78296444283,313.194064528734,1.41110008590306,693.026068796653,695.848268968459,2.82220017180612,0.235776268010355,0.206812253563111,-0.0289640144472434
Error,VP0362,258.866685593522,259.748426550731,0.88174095720882,587.599035781109,589.362517695526,1.76348191441764,0.0881966011250105,0.0757600936590818,-0.0124365074659287
Error,VP0363,262.361568642826,261.806077151799,-0.555491491026771,593.24556297617,592.134579994117,-1.11098298205343,0.110115572843506,0.124797852465632,0.014682279622126
Error,VP0364,444.520396602825,446.786723869339,2.26632726651462,958.869420720339,963.402075253368,4.53265453302924,0.350142668939052,0.226501943855434,-0.123640725083618
Error,VP0365,402.058785507933,402.303140601518,0.244355093584545,873.871710290426,874.360420477595,0.48871018716909,0.119636058721058,0.272304451504176,0.152668392783118
Error,VP0366,344.342032557547,342.877874967993,-1.4641575895547,758.494122522312,755.565807343202,-2.9283151791094,0.0792686672789613,0.10013873727669,0.0208700699977288
Error,VP0367,217.786455579608,218.42453761077,0.638082031162128,504.848490221998,506.124654284323,1.27616406232426,0.243066212730198,0.203004694932403,-0.0400615177977952
Error,VP0368,398.006450596416,397.334671081548,-0.671779514868319,865.587874901602,864.244315871865,-1.34355902973664,0.177861512457702,0.11251798436919,-0.065343528088512
Error,VP0369,379.096805271927,378.914187865215,-0.182617406711415,827.825510402556,827.460275589133,-0.36523481342283,0.159683015445388,0.179373802561928,0.0196907871165402
Error,VP0370,350.006286618744,349.508778193306,-0.497508425438298,769.785386653796,768.790369802919,-0.995016850876596,0.251017239049726,0.0743332069080207,-0.176684032141705
Error,VP0371,399.70112341967,399.230801491184,-0.47032192848576,869.081338857358,868.140695000387,-0.940643856971519,0.158917738720853,0.143161342877938,-0.0157563958429148
Error,VP0372,369.81101084972,369.213852724107,-0.597158125613191,808.26005561397,807.065739362744,-1.19431625122638,0.141041201924649,0.113805980840142,-0.0272352210845066
Error,VP0373,182.489722760436,177.667513782692,-4.82220897774417,434.497167164861,424.852749209373,-9.64441795548839,0.141062765109319,0.0235998458294068,-0.117462919279912
Error,VP0374,319.548148789446,323.307800978395,3.75965218894873,708.934197231474,716.453501609371,7.51930437789747,0.343256262225362,0.298720509288409,-0.0445357529369526
Error,VP0375,400.809975994516,399.528646306871,-1.28132968764493,870.485268414337,867.922609039048,-2.56265937528985,0.105998696008975,0.0830446816068402,-0.0229540144021352
Error,VP0376,517.950952238613,517.264353647067,-0.686598591546385,1104.8587314547,1103.48553427161,-1.37319718309277,0.219884839376187,0.249711780795462,0.0298269414192753
Error,VP0377,418.312047336533,416.522489743261,-1.78955759327255,906.452722187756,902.873607001211,-3.5791151865451,0.0844019535433099,0.201188735476123,0.116786781932813
Error,VP0378,332.87938653471,333.717651832464,0.83826529775331,735.568830476638,737.245361072145,1.67653059550662,0.279863500193236,0.1962123997901,-0.0836511004031361
Error,VP0379,409.551640553452,410.266889243887,0.715248690435203,886.868351030626,888.298848411497,1.43049738087041,0.0898157437096546,0.158178953403418,0.0683632096937633
Error,VP0380,335.135269718668,334.77423259064,-0.361037128027931,739.146065153981,738.423990897925,-0.722074256055862,0.183515052720807,0.207058163247094,0.0235431105262868
Error,VP0381,393.825228589421,392.506938488462,-1.31829010095845,856.172882869361,853.536302667444,-2.63658020191701,0.188557314976057,0.0456694742144696,-0.142887840761588
Error,VP0382,370.363660643951,370.839539291798,0.475878647847139,809.458959630027,810.410716925721,0.951757295694279,0.144833656044391,0.0854723310834856,-0.059361324960905
Error,VP0383,282.787232448261,280.430996271746,-2.35623617651498,634.850043959305,630.137571606276,-4.71247235302997,0.145369705539079,0.12194313579996,-0.0234265697391196
Error,VP0384,433.797818110493,432.156315758641,-1.64150235185264,936.673189010808,933.390184307103,-3.28300470370527,0.21091716299257,0.43603856806453,0.225121405071961
Error,VP0385,314.957134581113,318.692764899997,3.73563031888403,699.612175861243,707.083436499011,7.47126063776807,0.20792297931978,0.330817915677564,0.122894936357785
Error,VP0386,369.773439388503,372.923352221897,3.14991283339396,808.564250843571,814.864076510359,6.29982566678791,0.149455307184456,0.231859153457541,0.0824038462730857
Error,VP0387,380.957571156255,385.044823183644,4.0872520273885,831.518619603523,839.6931236583,8.174504054777,0.0501210411795293,0.224625439042809,0.17450439786328
Error,VP0388,325.277796550419,323.906289077244,-1.37150747317537,719.782032015597,717.039017069247,-2.74301494635074,0.0744878783578381,0.14486696425549,0.0703790858976523
Error,VP0389,238.214136302784,237.635465849262,-0.57867045352188,546.275435806751,545.118094899707,-1.1573409070437,0.29039271983506,0.325796851624516,0.0354041317894553
Error,VP0390,303.147499508184,303.803570887717,0.656071379532591,675.332471592215,676.64461435128,1.31214275906518,0.0802962923544543,0.156879985578173,0.0765836932237188
Error,VP0391,402.359879323989,400.974116332289,-1.38576299170023,874.150982876173,871.379456892772,-2.77152598340047,0.142580297581874,0.231079108265454,0.0884988106835799
Error,VP0392,186.9054359824,186.955186980961,0.0497509985606825,441.756737773566,441.856239770687,0.0995019971213651,0.209832417525655,0.159033635899186,-0.0507987816264686
Error,VP0393,337.898804514784,339.698266062669,1.79946154788564,745.102556689084,748.701479784855,3.59892309577128,0.254588440788666,0.128012226404358,-0.126576214384308
Error,VP0394,373.792359110921,373.323129170519,-0.469229940402329,816.388559043702,815.450099162898,-0.938459880804658,0.355447959205351,0.448395409261269,0.0929474500559185
Error,VP0395,276.294999139504,276.461361449845,0.166362310340844,622.381451029695,622.714175650377,0.332724620681688,0.0843805546091674,0.119626466950316,0.0352459123411488
Error,VP0396,403.266843031194,403.820600059479,0.553757028284394,875.337526884248,876.445040940817,1.10751405656879,0.182320506752507,0.167875963714812,-0.0144445430376947
Error,VP0397,555.644515176955,551.620068150149,-4.024447026806,1179.35732395783,1171.30842990422,-8.048894053612,0.145059208678408,0.0437483078329925,-0.101310900845415
Error,VP0398,283.67404028657,285.121673292034,1.44763300546322,636.961041032242,639.856307043169,2.89526601092643,0.135652711601014,0.131339806704419,-0.00431290489659525
Error,VP0399,292.747168195453,293.020795134036,0.273626938583106,655.211022438164,655.75827631533,0.547253877166213,0.124889036785144,0.131133959358542,0.00624492257339751
Error,VP0400,290.69014380971,291.725199200402,1.03505539069141,650.907574065669,652.977684847052,2.07011078138282,0.17478121213367,0.209446177725857,0.0346649655921874
Error,VP0401,576.176195438661,562.826974995213,-13.3492204434482,1220.85365253878,1194.15521165188,-26.6984408868964,0.0129167263334594,0.00854253914527115,-0.00437418718818823
Error,VP0402,380.738898586016,383.140507792755,2.40160920673873,831.043251603549,835.846470017026,4.80321841347745,0.0195802941577672,0.117733040627532,0.0981527464697653
Error,VP0403,358.9694835872,354.206268072553,-4.76321551464628,787.636873873415,778.110442844122,-9.52643102929255,0.170281781122225,0.0445395975975381,-0.125742183524687
Error,VP0404,368.650877005517,369.100627702999,0.449750697481363,806.228170422756,807.127671817718,0.899501394962726,0.233550254167915,0.190089218896459,-0.0434610352714562
Error,VP0405,357.95932747796,356.38822518575,-1.57110229220945,785.691468372226,782.549263787808,-3.14220458441889,0.0630021212650023,0.0352754017730109,-0.0277267194919915
Error,VP0406,373.587619169899,373.419894684351,-0.167724485548263,815.342597145747,815.007148174651,-0.335448971096525,0.114664105744856,0.123537263868754,0.00887315812389798
Error,VP0407,305.801391323365,305.633136552532,-0.168254770832846,680.858734617834,680.522225076168,-0.336509541665691,0.221064989543023,0.0208464751306439,-0.200218514412379
Error,VP0408,367.273101284206,365.224069438594,-2.04903184561198,804.328339994718,800.230276303494,-4.09806369122396,0.12324977484349,0.113935563607298,-0.00931421123619264
Error,VP0409,330.421784585785,330.102331796866,-0.31945278891817,729.961042174086,729.322136596249,-0.63890557783634,0.201827764103689,0.136465358177587,-0.0653624059261017
Error,VP0410,285.106383811203,285.87720501735,0.770821206146593,639.948197817608,641.489840229901,1.54164241229319,0.136549829313315,0.164315772359644,0.027765943046329
Error,VP0411,366.202222423311,364.449126041915,-1.75309638139595,801.950833495431,798.444640732639,-3.5061927627919,0.0263179603945932,0.0226261938893566,-0.00369176650523654
Error,VP0412,293.77331528876,295.52551249097,1.7521972022102,657.225722595539,660.730116999959,3.5043944044204,0.17549802252884,0.104055420434695,-0.0714426020941451
Error,VP0413,333.176466802709,335.368441478419,2.19197467571024,736.088363800618,740.472313152039,4.38394935142048,0.29839400154889,0.144071114817718,-0.154322886731172
Error,VP0414,350.539883164648,349.621197912637,-0.918685252011244,770.852579745604,769.015209241581,-1.83737050402249,0.209302734603865,0.291355933447312,0.0820531988434462
Error,VP0415,329.871891469812,329.588339805478,-0.283551664334254,729.479213134826,728.912109806158,-0.567103328668509,0.114555252831943,0.164370141374286,0.0498148885423427
Error,VP0416,365.16716073472,368.331468334317,3.16430759959707,800.116458895746,806.44507409494,6.32861519919413,0.181341189534645,0.163857221778767,-0.0174839677558781
Error,VP0417,510.834289881717,512.129421819589,1.29513193787227,1090.57467096491,1093.16493484065,2.59026387574477,0.313780133746883,0.282194671726425,-0.0315854620204576
Error,VP0418,182.743067820287,182.573302980051,-0.169764840236724,435.108570283237,434.769040602764,-0.339529680473447,0.263386513790343,0.289317459688625,0.0259309458982827
Error,VP0419,328.794152171382,328.277401072959,-0.516751098422844,727.314366855782,726.280864658936,-1.03350219684569,0.0722186206782692,0.122535668395701,0.0503170477174319
Error,VP0420,356.278242938055,354.771504360917,-1.50673857713872,781.173599280918,778.160122126641,-3.01347715427755,0.230503552375299,0.30521623234291,0.0747126799676108
Error,VP0421,423.309308036714,424.055412993015,0.746104956301281,915.874568044532,917.366777957135,1.49220991260256,0.239890373845795,0.193315416038887,-0.0465749578069088
Error,VP0422,430.972624609479,432.994802708532,2.02217809905301,931.042782035406,935.087138233512,4.04435619810602,0.106692446828937,0.139025117615599,0.0323326707866623
Error,VP0423,342.211331961893,342.632170618122,0.420838656228909,752.323636278926,753.165313591384,0.841677312457819,0.170876593423947,0.0852468476909757,-0.0856297457329712
Error,VP0424,504.579115871761,504.547678746195,-0.0314371255664696,1078.49246200083,1078.4295877497,-0.0628742511328255,0.279763335488272,0.164145078767299,-0.115618256720973
Error,VP0425,489.213208196014,490.785728241329,1.57252004531585,1047.29173281733,1050.43677290796,3.14504009063171,0.240705456792642,0.234531478096498,-0.00617397869614369
Error,VP0426,412.015831263544,407.815592441871,-4.20023882167277,893.720166310507,885.319688667161,-8.40047764334554,0.206209717743308,0.310326795702212,0.104117077958905
Error,VP0427,292.099347355566,292.42192855264,0.322581197074385,653.980832137439,654.625994531587,0.64516239414877,0.0325605725718445,0.0660674112537514,0.0335068386819069
Error,VP0428,398.005086750627,397.622329147934,-0.382757602692607,865.363877961405,864.59836275602,-0.765515205385213,0.208052083093477,0.161803398874989,-0.0462486842184875
Error,VP0429,425.959935668954,426.974424415397,1.01448874644296,921.692684754215,923.721662247101,2.02897749288593,0.0223283216524562,0.0325074408604535,0.0101791192079973
Error,VP0430,379.435427730255,379.266410476163,-0.169017254091671,826.567275229035,826.229240720852,-0.338034508183341,0.0980691794225473,0.0820232044669817,-0.0160459749555656
Error,VP0431,283.954464390871,285.010564482092,1.05610009122142,637.243159039049,639.355359221491,2.11220018244285,0.26732135651243,0.301685025492241,0.0343636689798105
Error,VP0432,345.374613117102,345.000498042197,-0.374115074905092,760.1514509254,759.403220775589,-0.748230149810183,0.284236642216694,0.0332048717597346,-0.25103177045696
Error,VP0433,246.327518814201,243.576567568306,-2.75095124589495,562.46509503562,556.96319254383,-5.50190249178991,0.271854889962352,0.336081029760821,0.0642261397984693
Error,VP0434,338.4434665166,334.145827690495,-4.29763882610473,745.545843782034,736.950566129825,-8.59527765220946,0.117754899775927,0.13955701536861,0.0218021155926824
Error,VP0435,371.492060542636,372.285031220899,0.792970678263089,812.568605018248,814.154546374775,1.58594135652618,0.0205255684082539,0.253633385678909,0.233107817270655
Error,VP0436,444.418508500914,446.607140630977,2.18863213006256,958.665644516517,963.042908776643,4.37726426012512,0.00884255483353186,0.106634939608969,0.0977923847754369
Error,VP0437,393.532940667662,389.609905500337,-3.92303516732545,856.535641256679,848.689570922028,-7.8460703346509,0.00992682443119795,0.009754320753079,-0.000172503678118949
Error,VP0438,356.01333232344,350.656301656341,-5.35703066709846,781.515636870013,770.801575535816,-10.7140613341969,0.147356954651778,0.205480080334935,0.0581231256831569
Error,VP0439,348.504128552282,347.600908482455,-0.903220069826716,766.535543550812,764.729103411159,-1.80644013965343,0.151782202594569,0.24069356932313,0.0889113667285611
Error,VP0440,403.730310526649,400.978349817998,-2.75196070865047,875.122538199901,869.6186167826,-5.50392141730094,0.268935392854072,0.122320137695476,-0.146615255158596
Error,VP0441,376.571177756374,375.699731040795,-0.871446715578656,822.905836217225,821.162942786068,-1.74289343115731,0.151492482763456,0.0987158516125115,-0.0527766311509444
Error,VP0442,371.610342521965,371.604699370971,-0.00564315099325086,812.05531090806,812.044024606073,-0.0112863019865017,0.118611467530305,0.126549463413875,0.00793799588356998
Error,VP0443,175.052329525388,180.100451302543,5.04812177715485,419.736558909479,429.832802463789,10.0962435543097,0.317028857531797,0.310805396896128,-0.00622346063566892
Error,VP0444,350.190206556471,348.257128181441,-1.93307837502994,770.031216568955,766.165059818896,-3.86615675005987,0.158525810818612,0.197496877602559,0.0389710667839463
Error,VP0445,336.103818218193,334.094833941514,-2.00898427667909,741.677396357741,737.659427804382,-4.01796855335829,0.286776034917355,0.303642712001023,0.016866677083668
Error,VP0446,260.923675912648,261.55541254196,0.631736629312229,591.450829116309,592.714302374933,1.26347325862446,0.0259111052171131,0.048111023983593,0.0221999187664799
Error,VP0447,385.894366918031,385.5139083706,-0.380458547430578,841.561547252369,840.800630157508,-0.760917094861156,0.159041310870552,0.080530483068311,-0.0785108278022408
Error,VP0448,240.873426722076,238.337853585641,-2.53557313643518,551.491642554402,546.420496281532,-5.07114627287035,0.0252040499026601,0.0292723010043934,0.00406825110173326
Error,VP0449,278.75883448253,278.558789023612,-0.200045458918112,625.750530188616,625.35043927078,-0.400090917836224,0.0536772967406533,0.0571533379149295,0.00347604117427619
Error,VP0450,240.203740992643,243.273188964441,3.06944797179801,548.640343208842,554.779239152438,6.13889594359603,0.403126656717786,0.16384007310793,-0.239286583609856
Error,VP0451,211.185788097438,211.335151677929,0.1493635804907,492.163028945565,492.461756106546,0.2987271609814,0.148110107755654,0.0515732628415178,-0.0965368449141367
Error,VP0452,393.184626730158,392.820773324058,-0.363853406100304,855.615377420802,854.887670608602,-0.727706812200609,0.172173243116391,0.171382775851936,-0.000790467264454919
Error,VP0453,287.81200161933,280.976045788286,-6.83595583104409,645.284245109721,631.612333447633,-13.6719116620882,0.199032792452245,0.391412892551578,0.192380100099333
Error,VP0454,473.064614893665,472.895686832209,-0.168928061456654,1015.53145447853,1015.19359835561,-0.337856122913308,0.201712807652921,0.115557400414074,-0.0861554072388473
Error,VP0455,465.468561521224,461.500709528361,-3.96785199286302,999.954495109013,992.018791123287,-7.93570398572604,0.0398114421965042,0.0247218488685379,-0.0150895933279663
Error,VP0456,287.097505520383,288.092111260182,0.994605739798885,643.35224552708,645.341457006677,1.98921147959777,0.0235243731896363,0.0388146351137604,0.0152902619241241
Error,VP0457,310.306731388453,309.387690044009,-0.919041344444054,690.358251887156,688.520169198268,-1.83808268888811,0.214545207474059,0.33962630255998,0.12508109508592
Error,VP0458,243.288588687005,241.664414121318,-1.62417456568778,556.387234781228,553.138885649853,-3.24834913137556,0.149461119407474,0.15601196640869,0.00655084700121517
Error,VP0459,464.867914984074,462.750003945762,-2.11791103831155,999.564457482837,995.328635406214,-4.23582207662309,0.290268214264878,0.0792189575822864,-0.211049256682592
Error,VP0460,326.671546238443,325.610961102253,-1.06058513618933,723.050393258321,720.929222985942,-2.12117027237866,0.0906240335108937,0.10868106666373,0.018057033152836
Error,VP0461,281.069619224794,281.287035382224,0.217416157430193,631.921375875895,632.356208190755,0.434832314860387,0.404978726095841,0.089998790116416,-0.314979935979425
Error,VP0462,357.627212978404,356.958048264942,-0.669164713461896,785.064483364025,783.726153937101,-1.33832942692379,0.163315357005058,0.123606797749979,-0.0397085592550788
Error,VP0463,370.622125231342,372.232519439618,1.61039420827592,810.539418170321,813.760206586873,3.22078841655184,0.252613179553687,0.0704758532599947,-0.182137326293693
Error,VP0464,307.474827308291,303.839827755015,-3.6349995532762,683.670935629972,676.40093652342,-7.2699991065524,0.0335412875157932,0.0108671871843508,-0.0226741003314424
Error,VP0465,329.898996360827,331.184534836785,1.28553847595816,728.805299362105,731.376376314021,2.57107695191633,0.145313055633603,0.139541792993743,-0.00577126263985966
Error,VP0466,467.04010282975,468.570040572071,1.52993774232061,1003.2175791661,1006.27745465074,3.05987548464122,0.0290299237582648,0.106626926354127,0.0775970025958619
Error,VP0467,340.095998736577,339.924662604054,-0.171336132523209,749.37894966336,749.036277398313,-0.342672265046417,0.148201866691613,0.0815101560076056,-0.0666917106840071
Error,VP0468,583.172897558913,582.271038869409,-0.901858689503797,1235.85394280225,1234.05022542324,-1.80371737900759,0.0941067836266922,0.287616192105261,0.193509408478569
Error,VP0469,300.992135240466,299.668657645802,-1.32347759466381,671.738409755492,669.091454566164,-2.64695518932763,0.379236243362453,0.37162306335328,-0.00761318000917266
Error,VP0470,307.425488174877,300.573694582913,-6.851793591964,684.262876900438,670.55928971651,-13.703587183928,0.496558546464864,0.562611385499696,0.0660528390348323
Error,VP0471,366.930511272769,364.919741893167,-2.01076937960181,803.671079952756,799.649541193552,-4.02153875920362,0.0120476190421774,0.0105661782484272,-0.00148144079375011
Error,VP0472,275.017281364432,277.175337668228,2.15805630379623,619.656997371526,623.973109979118,4.31611260759246,0.191386946164628,0.12500186775956,-0.0663850784050681
Error,VP0473,411.631413361773,409.05253849146,-2.57887487031246,892.587305639271,887.429555898646,-5.15774974062492,0.0258037827776892,0.0192982351860945,-0.00650554759159477
Error,VP0474,301.676141223328,299.732207176896,-1.94393404643114,672.459790326274,668.571922233412,-3.88786809286228,0.188529937262692,0.116972603042307,-0.0715573342203845
Error,VP0475,419.314721899613,419.026236643149,-0.2884852564639,908.251878441888,907.674907928961,-0.576970512927801,0.0557847756768225,0.0716149992878875,0.015830223611065
Error,VP0476,416.490937170119,421.533870323734,5.04293315361525,902.791931747455,912.877798054685,10.0858663072305,0.208438908208604,0.137165231054381,-0.0712736771542232
Error,VP0477,357.692933327742,358.372399739393,0.679466411651674,783.662159000512,785.021091823815,1.35893282330335,0.283938227938366,0.355895130099602,0.0719569021612363
Error,VP0478,334.190101921403,338.074086301578,3.88398438017452,738.124992953057,745.892961713406,7.76796876034905,0.0423486566305291,0.0790293792738956,0.0366807226433664
Error,VP0479,370.50114831869,368.635687685225,-1.86546063346503,809.795854681984,806.064933415054,-3.73092126693007,0.109815986683046,0.128792933128679,0.018976946445633
Error,VP0480,319.443103749474,312.642733324676,-6.80037042479762,708.200925554942,694.600184705347,-13.6007408495952,0.00508499382965154,0.00268765083368302,-0.00239734299596852
Error,VP0481,387.694070112878,389.87008587133,2.17601575845276,845.188899631373,849.540931148278,4.35203151690553,0.278481412935056,0.20455028398461,-0.0739311289504461
Error,VP0482,276.026219730692,276.414953703299,0.388733972607099,621.899602662566,622.67707060778,0.777467945214198,0.125359355463735,0.193562319124061,0.0682029636603253
Error,VP0483,292.950913161827,294.048419960874,1.09750679904704,653.563743470258,655.758757068352,2.19501359809408,0.0293689524304341,0.118415174411348,0.0890462219809142
Error,VP0484,278.087121762317,277.08379486652,-1.00332689579619,624.536836297404,622.530182505811,-2.00665379159238,0.123273462574761,0.103347749776918,-0.0199257127978429
Error,VP0485,387.396528057354,391.114213047368,3.71768499001405,844.137028213994,851.572398194023,7.4353699800281,0.341713924157085,0.153983699038399,-0.187730225118686
Error,VP0486,326.256176149467,331.674583782116,5.41840763264872,722.359515500117,733.196330765415,10.8368152652974,0.348316533287368,0.28819660112501,-0.0601199321623579
Error,VP0487,365.035086114243,365.450185182743,0.415099068499899,799.730414099547,800.560612236547,0.830198136999797,0.191896612212671,0.156871366400698,-0.0350252458119735
Error,VP0488,425.598928953845,425.983954546048,0.385025592202908,920.03248377182,920.802534956226,0.770051184405816,0.219596191923105,0.201461661737368,-0.0181345301857374
Error,VP0489,494.533399686443,493.059626296618,-1.47377338982494,1058.56536392289,1055.61781714324,-2.94754677964988,0.143751164192976,0.17272288365995,0.0289717194669739
Error,VP0490,381.316610998913,382.402813593412,1.08620259449907,830.155925759243,832.328330948242,2.17240518899814,0.269708574063815,0.218825522769573,-0.0508830512942418
Error,VP0491,343.996419782953,346.06167285384,2.06525307088663,757.821467080596,761.951973222369,4.13050614177325,0.267713251668392,0.248046057517721,-0.019667194150671
Error,VP0492,330.669457021398,328.514470550136,-2.15498647126151,731.027417826215,726.717444883692,-4.30997294252302,0.118385366819808,0.0120975327385354,-0.106287834081272
Error,VP0493,390.567885118132,389.549278256129,-1.01860686200354,850.83367693528,848.796463211273,-2.03721372400707,0.225988959412132,0.182191073328527,-0.0437978860836055
Error,VP0494,333.931230482036,332.970902175705,-0.960328306331576,735.593264720628,733.672608107965,-1.92065661266315,0.497466159261095,0.178945021399338,-0.318521137861757
Error,VP0495,326.603591122581,330.719588796867,4.11599767428595,722.923868292419,731.155863640991,8.2319953485719,0.139087256093714,0.116274263408465,-0.0228129926852484
Error,VP0496,236.024125291758,237.510944901449,1.4868196096912,541.802389858075,544.776029077458,2.97363921938245,0.249275428209608,0.226518360190903,-0.0227570680187048
Error,VP0497,326.618042835061,329.391902889222,2.77386005416122,723.083248871304,728.630968979627,5.54772010832244,0.0760915242137373,0.170750307716845,0.0946587835031075
Error,VP0498,334.973297983557,334.830164142911,-0.143133840645874,739.719409383422,739.43314170213,-0.286267681291747,0.129329063909322,0.128743291416812,-0.000585772492510711
Error,VP0499,303.862337492555,301.255273772412,-2.60706372014346,677.460105180312,672.245977740025,-5.21412744028692,0.145310221056117,0.134094053690068,-0.0112161673660494
Error,VP0500,232.132078025755,232.957939358402,0.825861332647293,533.924397922571,535.576120587865,1.65172266529464,0.0726285819136489,0.0987800235465927,0.0261514416329438
Error,VP0501,291.453774810031,297.074270467373,5.62049565734202,651.259395481535,662.500386796219,11.2409913146842,0.286844836628787,0.213097193679025,-0.0737476429497628
Error,VP0502,341.541306444116,342.017919273239,0.476612829123212,752.377780595868,753.331006254114,0.953225658246538,0.00337099251307619,0.137382879068411,0.134011886555335
Error,VP0503,276.666735458352,277.511206807171,0.844471348818615,621.155391476772,622.844334174409,1.68894269763723,0.0151105717778158,0.185778701738662,0.170668129960846
Error,VP0504,303.322614208538,299.55549991463,-3.76711429390838,676.114988338431,668.580759750614,-7.53422858781687,0.0427934970562806,0.0404919375018585,-0.00230155955442209
Error,VP0505,268.608797998107,266.302671969468,-2.30612602863846,605.23042634093,600.618174283653,-4.61225205727692,0.125206375281243,0.115112063447882,-0.0100943118333613
Error,VP0506,465.207327357851,460.186648138792,-5.02067921905888,999.320745917174,989.279387479056,-10.0413584381178,0.128452534060087,0.0793523633035553,-0.0491001707565322
Error,VP0507,413.943288040546,415.297756215502,1.35446817495563,896.954123867578,899.663060217489,2.70893634991126,0.17960300902016,0.0368154168383238,-0.142787592181836
Error,VP0508,336.636144124986,333.960838271799,-2.67530585318747,742.960792033392,737.610180327017,-5.35061170637493,0.172795385249385,0.148881702522668,-0.0239136827267171
Error,VP0509,412.948660231601,409.763584108593,-3.18507612300834,895.143444423687,888.773292177671,-6.37015224601669,0.0635075239472939,0.0299858824085524,-0.0335216415387414
Error,VP0510,204.71460822387,204.869530651023,0.154922427153281,476.607263397977,476.917108252283,0.309844854306562,0.171562708862416,0.194698726215067,0.0231360173526507
Error,VP0511,316.349736547159,316.672162961482,0.322426414323161,702.198037644325,702.842890472971,0.644852828646322,0.0836035050446905,0.131827610828779,0.0482241057840887
Error,VP0512,307.911361949502,307.492929638667,-0.418432310835328,685.576863173563,684.739998551893,-0.836864621670657,0.175515423393412,0.147629946573881,-0.0278854768195304
Error,VP0513,506.068608146785,505.256072027174,-0.812536119610911,1079.78760606138,1078.16253382215,-1.62507223922194,0.123940132925197,0.076785670207769,-0.0471544627174281
Error,VP0514,311.26125233063,312.632374510743,1.37112218011293,692.125981952273,694.868226312499,2.74224436022587,0.0498417834335405,0.0665117763266403,0.0166699928930998
Error,VP0515,397.477836054163,396.941485283542,-0.536350770620857,864.415812019318,863.343110478076,-1.07270154124171,0.0702941430889034,0.166106032519738,0.0958118894308346
Error,VP0516,251.578705044587,251.98274776599,0.404042721403414,573.023074683238,573.831160126045,0.808085442806828,0.0703793242172604,0.214259297275964,0.143879973058704
Error,VP0517,318.266842612623,319.577207330953,1.31036471833033,706.287824499805,708.908553936466,2.62072943666067,0.0467895243529102,0.113336775886441,0.0665472515335305
Error,VP0518,568.5401909579,570.039378404905,1.49918744700472,1205.51788140586,1208.51625629987,2.99837489400943,0.0453418097086486,0.140106658891372,0.0947648491827232
Error,VP0519,434.747265649238,431.08618835912,-3.66107729011827,938.390444382021,931.068289801785,-7.32215458023654,0.251197648121597,0.00302098420706547,-0.248176663914531
Error,VP0520,342.855936854657,340.979209893342,-1.87672696131506,755.484687125621,751.731233202991,-3.75345392263011,0.027251086633453,0.0455404312685173,0.0182893446350643
Error,VP0521,258.554233531561,257.055421684843,-1.49881184671762,586.834529576139,583.836905882703,-2.99762369343523,0.0309652697912964,0.020927028438905,-0.0100382413523914
Error,VP0522,397.909986713266,397.463621484154,-0.446365229112644,865.202818266702,864.310087808477,-0.892730458225287,0.313234204362995,0.455048953919709,0.141814749556714
Error,VP0523,328.111797512948,327.665638814081,-0.446158698867407,725.150011437617,724.257694039882,-0.892317397734814,0.14735483852628,0.223693673192878,0.0763388346665985
Error,VP0524,347.509909443133,346.17838607384,-1.33152336929288,764.216657384739,761.553610646154,-2.66304673858576,0.321468629238396,0.231459229826036,-0.0900093994123601
Error,VP0525,366.953115331514,364.409608370744,-2.54350696076983,803.641660858229,798.55464693669,-5.08701392153966,0.0924479476038905,0.0508910140553354,-0.0415569335485551
Error,VP0526,254.520488948239,256.744571040206,2.22408209196627,578.720069914497,583.16823409843,4.44816418393259,0.198837216523493,0.216150540452356,0.0173133239288632
Error,VP0527,417.656741529748,417.669913001347,0.0131714715992644,904.916960350508,904.943303293707,0.0263429431985287,0.148146784087593,0.157776188354535,0.00962940426694203
Error,VP0528,238.92981196209,238.641946946052,-0.287865016037443,543.021554684609,542.445824652534,-0.57573003207483,0.215310429368774,0.243818086737363,0.0285076573685884
Error,VP0529,292.980495614246,299.302373290367,6.32187767612118,654.504536251043,667.148291603285,12.6437553522424,0.0240001253224347,0.0434717922708535,0.0194716669484188
Error,VP0530,386.359653354274,386.356784564333,-0.00286878994006656,840.732137053263,840.726399473383,-0.00573757988013313,0.1744734777117,0.157050986889048,-0.0174224908226514
Error,VP0531,431.845942493744,433.738080679651,1.8921381859077,933.370977005506,937.155253377321,3.78427637181539,0.0922322440786656,0.169825361875614,0.0775931177969485
Error,VP0532,224.219151107844,223.405484214227,-0.813666893616613,518.013275924458,516.385942137225,-1.62733378723317,0.0184932517668742,0.024850365891931,0.00635711412505681
Error,VP0533,334.410522148042,334.024141836816,-0.386380311226048,738.19418510832,737.421424485868,-0.772760622452097,0.214005697817821,0.11479138202854,-0.0992143157892806
Error,VP0534,255.156738504576,249.501974086836,-5.65476441773993,580.030163056409,568.72063422093,-11.3095288354799,0.13373456381956,0.182866642680203,0.0491320788606432
Error,VP0535,265.018680794263,267.797420020301,2.77873922603789,599.782150698776,605.339629150852,5.55747845207566,0.210362239806083,0.154775790761728,-0.0555864490443543
Error,VP0536,233.219391518085,230.266413200618,-2.95297831746768,536.304447630235,530.3984909953,-5.90595663493536,0.271578002816188,0.445911478074388,0.174333475258199
Error,VP0537,305.291718473828,305.78270743399,0.490988960161701,679.800018789168,680.781996709492,0.981977920323402,0.0477541469558734,0.094581370861626,0.0468272239057526
Error,VP0538,255.479001541847,255.806964283012,0.327962741165493,579.490994015554,580.146919497885,0.655925482330986,0.164718832225954,0.159840674805455,-0.00487815742049896
Error,VP0539,189.486670451507,189.595992272137,0.109321820630555,448.783398310231,449.002041951492,0.21864364126111,0.131566447410433,0.219178411185861,0.0876119637754278
Error,VP0540,387.82190619033,385.730946721588,-2.09095946874282,843.678864956744,839.496946019259,-4.18191893748565,0.27080205656589,0.246023437623703,-0.0247786189421871
Error,VP0541,538.402410224515,537.800259363437,-0.602150861077348,1146.10976810855,1144.90546638639,-1.2043017221547,0.187743785426513,0.183677519712741,-0.00406626571377133
Error,VP0542,363.46705055656,366.509708661115,3.04265810455536,796.461387559369,802.546703768479,6.08531620911072,0.2785244743497,0.141560416366728,-0.136964057982971
Error,VP0543,272.50067181293,272.494668379403,-0.00600343352704158,613.607980340343,613.595973473289,-0.0120068670540832,0.132099775210477,0.120073522680432,-0.0120262525300444
Error,VP0544,355.725103707169,356.039904903928,0.314801196758651,781.157508195774,781.787110589291,0.629602393517303,0.17745032455805,0.173606797749979,-0.0038435268080706
Error,VP0545,393.748225830117,391.659094648319,-2.08913118179834,855.815987315893,851.637724952296,-4.17826236359667,0.00475166042054589,0.0020430255763582,-0.00270863484418769
Error,VP0546,343.716680896532,341.695132829055,-2.021548067477,757.243419200281,753.200323065327,-4.043096134954,0.171407910246145,0.175277601079197,0.00386969083305128
Error,VP0547,293.409451899913,290.631030513058,-2.77842138685571,656.441338442489,650.884495668778,-5.55684277371142,0.185236087983037,0.259494883949958,0.0742587959669206
Error,VP0548,285.497380835424,284.321708626085,-1.17567220933933,636.156692431278,633.805348012599,-2.35134441867865,0.241449164972373,0.270754321180404,0.0293051562080302
Error,VP0549,393.682396364431,383.21940867759,-10.4629876868404,856.728220087202,835.802244713521,-20.9259753736809,0.0502062988721783,0.00164462525732482,-0.0485616736148535
Error,VP0550,324.122681038175,327.998404802166,3.875723763991,715.435493620202,723.186941148184,7.75144752798201,0.211340166634726,0.262136736109497,0.0507965694747717
Error,VP0551,356.945007412048,356.592063693202,-0.35294371884504,782.987547640543,782.281660202853,-0.70588743769008,0.14611507460043,0.0955912474098197,-0.0505238271906106
Error,VP0552,306.751988551378,306.757146630768,0.0051580793903554,683.286114529063,683.296430687844,0.0103161587807108,0.116457450385003,0.0291356582149595,-0.0873217921700432
Error,VP0553,304.433074248903,305.597142590327,1.16406834142464,678.564055196821,680.89219187967,2.32813668284928,0.127048835529034,0.0536693082665367,-0.0733795272624972
Error,VP0554,423.846640387022,423.176879258225,-0.669761128796949,914.170164509677,912.830642252083,-1.3395222575939,0.230447745687644,0.249947701888182,0.019499956200538
Error,VP0555,253.638077422185,252.106790691011,-1.53128673117391,576.590872900365,573.528299438017,-3.06257346234781,0.103869392436721,0.100373198276842,-0.00349619415987923
Error,VP0556,320.276596600498,323.906995299313,3.63039869881516,708.76426792356,716.025065321191,7.26079739763031,0.00604700514517799,0.323645124048362,0.317598118903184
Error,VP0557,398.125766335658,398.731150519136,0.605384183477724,865.930624689336,867.141393056291,1.21076836695545,0.271316890230334,0.188196601125011,-0.0831202891053231
Error,VP0558,287.600422867561,290.778432055017,3.17800918745581,644.804323026135,651.160341401047,6.35601837491163,0.159222181537885,0.102970369854422,-0.0562518116834638
Error,VP0559,346.73505617776,345.659333977061,-1.07572220069943,763.242925771828,761.091481370429,-2.15144440139886,0.187023341445421,0.24627976552821,0.0592564240827891
Error,VP0560,416.061649198132,416.282135537198,0.220486339065928,901.200851186085,901.641823864217,0.440972678131857,0.211803398874989,0.115115408051451,-0.096687990823538
Error,VP0561,337.160692902951,336.904844830992,-0.255848071958553,744.047448318919,743.535752175002,-0.511696143917106,0.198255371095573,0.189953609912244,-0.00830176118332956
Error,VP0562,324.917749147819,324.337556190296,-0.580192957523423,719.533404994654,718.373019079607,-1.16038591504685,0.228528527758444,0.114171003611142,-0.114357524147302
Error,VP0563,174.777663359439,175.183522190312,0.405858830873427,418.067175993815,418.878893655561,0.811717661746854,0.0974535115221994,0.224214317913881,0.126760806391681
Error,VP0564,323.696714013308,323.511447412468,-0.185266600839441,717.128858221817,716.758325020138,-0.370533201678882,0.195589775427031,0.0280881990395721,-0.167501576387459
Error,VP0565,351.147855382704,350.872128879186,-0.275726503517717,770.003605004497,769.452151997462,-0.551453007035434,0.155761178001389,0.147088388858735,-0.0086727891426531
Error,VP0566,318.764288275883,318.991534351526,0.227246075642938,706.755015466526,707.209507617812,0.454492151285876,0.0281721211008799,0.219760040811044,0.191587919710164
Error,VP0567,260.679873265364,265.088968562625,4.4090952972611,590.848718753861,599.666909348383,8.81819059452221,0.360478416063686,0.113363536791472,-0.247114879272215
Error,VP0568,369.38266849738,369.813678171243,0.431009673863798,808.359322116099,809.221341463827,0.862019347727596,0.0196445869625417,0.184017645990462,0.16437305902792
Error,VP0569,241.86123011689,241.437521764289,-0.423708352600755,551.944434139985,551.097017434783,-0.847416705201454,0.127082571057977,0.0950281814522883,-0.0320543896056888
Error,VP0570,434.030000207054,435.07769927784,1.04769907078634,937.720242285169,939.815640426741,2.09539814157267,0.0826889536718797,0.0837548698546465,0.00106591618276679
Error,VP0571,136.485827079736,136.329303963955,-0.156523115780715,339.185710677113,338.872664445551,-0.31304623156143,0.14971447375555,0.146712384437311,-0.00300208931823939
Error,VP0572,280.441824756679,281.248573600893,0.806748844213701,630.609712026376,632.223209714803,1.6134976884274,0.13158893555772,0.124876200919026,-0.00671273463869461
Error,VP0573,327.778226267467,326.611192260847,-1.16703400662027,724.493016080961,722.15894806772,-2.33406801324054,0.0796808395840044,0.0300764124790681,-0.0496044271049364
Error,VP0574,332.597915603987,333.052941927292,0.455026323304992,734.893737906989,735.803790553599,0.910052646609984,0.222959186019366,0.15305420364435,-0.0699049823750161
Error,VP0575,204.479115435516,207.301932100723,2.82281666520754,478.379797928026,484.025431258441,5.64563333041508,0.220822626373102,0.142056342506662,-0.0787662838664404
Error,VP0576,300.503399250134,302.998993063194,2.49559381306005,670.676469886407,675.667657512527,4.99118762612011,0.0629028806331542,0.123606797749979,0.0607039171168248
Error,VP0577,313.18050833006,312.518357978452,-0.662150351608545,695.714721120272,694.390420417055,-1.32430070321709,0.0832433673052462,0.182616751043985,0.0993733837387392
Error,VP0578,348.345994442994,346.752169871825,-1.59382457116993,766.548407062381,763.360757920041,-3.18764914233998,0.303184932077218,0.365135206506666,0.0619502744294476
Error,VP0579,280.364478656539,281.081397481695,0.716918825156199,630.473746423328,631.90758407364,1.4338376503124,0.0402193779359393,0.0369300949142223,-0.00328928302171699
Error,VP0580,373.417924017683,372.750024671327,-0.66789934635591,816.70151262943,815.365713936718,-1.33579869271182,0.162136734619381,0.216660295782006,0.0545235611626248
Error,VP0581,516.79081695889,516.468962792278,-0.321854166611729,1101.8795712929,1101.23586295968,-0.643708333223458,0.152555504724477,0.296068439525452,0.143512934800975
Error,VP0582,442.09908474449,438.1807472081,-3.91833753638986,952.539256877117,944.702581804338,-7.83667507277971,0.00647086318804439,0.00417414264468832,-0.00229672054335607
Error,VP0583,393.692899095384,396.430344113909,2.73744501852491,857.195855597985,862.670745635035,5.47489003704982,0.245316351420177,0.140535745112663,-0.104780606307515
Error,VP0584,414.42083976011,414.508079490888,0.0872397307787196,896.492069288025,896.666548749582,0.174479461557439,0.16849844189451,0.0931371526799172,-0.0753612892145932
Error,VP0585,362.486473149635,360.28902253432,-2.19745061531461,794.557430232246,790.162529001616,-4.39490123062922,0.102410389860823,0.170876538418703,0.0684661485578797
Error,VP0586,250.419668576435,245.918482105445,-4.50118647099006,570.289847790128,561.287474848148,-9.00237294198018,0.295908747167751,0.472210117128083,0.176301369960332
Error,VP0587,362.814647523902,362.419020974932,-0.395626548969858,794.92446275544,794.1332096575,-0.791253097939716,0.153041110678181,0.180395199493309,0.0273540888151284
Error,VP0588,498.875977060211,490.281149357865,-8.59482770234638,1065.63040394352,1048.44074853883,-17.1896554046928,0.0471177136657264,0.00302098420706547,-0.0440967294586609
Error,VP0589,332.820540719141,330.205482403582,-2.61505831555843,734.994785898433,729.764669267316,-5.23011663111686,0.210331622480571,0.0124567348073766,-0.197874887673194
Error,VP0590,350.517384350671,353.641174618417,3.12379026774676,770.788907975901,777.036488511395,6.24758053549351,0.0704812431362468,0.0911389085151388,0.020657665378892
Error,VP0591,455.876908241116,457.121299367467,1.24439112635065,981.600979683414,984.089761936116,2.4887822527013,0.283215379311648,0.0825653959261912,-0.200649983385457
Error,VP0592,265.002357411105,266.18782389892,1.18546648781518,599.299882529847,601.670815505477,2.37093297563047,0.210639094446334,0.217569343559624,0.00693024911329002
Error,VP0593,372.124858132552,371.882866275917,-0.24199185663548,814.041169015793,813.557185302522,-0.483983713270959,0.166590774572245,0.163595984492207,-0.00299479008003803
Error,VP0594,359.129125468025,361.619198498677,2.49007303065275,787.62167829439,792.601824355695,4.9801460613055,0.322560728482945,0.125188063747771,-0.197372664735175
Error,VP0595,392.347144052441,386.452825484649,-5.89431856779248,854.410974152141,842.622337016556,-11.788637135585,0.181420405011005,0.276705787667835,0.0952853826568298
Error,VP0596,624.433627607632,624.176395721517,-0.25723188611471,1318.52749708632,1318.0130333141,-0.514463772229419,0.362555378960546,0.20698760974233,-0.155567769218216
Error,VP0597,418.367160420601,417.740194823825,-0.626965596776074,906.271162949908,905.017231756355,-1.25393119355215,0.0465870211612694,0.0413137895496989,-0.00527323161157041
Error,VP0598,315.945792174464,318.218440557151,2.27264838268758,700.581728855584,705.127025620959,4.54529676537516,0.287863263497213,0.13337199783789,-0.154491265659324
Error,VP0599,347.66441440934,351.06311315049,3.3986987411501,765.120281569368,771.917679051669,6.7973974823002,0.310300073924255,0.138762781259005,-0.17153729266525
Error,VP0600,345.137415604869,344.211525123566,-0.925890481303043,759.840285641254,757.988504678648,-1.85178096260609,0.165019653289667,0.154967579995026,-0.010052073294641
Error,VP0601,392.906455952249,395.794587898802,2.88813194655313,855.45426802868,861.230531921786,5.77626389310626,0.0114041857356043,0.0270148402964941,0.0156106545608898
Error,VP0602,382.991545181731,386.092780739383,3.10123555765136,835.802437135027,842.004908250329,6.20247111530273,0.0380549531767163,0.148218728813017,0.1101637756363
Error,VP0603,439.703429397844,442.171191197,2.46776179915634,949.114159577122,954.049683175435,4.93552359831267,0.0732734633198189,0.0690138266121381,-0.00425963670768079
Error,VP0604,269.215058147779,269.72954787047,0.514489722691337,607.527649112006,608.556628557388,1.02897944538267,0.192510046931858,0.139761210016429,-0.0527488369154284
Error,VP0605,309.261311193779,310.073112374295,0.811801180515772,686.96012187762,688.583724238652,1.62360236103154,0.0366327874949978,0.173396853757542,0.136764066262544
Error,VP0606,447.47133428523,444.116705093558,-3.35462919167156,964.060141572976,957.350883189633,-6.70925838334313,0.167590884040386,0.200751148491616,0.0331602644512302
Error,VP0607,293.293303882563,295.689174840437,2.39587095787363,655.654155551612,660.445897467359,4.79174191574725,0.362172085412235,0.40170243036293,0.0395303449506946
Error,VP0608,404.279644675779,405.922800322598,1.6431556468188,877.626837138044,880.913148431681,3.2863112936376,0.0673100689532113,0.0826191540118277,0.0153090850586163
Error,VP0609,447.068177916379,439.68383300121,-7.38434491516932,963.739833123772,948.971143293433,-14.7686898303386,0.119953498893199,0.0346267506654102,-0.0853267482277887
Error,VP0610,351.590723712358,352.814163336393,1.22343962403431,772.699169068706,775.146048316774,2.44687924806863,0.126122912181784,0.121485380125805,-0.00463753205597858
Error,VP0611,411.233745103728,410.601678555205,-0.632066548523312,892.184176254714,890.920043157668,-1.26413309704662,0.204207500978291,0.211803398874989,0.00759589789669846
Error,VP0612,320.761755046896,322.707227290242,1.94547224334525,711.314962844481,715.205907331171,3.8909444866905,0.189706706940661,0.123606797749979,-0.0660999091906821
Error,VP0613,413.193488623062,411.634624480872,-1.55886414218963,894.410924879367,891.293196594988,-3.11772828437927,0.144760904813783,0.272809451023637,0.128048546209853
Error,VP0614,512.850082782603,514.831269820509,1.98118703790601,1093.45382647457,1097.41620055038,3.96237407581202,0.125641834567967,0.130291500008161,0.00464966544019321
Error,VP0615,451.501362553475,451.41663056081,-0.0847319926656951,972.634624965653,972.465160980322,-0.16946398533139,0.0872621808240334,0.197366352935516,0.110104172111483
Error,VP0616,353.171415595286,351.378081315557,-1.79333427972944,775.115791905547,771.529123346088,-3.58666855945887,0.169485446712965,0.159728889805197,-0.00975655690776794
Error,VP0617,253.512585896809,253.203980764854,-0.308605131955403,575.808436476532,575.191226212621,-0.617210263910806,0.0588391088588593,0.185743860226557,0.126904751367698
Error,VP0618,301.114402012061,310.209032132618,9.09463012055744,671.992284728599,690.181544969714,18.1892602411149,0.407939080432778,0.267697224946236,-0.140241855486542
Error,VP0619,226.866202531587,227.136189738885,0.269987207297333,523.163629291369,523.703603705963,0.539974414594667,0.224945654986255,0.14069336407434,-0.0842522909119144
Error,VP0620,324.904940791118,325.671409908572,0.766469117453198,719.675546176301,721.208484411207,1.5329382349064,0.117717077133077,0.0670214555196591,-0.0506956216134181
Error,VP0621,558.510174251585,558.954189211756,0.444014960170193,1185.46850329525,1186.35653321559,0.888029920340387,0.0639825846727126,0.0723458262254285,0.00836324155271592
Error,VP0622,188.767059535371,191.491345258457,2.72428572308584,446.581626770361,452.030198216533,5.44857144617168,0.0742022400257232,0.219165515195951,0.144963275170228
Error,VP0623,352.80377516087,354.59299870868,1.78922354780974,774.431925031719,778.010372127339,3.57844709561948,0.250250142760191,0.124614126986095,-0.125636015774097
Error,VP0624,265.093807646634,265.650162173528,0.556354526893529,597.733656288148,598.846365341935,1.11270905378706,0.154988614041426,0.187395337095937,0.0324067230545108
Error,VP0625,335.097758898364,333.981059712708,-1.11669918565633,739.949657071287,737.716258699975,-2.23339837131266,0.0062786087854224,0.00581714008438612,-0.000461468701036275
Error,VP0626,314.638756629498,315.251234890704,0.612478261205979,698.994199306255,700.219155828667,1.22495652241196,0.1040419164592,0.0723029049317592,-0.0317390115274412
Error,VP0627,229.017246467581,231.000809220441,1.98356275286045,526.471992425224,530.439117930945,3.9671255057209,0.224465679105158,0.0625186991462071,-0.161946979958951
Error,VP0628,384.844190754345,383.644298939939,-1.19989181440599,839.517009023379,837.117225394567,-2.39978362881197,0.0679359813911158,0.0490638617003609,-0.0188721196907549
Error,VP0629,303.892931788199,304.231904329916,0.338972541716544,677.389340867411,678.067285950844,0.677945083433087,0.0462769591983301,0.037169570680281,-0.00910738851804906
Error,VP0630,333.335859385636,333.431881229312,0.096021843676283,735.848774869624,736.040818556977,0.192043687352566,0.0952650550113945,0.0635447182459668,-0.0317203367654277
Error,VP0631,334.031208142998,331.853745665598,-2.17746247740058,737.47431683668,733.119391881879,-4.35492495480116,0.181939627426873,0.0330570739250002,-0.148882553501873
Error,VP0632,304.338040057012,303.643653603975,-0.694386453036316,678.486137521241,677.097364615168,-1.38877290607263,0.155462703591938,0.254939624601009,0.0994769210090707
Error,VP0633,287.900811368301,289.283670606785,1.38285923848389,645.357548820565,648.123267297533,2.76571847696778,0.225705204712395,0.057038211913311,-0.168666992799084
Error,VP0634,254.775193182831,259.673189756448,4.89799657361675,579.304525640222,589.100518787455,9.7959931472335,0.0357781183990948,0.0284200928942316,-0.00735802550486318
Error,VP0635,429.24953164605,429.143266453755,-0.106265192294131,928.178155310118,927.96562492553,-0.212530384588263,0.240914195935555,0.0534727082405902,-0.187441487694964
Error,VP0636,421.274918159448,420.607435837356,-0.667482322091985,911.815606651122,910.480642006938,-1.33496464418397,0.172277449307629,0.11560545470376,-0.0566719946038687
Error,VP0637,269.651536332163,268.097028246553,-1.55450808561017,607.78312541009,604.674109238869,-3.10901617122033,0.153564138416177,0.11545807820985,-0.038106060206327
Error,VP0638,358.048006775181,360.814951639797,2.76694486461656,785.478858390531,791.012748119764,5.53388972923312,0.405011177147626,0.123209107170412,-0.281802069977214
Error,VP0639,301.075546737255,296.964198537945,-4.11134819931078,671.562994025195,663.340297626573,-8.22269639862157,0.0984440301773443,0.114234906668134,0.0157908764907897
Error,VP0640,406.139588422074,407.39926154167,1.25967311959647,881.835102928111,884.354449167304,2.51934623919294,0.0305858252026574,0.209362345918375,0.178776520715718
Error,VP0641,403.788070257866,403.232606069161,-0.5554641887054,876.492399486255,875.381471108844,-1.1109283774108,0.133169237096448,0.181828367463722,0.0486591303672734
Error,VP0642,281.405338258782,281.311553511737,-0.0937847470454471,632.007515016039,631.819945521948,-0.187569494090894,0.178542173706753,0.146175347280179,-0.0323668264265738
Error,VP0643,426.408329273586,425.28418941702,-1.12413985656616,921.349649479033,919.101369765901,-2.24827971313232,0.185835687082911,0.202345643722155,0.0165099566392434
Error,VP0644,300.881998482113,299.262680700222,-1.61931778189108,671.62966155829,668.391025994508,-3.23863556378217,0.247919746182227,0.317677807135067,0.0697580609528399
Error,VP0645,351.165318528361,350.74053308998,-0.424785438380638,771.85792350297,771.008352626209,-0.849570876761277,0.154277268811209,0.214418557703731,0.0601412888925228
Error,VP0646,368.694865782471,367.29734400911,-1.3975217733614,803.918361858476,801.123318311754,-2.79504354672281,0.109607154666465,0.221958610202597,0.112351455536132
Error,VP0647,504.46032929651,503.46413751263,-0.996191783880363,1078.60916237644,1076.61677880868,-1.99238356776073,0.13966873600242,0.162783547264755,0.023114811262335
Error,VP0648,402.905439109327,403.254689141847,0.349250032519819,875.565017493214,876.263517558254,0.698500065039639,0.0555197172077068,0.0709302614471064,0.0154105442393996
Error,VP0649,389.444446653845,389.212021753942,-0.232424899902924,848.671030733997,848.206180934191,-0.464849799805847,0.186394291081298,0.134635325293823,-0.0517589657874756
Error,VP0650,356.525190565607,357.963466432354,1.43827586674786,782.558528815639,785.435080549135,2.87655173349572,0.214060410699938,0.154004167270074,-0.0600562434298634
Error,VP0651,323.818254995158,327.078250812849,3.25999581769048,717.296751861378,723.816743496759,6.51999163538096,0.00912894318282385,0.0377358838227334,0.0286069406399096
Error,VP0652,382.79808435228,381.643653146826,-1.15443120545365,835.14255735337,832.833694942462,-2.3088624109073,0.230041017171712,0.241423435843595,0.0113824186718829
Error,VP0653,338.13550049691,335.347448069739,-2.78805242717073,745.845974702589,740.269869848248,-5.57610485434145,0.10219892567911,0.307622093495488,0.205423167816378
Error,VP0654,196.560223256476,195.656072672163,-0.904150584313157,462.84650902597,461.038207857344,-1.80830116862631,0.156640412433636,0.150619526988639,-0.00602088544499688
Error,VP0655,361.116210509638,360.780519143297,-0.335691366340427,791.449002860787,790.777620128106,-0.671382732680854,0.190717203166971,0.241175139429829,0.0504579362628581
Error,VP0656,477.410453768298,481.598098350191,4.1876445818931,1023.79795696788,1032.17324613167,8.37528916378619,0.217096535633925,0.181784383163529,-0.035312152470396
Error,VP0657,469.75555504127,463.794247779867,-5.96130726140257,1008.67826028608,996.755645763271,-11.9226145228051,0.168009047545511,0.204884438109746,0.0368753905642355
Error,VP0658,408.913965567635,409.936105865909,1.02214029827451,887.355217581519,889.399498178068,2.04428059654902,0.21147006238554,0.186934389579967,-0.0245356728055729
Error,VP0659,325.555748875649,323.045661303108,-2.51008757254112,720.846927946499,715.826752801417,-5.02017514508225,0.217791722024377,0.18721518513475,-0.0305765368896272
Error,VP0660,479.090446484772,479.505628939634,0.415182454862247,1027.11745651557,1027.94782142529,0.830364909724494,0.227030336234292,0.229902077161278,0.00287174092698597
Error,VP0661,318.589673964218,319.878449656024,1.28877569180588,706.970800679124,709.548352062736,2.57755138361176,0.150414006505538,0.139630259873362,-0.010783746632176
Error,VP0662,329.355266692777,325.908337929017,-3.44692876375962,728.380204771693,721.486347244174,-6.89385752751923,0.0537818972551607,0.261257282071049,0.207475384815889
Error,VP0663,81.3031862447046,80.32013620109,-0.983050043614625,226.441438838249,224.47533875102,-1.96610008722925,0.166381874772008,0.0396208789590094,-0.126760995812999
Error,VP0664,363.88094405094,360.872742830302,-3.00820122063794,797.422129972941,791.405727531665,-6.01640244127589,0.0772275287034836,0.188196601125011,0.110969072421527
Error,VP0665,388.785550339988,389.947049256916,1.161498916928,847.250192697994,849.57319053185,2.32299783385599,0.125607838342693,0.188196601125011,0.0625887627823171
Error,VP0666,284.897241323923,286.253862409638,1.35662108571535,639.492389346862,642.205631518293,2.71324217143069,0.0393375722480439,0.15204321470723,0.112705642459186
Error,VP0667,379.688913070791,378.479537923981,-1.20937514680929,829.20645365627,826.787703362652,-2.41875029361859,0.098299266144235,0.372016853111798,0.273717586967563
Error,VP0668,259.901729829055,259.933504255637,0.0317744265820465,589.520145705368,589.583694558532,0.0635488531640931,0.22279520451525,0.310514084716613,0.087718880201363
Error,VP0669,369.812467830173,372.395575838891,2.58310800871749,809.075446297605,814.24166231504,5.16621601743486,0.112531033311429,0.135519074164746,0.0229880408533167
Error,VP0670,361.116981396663,358.065286390148,-3.05169500651476,792.081125994508,785.977735981479,-6.10339001302953,0.360713219890564,0.0103148720886165,-0.350398347801948
Error,VP0671,302.889778352043,303.85245556208,0.962677210037327,675.392517163187,677.317871583261,1.92535442007465,0.10435560172625,0.0661368614794947,-0.0382187402467558
Error,VP0672,541.274482143803,539.466864295913,-1.80761784789013,1151.64649710405,1148.03126140827,-3.61523569578026,0.17823378860531,0.0220079231098412,-0.156225865495469
Error,VP0673,258.229785900803,259.306711686656,1.07692578585318,582.321288350152,584.475139921858,2.15385157170635,0.039361027701219,0.229801752915062,0.190440725213843
Error,VP0674,420.091568235905,421.731641120445,1.6400728845399,909.54656383015,912.82670959923,3.28014576907981,0.429174072285421,0.245695278914544,-0.183478793370877
Error,VP0675,363.675031472992,363.317617449773,-0.357414023219746,796.266321916507,795.551493870068,-0.714828046439493,0.124106155951099,0.0856624756178538,-0.0384436803332456
Error,VP0676,417.88595751848,417.980956543935,0.0949990254544559,904.462059543617,904.652057594526,0.189998050908912,0.352830891298972,0.30839872684561,-0.0444321644533621
Error,VP0677,273.575343512161,275.021259616456,1.44591610429433,616.543226484738,619.435058693326,2.89183220858865,0.407939013179602,0.329780741700968,-0.0781582714786336
Error,VP0678,238.772677319749,239.465746576954,0.693069257204627,547.129838572475,548.515977086885,1.38613851440925,0.302185069516315,0.351793194830884,0.0496081253145692
Error,VP0679,310.414940537684,308.04379155524,-2.37114898244437,690.508973093387,685.766675128498,-4.74229796488873,0.0668794368997724,0.113252627259442,0.04637319035967
Error,VP0680,265.09391904865,268.284117529907,3.19019848125629,599.932627207551,606.313024170064,6.38039696251258,0.29007310111114,0.0769162441912356,-0.213156856919904
Error,VP0681,301.490063012506,301.991401129191,0.501338116685531,672.564609957988,673.567286191359,1.00267623337106,0.0495226347631455,0.151348834896404,0.101826200133259
Error,VP0682,333.211505239673,333.168016757859,-0.0434884818140517,735.815549939761,735.728572976133,-0.0869769636281035,0.0866262022274245,0.134160665704893,0.0475344634774686
Error,VP0683,289.437751957299,293.230196004069,3.79244404677013,646.998954856373,654.583842949913,7.58488809354026,0.427606582496337,0.0944771819579708,-0.333129400538366
Error,VP0684,300.433270773768,299.179023255505,-1.25424751826267,669.055782200291,666.547287163766,-2.50849503652535,0.161424581718679,0.142761416753492,-0.0186631649651872
Error,VP0685,426.080297904993,426.114460597636,0.0341626926428944,921.914735084545,921.983060469831,0.0683253852857888,0.161803398874989,0.122580362149693,-0.039223036725297
Error,VP0686,390.897667228748,394.654861710787,3.75719448203898,851.549473732056,859.063862696134,7.51438896407797,0.405362835521459,0.332547883190303,-0.0728149523311556
Error,VP0687,454.519915572041,450.814511040394,-3.70540453164716,977.823095826995,970.412286763701,-7.41080906329432,0.0603475172438206,0.00497124654503327,-0.0553762706987873
Error,VP0688,264.035204318647,259.849839807719,-4.18536451092803,597.936073231358,589.565344209502,-8.37072902185605,0.170291946686962,0.00628925881860209,-0.16400268786836
Error,VP0689,364.457069111172,366.849521590417,2.39245247924532,798.47959265386,803.26449761235,4.78490495849064,0.0371878343398449,0.0379132279215005,0.000725393581655624
Error,VP0690,383.635705364917,383.215390771999,-0.420314592917748,837.100038244523,836.259409058688,-0.840629185835496,0.0357251466628192,0.0388146351137604,0.00308948845094119
Error,VP0691,291.47600136084,292.877198600075,1.40119723923448,652.817667315745,655.620061794214,2.80239447846895,0.168795166777725,0.156026731849154,-0.0127684349285714
Error,VP0692,387.036939445194,385.435765216889,-1.6011742283053,842.877719712248,839.675371255638,-3.20234845661059,0.216868471854655,0.0466754392304018,-0.170193032624253
Error,VP0693,500.330295381434,497.78512020416,-2.5451751772739,1069.71812352598,1064.62777317143,-5.09035035454781,0.0221500319425879,0.0159312437725642,-0.00621878817002369
Error,VP0694,366.326432274322,367.056153901111,0.729721626788773,802.462921955862,803.92236520944,1.45944325357755,0.199549461860663,0.188892941974968,-0.0106565198856947
Error,VP0695,311.384005622295,315.636373303859,4.25236768156384,691.885484247107,700.390219610235,8.50473536312768,0.164490968934189,0.231870151628422,0.0673791826942328
Error,VP0696,286.890408152846,287.132524316369,0.242116163523349,643.144243664032,643.628475991078,0.484232327046698,0.363051798847415,0.0376504850718469,-0.325401313775568
Error,VP0697,292.775599407512,290.961737463502,-1.81386194401011,654.189232729553,650.561508841533,-3.62772388802023,0.155789244415163,0.0625186991462071,-0.0932705452689558
Error,VP0698,338.317300514057,338.751315918478,0.43401540442062,746.007741840351,746.875772649193,0.86803080884124,0.171906986154554,0.121280005246829,-0.0506269809077253
Error,VP0699,480.975885265936,482.731993446235,1.75610818029884,1031.76182793909,1035.27404429969,3.51221636059768,0.185396477651849,0.173402677407741,-0.0119938002441079
Error,VP0700,282.218726575984,273.478247518109,-8.74047905787546,633.023103499883,615.542145384132,-17.4809581157509,0.0986670117995599,0.03359397101458,-0.0650730407849799
Error,VP0701,360.327678031267,360.837026351398,0.509348320131267,790.428169478841,791.446866119103,1.01869664026253,0.18672346952718,0.215553972947508,0.0288305034203275
Error,VP0702,324.495331578957,321.623915778784,-2.87141580017305,718.763476574222,713.020644973876,-5.74283160034611,0.0861969126801691,0.0831242732836625,-0.00307263939650668
Error,VP0703,357.69283434745,360.951159703319,3.25832535586915,784.641620666005,791.158271377743,6.51665071173829,0.0169337972304509,0.204531429562836,0.187597632332385
Error,VP0704,309.001452445234,309.296166918434,0.294714473200656,687.794357641155,688.383786587557,0.589428946401313,0.297662882695936,0.247968798049362,-0.0496940846465732
Error,VP0705,339.188106113099,335.481893529993,-3.70621258310643,747.913054334904,740.500629168691,-7.41242516621287,0.0985809139437981,0.142545081059905,0.0439641671161069
Error,VP0706,320.204737183396,317.221982202016,-2.98275498137963,708.598715019547,702.633205056787,-5.96550996275926,0.0820205092696235,0.0732734633198189,-0.00874704594980462
Error,VP0707,466.60950449341,464.851031728316,-1.7584727650933,1002.70798120995,999.191035679766,-3.5169455301866,0.112677073795226,0.0477464752879833,-0.0649305985072424
Error,VP0708,307.149227749907,309.268582927682,2.11935517777511,684.154873676205,688.393584031756,4.23871035555021,0.0213575977112253,0.152573765230899,0.131216167519674
Error,VP0709,292.622025183148,291.896492870642,-0.72553231250663,653.649515659183,652.19845103417,-1.45106462501326,0.102600396167445,0.0334894171928118,-0.0691109789746328
Error,VP0710,315.438250351846,318.789675484137,3.35142513229039,700.307724931887,707.010575196468,6.70285026458077,0.0134393297083554,0.0635844661106671,0.0501451364023118
Error,VP0711,325.044134498963,324.024912800411,-1.01922169855129,719.225642504522,717.187199107419,-2.03844339710258,0.406535829140545,0.0243707297724792,-0.382165099368065
Error,VP0712,152.725862640486,152.667689912996,-0.0581727274905859,374.224685995947,374.108340540966,-0.116345454981229,0.144221111049249,0.143286575195893,-0.000934535853355289
Error,VP0713,352.39296823396,349.344711048441,-3.04825718551848,774.427292592102,768.330778221065,-6.09651437103696,0.159727412402816,0.0102601579124525,-0.149467254490363
Error,VP0714,348.043527347065,355.320963577585,7.27743623051947,764.395797040593,778.950669501632,14.5548724610389,0.0651459254014897,0.0803872031208026,0.0152412777193129
Error,VP0715,368.594205206989,371.181298908577,2.58709370158795,806.933199524228,812.107386927404,5.17418740317589,0.421543092231665,0.157707221705278,-0.263835870526387
Error,VP0716,449.718782143687,448.23049506733,-1.48828707635698,968.673850568758,965.697276416044,-2.97657415271397,0.164455062179584,0.0470672543094278,-0.117387807870156
Error,VP0717,466.639850999783,471.682700148287,5.04284914850405,1002.10407670954,1012.18977500655,10.0856982970081,0.0179003308422634,0.115491412618855,0.0975910817765915
Error,VP0718,311.14855687913,311.306970106753,0.158413227623555,690.431559753368,690.748386208616,0.31682645524711,0.267874510540272,0.332494053623272,0.0646195430829994
Error,VP0719,365.207555218792,365.158800438382,-0.0487547804102064,800.018587728597,799.921078167777,-0.0975095608204128,0.295431195118446,0.311803398874989,0.0163722037565438
Error,VP0720,283.394583213381,279.857114766725,-3.53746844665602,635.043766789316,627.968829896004,-7.07493689331204,0.181329243581831,0.223999062143535,0.0426698185617035
Error,VP0721,352.123095256922,352.620166470413,0.497071213491722,773.677414742038,774.671557169021,0.994142426983444,0.255431483315229,0.22578119113303,-0.0296502921821988
Error,VP0722,258.991186965991,259.513485174623,0.522298208631298,587.642615803044,588.687212220306,1.0445964172626,0.115370096338187,0.0487462802140982,-0.0666238161240892
Error,VP0723,301.909157934585,306.059888151157,4.15073021657224,673.535001916427,681.836462349572,8.30146043314448,0.121379790466833,0.173751274496302,0.0523714840294697
Error,VP0724,295.149268953527,295.194279977114,0.0450110235875627,657.668207487072,657.758229534247,0.0900220471751254,0.171875017477484,0.0933990013850858,-0.0784760160923985
Error,VP0725,149.473290850011,149.76398500051,0.290694150498524,363.514278255744,364.095666556741,0.581388300997048,0.15973276249834,0.230003134679632,0.070270372181293
Error,VP0726,402.445752051043,403.34048784089,0.894735789847232,874.626934297288,876.416405876982,1.78947157969446,0.308656574285372,0.370839090202609,0.0621825159172378
Error,VP0727,360.710924801829,356.974899157964,-3.73602564386584,789.891280999513,782.419229711781,-7.47205128773169,0.177909958640808,0.00803977557991763,-0.16987018306089
Error,VP0728,276.356444491932,271.632779040389,-4.72366545154279,621.909727482338,612.462396579253,-9.44733090308557,0.00484999389187252,0.00914293771387118,0.00429294382199866
Error,VP0729,328.153473356387,333.35971555521,5.20624219882285,724.976279557393,735.388763955039,10.4124843976457,0.00462783691643825,0.153721641334262,0.149093804417824
Error,VP0730,285.941399717254,286.08392190752,0.142522190266277,641.128923394994,641.413967775527,0.285044380532554,0.0381479672952945,0.0486642315116139,0.0105162642163194
Error,VP0731,254.974503379522,256.057597295252,1.08309391573027,579.096315686229,581.262503517689,2.16618783146055,0.210622034404171,0.18448814948927,-0.0261338849149006
Error,VP0732,306.713400277819,307.197694472255,0.4842941944367,682.838701106321,683.807289495194,0.9685883888734,0.138792005960454,0.139749358550111,0.000957352589656291
Error,VP0733,370.721624884262,371.12370363707,0.402078752807654,810.913009689879,811.717167195494,0.804157505615422,0.0865291987541318,0.150746493667461,0.0642172949133294
Error,VP0734,367.230891363525,370.800495209373,3.56960384584829,804.215922001609,811.355129693305,7.13920769169658,0.00410819962299289,0.377599389943017,0.373491190320024
Error,VP0735,398.833905726182,396.207923789653,-2.62598193652866,866.594227864084,861.342263991027,-5.25196387305732,0.263194159874833,0.282747610301557,0.0195534504267243
Error,VP0736,402.681078194439,401.117326360734,-1.56375183370483,874.479629391395,871.352125723986,-3.12750366740966,0.143589132805081,0.225915818950897,0.0823266861458165
Error,VP0737,388.18032750935,388.104455660609,-0.0758718487410306,845.878376662689,845.726632965206,-0.151743697482061,0.163296710726535,0.185975028380603,0.0226783176540679
Error,VP0738,337.24472197329,336.11202545108,-1.13269652220953,742.579837007009,740.31444396259,-2.26539304441894,0.142316783312298,0.191770293459613,0.0494535101473148
Error,VP0739,243.005669184561,243.038399555815,0.0327303712538765,555.633773011784,555.699233754291,0.0654607425077529,0.0867673395391845,0.186522717352751,0.0997553778135669
Error,VP0740,327.77374523089,324.221041755213,-3.5527034756775,724.564862528346,717.459455576991,-7.10540695135501,0.259756538471787,0.0223009646750295,-0.237455573796757
Error,VP0741,339.474314183767,337.104706720939,-2.36960746282745,748.399139004792,743.659924079137,-4.73921492565501,0.132620628029447,0.196884362169281,0.0642637341398338
Error,VP0742,401.910476821838,403.381004764482,1.47052794264397,872.798003074963,875.739058960251,2.94105588528794,0.343737523031945,0.254533776080811,-0.0892037469511336
Error,VP0743,499.681725326482,502.158651755654,2.47692642917264,1069.15490340365,1074.108756262,4.95385285834527,0.344845737075276,0.339380313552594,-0.00546542352268248
Error,VP0744,338.289554813361,337.836559154673,-0.45299565868828,746.048869548077,745.1428782307,-0.905991317376447,0.0378921471500025,0.240946528489613,0.203054381339611
Error,VP0745,294.86695437745,294.153978925459,-0.712975451990815,659.365808613601,657.93985770962,-1.42595090398163,0.144439460850726,0.166646458604982,0.0222069977542566
Error,VP0746,401.22990363263,408.282457598246,7.05255396561682,871.696093546644,885.801201477877,14.1051079312336,0.158310992620866,0.238196601125011,0.0798856085041449
Error,VP0747,267.404603086384,267.159544682215,-0.245058404168844,604.525892220027,604.035775411689,-0.490116808337689,0.316665065417087,0.242108261424434,-0.0745568039926531
Error,VP0748,236.685048723532,238.206537341689,1.52148861815724,542.868661997072,545.911639233387,3.04297723631453,0.130710802936496,0.130797112320587,8.63093840908213e-05
Error,VP0749,322.166791245656,326.046372818275,3.8795815726188,713.803342412667,721.562505557904,7.75916314523761,0.36816806070456,0.0690041417267053,-0.299163918977854
Error,VP0750,331.467897022945,331.267436667532,-0.200460355413043,731.287639907362,730.886719196536,-0.400920710826085,0.056310551037679,0.0473139937945642,-0.00899655724311479
Error,VP0751,366.816474508111,363.531281931136,-3.28519257697513,803.169791124928,796.599405970978,-6.57038515395027,0.144107321703218,0.149182929465414,0.00507560776219607
Error,VP0752,295.517950909713,300.088048291368,4.5700973816555,660.399329177766,669.539523941077,9.140194763311,0.00685041434052869,0.178053637412343,0.171203223071815
Error,VP0753,282.276801331061,281.284091725926,-0.992709605134337,633.907307122272,631.921887912004,-1.98541921026867,0.135586125136737,0.136449733316565,0.000863608179827918
Error,VP0754,405.651415139032,406.060554410646,0.409139271614151,880.11694331449,880.935221857718,0.818278543228303,0.127931543344554,0.129256491901415,0.00132494855686111
Error,VP0755,337.496600605676,335.843946786381,-1.65265381929487,743.858517636657,740.553209998067,-3.30530763858974,0.115170371439543,0.0201939425957694,-0.0949764288437741
Error,VP0756,501.600392225411,501.256497766567,-0.343894458843863,1071.07923427392,1070.39144535623,-0.68778891768784,0.0985827054267486,0.227875735447655,0.129293030020907
Error,VP0757,365.515728732244,366.719755870574,1.20402713832971,800.549179108477,802.957233385136,2.40805427665941,0.107627255519466,0.0834370889005197,-0.0241901666189468
Error,VP0758,325.835737796495,328.456606632365,2.62086883586966,719.958596309408,725.200333981147,5.2417376717392,0.124690893001112,0.17800505732146,0.0533141643203478
Error,VP0759,425.389790942032,422.126375433729,-3.26341550830318,920.34503631558,913.818205298974,-6.52683101660637,0.18188891452342,0.179411019392649,-0.00247789513077024
Error,VP0760,422.269749260132,422.081068125583,-0.188681134548858,913.465914931985,913.088552662887,-0.377362269097716,0.143993895598178,0.154689912047532,0.0106960164493533
Error,VP0761,361.447157316843,360.467452654847,-0.979704661996038,792.497791924699,790.538382600707,-1.95940932399208,0.0583595032394989,0.174252967693211,0.115893464453712
Error,VP0762,291.553861358961,292.808677702025,1.25481634306408,652.62544436191,655.135077048039,2.50963268612816,0.115597737057263,0.121021445436039,0.00542370837877527
Error,VP0763,398.399691331263,395.855792447118,-2.5438988841446,866.66504725659,861.577249488301,-5.08779776828919,0.34970935333707,0.0173755509116403,-0.332333802425429
Error,VP0764,414.762997796661,414.329784299025,-0.433213497636018,898.633503472941,897.767076477669,-0.866426995272036,0.185929693764155,0.143979042791547,-0.0419506509726074
Error,VP0765,305.269312604183,304.633425036531,-0.63588756765165,680.008385129719,678.736609994416,-1.27177513530319,0.143262509838145,0.120187928964786,-0.0230745808733592
Error,VP0766,268.869058166373,266.945060698651,-1.9239974677219,607.482905442996,603.634910507552,-3.84799493544369,0.135762412083934,0.115274132324134,-0.0204882797598002
Error,VP0767,485.907918181619,486.034537642546,0.126619460926804,1040.57848248215,1040.831721404,0.253238921853608,0.173511722658902,0.21667344161684,0.0431617189579381
Error,VP0768,340.243836917288,338.907720282618,-1.33611663466979,749.72396011596,747.051726846621,-2.67223326933959,0.108844072482108,0.20928843201879,0.100444359536682
Error,VP0769,345.490470026925,345.080717126775,-0.409752900150124,760.790997461067,759.971491660767,-0.819505800300249,0.0671152046106796,0.120329919266942,0.0532147146562625
Error,VP0770,345.32750302129,345.118371166664,-0.209131854625468,759.124437438433,758.706173729182,-0.418263709250937,0.139579111619697,0.0823357218034453,-0.0572433898162513
Error,VP0771,349.6094442803,353.935834135334,4.32638985503382,768.601733400769,777.254513110837,8.65277971006765,0.132749494498468,0.0602612746552853,-0.0724882198431827
Error,VP0772,347.190758596177,349.207977458166,2.01721886198908,763.851277113709,767.885714837687,4.03443772397827,0.309636295595114,0.206383161423382,-0.103253134171733
Error,VP0773,419.871744699843,420.885242783924,1.01349808408048,909.403731270747,911.430727438908,2.02699616816096,0.0853889262282192,0.139314619059823,0.0539256928316038
Error,VP0774,307.425571216462,307.045756191959,-0.379815024502989,684.679769947613,683.920139898607,-0.759630049005978,0.255283604278594,0.153080573780409,-0.102203030498185
Error,VP0775,324.160911246797,326.520319271671,2.35940802487357,718.150450008283,722.869266058031,4.71881604974715,0.191203596226388,0.0835873269964093,-0.107616269229979
Error,VP0776,540.853889681681,540.218400984315,-0.6354886973661,1150.94406564475,1149.67308825002,-1.2709773947322,0.104012532740058,0.0238757178447371,-0.080136814895321
Error,VP0777,298.336779512775,298.642920289549,0.306140776773873,665.860511215754,666.472792769302,0.612281553547746,0.10268726487292,0.186085747478097,0.0833984826051769
Error,VP0778,445.432184465382,446.452013825139,1.01982935975752,960.571669712199,962.611328431714,2.03965871951505,0.0134661083626176,0.157909430969582,0.144443322606964
Error,VP0779,330.887868027252,331.08988147666,0.202013449408014,730.019472754935,730.423499653751,0.404026898816028,0.20203756883023,0.138196601125011,-0.0638409677052197
Error,VP0780,273.054057518062,270.496226297202,-2.55783122085978,615.616262720549,610.50060027883,-5.11566244171956,0.115663063781839,0.186133289432281,0.0704702256504416
Error,VP0781,294.010515662506,293.639556717289,-0.370958945217637,657.267155285498,656.525237395063,-0.741917890435275,0.237220855628704,0.108941600020481,-0.128279255608223
Error,VP0782,378.10220906518,376.871202944575,-1.23100612060472,825.977231546668,823.515219305458,-2.46201224120944,0.186211829349063,0.0718734837300534,-0.11433834561901
Error,VP0783,297.113647776139,301.590998115908,4.47735033976909,663.811779485255,672.766480164793,8.95470067953818,0.0151105717778158,0.0256147630133234,0.0105041912355077
Error,VP0784,311.791678107231,310.555420806681,-1.23625730054937,693.043496125454,690.570981524355,-2.47251460109874,0.209313007625482,0.255918088286828,0.0466050806613455
Error,VP0785,293.530796765297,294.459706207651,0.928909442353586,656.521733441587,658.379552326294,1.85781888470706,0.0926787829889677,0.112136733874323,0.0194579508853556
Error,VP0786,429.588643006168,430.749736539433,1.16109353326573,928.022152532763,930.344339599294,2.32218706653146,0.140008267626761,0.12280229652953,-0.0172059710972312
Error,VP0787,484.994542904968,488.56021637942,3.56567347445178,1038.56422643539,1045.69557338429,7.13134694890346,0.00992682443119795,0.177171608764958,0.167244784333761
Error,VP0788,392.178713301424,390.324572206753,-1.85414109467081,854.130240019155,850.421957829814,-3.70828218934162,0.156328095510393,0.148459379007641,-0.0078687165027517
Error,VP0789,297.571705239634,293.513528326109,-4.05817691352553,664.689799128078,656.573445301027,-8.11635382705106,0.0550990984234097,0.0515208657867054,-0.00357823263670433
Error,VP0790,334.431840449722,337.553596808533,3.12175635881113,737.718777599792,743.962290317414,6.24351271762225,0.103016313882955,0.090748123581316,-0.0122681903016388
Error,VP0791,214.199970691737,212.008476220721,-2.19149447101645,493.291990696728,488.909001754695,-4.38298894203291,0.195399136149554,0.105453951571857,-0.0899451845776971
Error,VP0792,308.990369358983,305.552820917998,-3.43754844098561,684.851824796632,677.976727914661,-6.87509688197122,0.0440394042585398,0.0139854888162791,-0.0300539154422607
Error,VP0793,242.491556415818,245.797728853489,3.30617243767017,554.615012690339,561.22735756568,6.61234487534034,0.420458559099008,0.291576890768848,-0.12888166833016
Error,VP0794,452.81070597564,451.571087031938,-1.23961894370268,974.445786661259,971.966548773854,-2.47923788740536,0.127591552223054,0.175823894783856,0.0482323425608027
Error,VP0795,372.665805872141,373.07727993282,0.4114740606787,814.762835972477,815.585784093834,0.822948121357399,0.0994519535543646,0.138923096239916,0.0394711426855517
Error,VP0796,244.936778291859,246.139143534676,1.20236524281677,559.608986778919,562.013717264553,2.40473048563354,0.242578072489077,0.247542210220208,0.00496413773113083
Error,VP0797,411.805103114259,409.642587055599,-2.16251605865995,892.185346853972,887.860314736652,-4.32503211731989,0.187529928854615,0.231557875842343,0.044027946987728
Error,VP0798,172.260993017778,171.520148577564,-0.740844440213777,413.305250718469,411.823561838042,-1.48168888042755,0.0774807201319347,0.128467237095953,0.0509865169640182
Error,VP0799,347.413894766151,347.90407108417,0.49017631801928,764.402763241072,765.383115877111,0.98035263603856,0.276533552762346,0.0918897995852172,-0.184643753177129
Error,VP0800,291.282119799394,291.719860999679,0.437741200284961,650.086943360206,650.962425760776,0.875482400569922,0.218804337989107,0.156858301328337,-0.0619460366607699
Error,VP0801,313.985708872808,311.628510018873,-2.35719885393479,697.631659616677,692.917261908807,-4.71439770786958,0.169687097711516,0.28197668213265,0.112289584421135
Error,VP0802,390.548321520794,392.838550756222,2.29022923542749,850.411361097583,854.991819568438,4.58045847085498,0.0469434712657886,0.0493553747426752,0.00241190347688656
Error,VP0803,400.746785851818,398.022107404515,-2.72467844730346,871.322199218326,865.872842323719,-5.44935689460692,0.191118907484068,0.0183635867015237,-0.172755320782545
Error,VP0804,387.106005633418,386.7252508617,-0.380754771718557,843.86281472285,843.101305179413,-0.761509543437114,0.0960654076152056,0.149072829976625,0.053007422361419
Error,VP0805,235.298340731355,235.630235049444,0.331894318088871,538.189234169346,538.853022805524,0.663788636177742,0.0885844956136816,0.250097063743647,0.161512568129965
Error,VP0806,244.758395332475,242.516949558405,-2.2414457740704,557.996843410714,553.513951862573,-4.48289154814074,0.133321278557912,0.193774174660941,0.0604528961030295
Error,VP0807,469.872555088611,472.987904597958,3.11534950934737,1008.17194299961,1014.4026420183,6.23069901869474,0.248828658335236,0.234550220039941,-0.0142784382952951
Error,VP0808,341.679562613796,341.375085310717,-0.304477303079068,752.848097450725,752.239142844567,-0.608954606158136,0.180751916632554,0.192789167534341,0.0120372509017874
Error,VP0809,286.970584910715,286.84320212141,-0.127382789305329,642.620913911133,642.366148332523,-0.254765578610659,0.0629054929344157,0.0705355886306526,0.00763009569623685
Error,VP0810,306.485337163298,308.449920675866,1.96458351256831,682.564659447935,686.493826473072,3.92916702513662,0.284994211004263,0.27869200164294,-0.00630220936132314
Error,VP0811,229.866570484401,230.209650220921,0.343079736520423,529.145041519486,529.831200992526,0.686159473040789,0.101701936521713,0.0830095730685036,-0.0186923634532091
Error,VP0812,284.72998447128,283.424572859716,-1.30541161156384,638.577441945077,635.966618721949,-2.61082322312768,0.135757322638265,0.170571147905158,0.0348138252668928
Error,VP0813,137.165336503646,136.449841696263,-0.71549480738372,344.009765025312,342.578775410544,-1.43098961476744,0.119816284141644,0.224988217137513,0.105171932995868
Error,VP0814,370.221184713427,366.75759374159,-3.46359097183677,810.14027612587,803.213094182197,-6.92718194367353,0.193795332928622,0.252174896177093,0.0583795632484711
Error,VP0815,343.740821474745,343.586689473967,-0.154132000777793,756.970615172623,756.662351171068,-0.308264001555585,0.249466555399548,0.200691492550112,-0.0487750628494354
Error,VP0816,338.453020386681,339.68954018713,1.23651980044855,746.452429422172,748.92546902307,2.4730396008971,0.0865181858599866,0.116987165369284,0.0304689795092976
Error,VP0817,469.596874465346,472.167027213691,2.57015274834549,1008.45951926292,1013.59982475961,5.14030549669098,0.0509940512804219,0.0924250743388577,0.0414310230584358
Error,VP0818,351.856504950947,353.280635088008,1.42413013706067,772.720316542346,775.568576816468,2.84826027412134,0.0611086770814407,0.228524118964049,0.167415441882609
Error,VP0819,243.420377495762,243.395953939653,-0.0244235561098947,556.660101763089,556.611254650869,-0.0488471122198462,0.203608474491637,0.15842793217989,-0.0451805423117471
Error,VP0820,327.887133267814,322.491176610661,-5.39595665715365,724.751315966915,713.959402652607,-10.7919133143073,0.0259900256823894,0.0568423144205268,0.0308522887381374
Error,VP0821,300.310547551415,304.688553219623,4.37800566820789,670.328395884265,679.084407220681,8.75601133641578,0.121192428261983,0.0700366894434494,-0.0511557388185332
Error,VP0822,251.987965964899,251.979565574281,-0.00840039061844777,572.508922861659,572.492122080422,-0.0168007812368387,0.172664469181839,0.217298496348064,0.0446340271662251
Error,VP0823,299.119545719724,299.739009798559,0.619464078835506,668.08625464063,669.325182798301,1.23892815767101,0.17108453477506,0.175751749516223,0.00466721474116302
Error,VP0824,467.592652783697,467.920097915224,0.327445131527895,1003.64410432003,1004.29899458309,0.65489026305579,0.233382174799366,0.113669835963775,-0.119712338835591
Error,VP0825,530.769311470687,529.987857750243,-0.781453720443778,1131.13260806271,1129.56970062183,-1.56290744088756,0.189838468250412,0.142332083170842,-0.04750638507957
Error,VP0826,341.545020225686,342.742211628708,1.1971914030222,751.047098203107,753.441481009151,2.3943828060444,0.333755953914146,0.180543340304096,-0.15321261361005
Error,VP0827,431.276419511266,430.754733239607,-0.521686271659064,932.175273665194,931.131901121876,-1.04337254331813,0.159473936449582,0.0768681685217694,-0.0826057679278123
Error,VP0828,240.631852377117,244.380235020474,3.74838264335628,548.716068249078,556.212833535791,7.49676528671262,0.0949623473767356,0.106218797689286,0.01125645031255
Error,VP0829,333.71806321996,332.991853051505,-0.726210168455054,735.559577381695,734.107157044785,-1.45242033691011,0.013192195855986,0.0121848265450811,-0.00100736931090493
Error,VP0830,346.451101404042,346.671312213167,0.220210809125206,761.581946897786,762.022368516036,0.440421618250411,0.178884967852854,0.258223580543671,0.0793386126908163
Error,VP0831,520.550363069485,520.934727666729,0.38436459724403,1110.55123677623,1111.31996597072,0.76872919448806,0.102812423612309,0.150787315928751,0.0479748923164417
Error,VP0832,312.604895050422,312.896000667412,0.291105616989739,693.92070304695,694.50291428093,0.582211233979478,0.233493290604013,0.223792742104198,-0.00970054849981594
Error,VP0833,395.296919075499,392.980833871934,-2.31608520356434,859.849790122102,855.217619714973,-4.63217040712868,0.0820690022167802,0.0404686345489688,-0.0416003676678114
Error,VP0834,195.033632565685,195.269181954802,0.235549389117494,458.778178077475,459.24927685571,0.471098778234989,0.209487691679183,0.158056959540058,-0.0514307321391248
Error,VP0836,339.154609290956,340.774105955246,1.61949666428984,746.768017334553,750.007010663132,3.23899332857968,0.137510672404181,0.106283458033284,-0.031227214370897
Error,VP0837,330.149835894549,329.370618043788,-0.779217850760972,729.769431710452,728.21099600893,-1.55843570152206,0.428809957033171,0.0594173620015193,-0.369392595031651
Error,VP0838,143.552634721466,143.140534470335,-0.412100251131392,355.217713228945,354.393512726682,-0.824200502262784,0.0943301682661085,0.156582142610342,0.0622519743442338
Error,VP0839,349.555396866055,349.024039519052,-0.53135734700362,767.935168442089,766.872453748082,-1.06271469400724,0.160259777261301,0.205903804607242,0.0456440273459411
Error,VP0840,232.461715330835,232.402488260238,-0.0592270705979274,534.658860856872,534.540406715676,-0.118454141195798,0.0699278066948089,0.0506296332017871,-0.0192981734930218
Error,VP0841,294.854994683806,299.216683103359,4.36168841955373,657.383420620265,666.106797459373,8.72337683910746,0.179566267419402,0.167900398548774,-0.0116658688706275
Error,VP0842,308.378969993513,307.206008842482,-1.17296115103119,685.077475642685,682.731553340623,-2.34592230206238,0.190980514880718,0.0337223893648244,-0.157258125515894
Error,VP0843,288.978919316309,287.72372923013,-1.2551900861788,647.5991947568,645.088814584442,-2.5103801723576,0.125124632780811,0.215460766605462,0.0903361338246507
Error,VP0844,326.840050529344,330.142289155496,3.30223862615173,723.462238484995,730.066715737299,6.60447725230347,0.285482298155451,0.256464506979333,-0.0290177911761178
Error,VP0845,314.07572412831,314.472114370668,0.396390242357938,697.764408715722,698.557189200438,0.792780484715877,0.230769086448194,0.121846877469793,-0.108922208978401
Error,VP0846,314.897094300315,313.272865903834,-1.62422839648099,699.167329412867,695.918872619905,-3.24845679296197,0.13294359216836,0.189944908856992,0.0570013166886321
Error,VP0847,283.187330589362,284.049950962588,0.862620373225752,633.1076408564,634.832881602852,1.7252407464515,0.113548833673716,0.111803398874989,-0.00174543479872689
Error,VP0848,332.157660934236,329.576262916513,-2.58139801772376,733.937756511135,728.774960475687,-5.16279603544751,0.0217459425764673,0.0130239612359283,-0.00872198134053894
Error,VP0849,284.294540948306,288.931868905516,4.63732795721029,638.000982447295,647.275638361715,9.27465591442058,0.145152915387442,0.144517824111843,-0.000635091275599603
Error,VP0850,325.635775086901,325.37380065055,-0.261974436350897,719.493524080006,718.969575207305,-0.523948872701794,0.112967655013814,0.0721333953319508,-0.0408342596818634
Error,VP0851,299.101500571557,298.924303905049,-0.177196666508451,667.330429348046,666.976036015029,-0.354393333016901,0.11366700618966,0.253606263969803,0.139939257780143
Error,VP0852,289.66239770854,286.520556791087,-3.14184091745295,648.472104344266,642.18842250936,-6.28368183490602,0.00959349094994341,0.00992682443119795,0.000333333481254545
Error,VP0853,349.62914449407,347.746445908161,-1.88269858590832,768.514240959244,764.748843787428,-3.76539717181663,0.0313604321254495,0.25144049091088,0.22008005878543
Error,VP0854,432.185943825193,430.661833139773,-1.52411068542062,933.764427110802,930.71620573996,-3.04822137084125,0.207037578021198,0.212533402816945,0.00549582479574673
Error,VP0855,344.241175875821,342.771917348362,-1.46925852745881,757.244997870549,754.306480815632,-2.93851705491761,0.214766229912086,0.0730778036786376,-0.141688426233449
Error,VP0856,241.796209268635,241.373385160941,-0.422824107694282,550.030315868746,549.184667653358,-0.845648215388564,0.0161105724731792,0.047142436917973,0.0310318644447937
Error,VP0857,411.722983653932,408.634596673701,-3.08838698023089,891.335684737786,885.158910777325,-6.17677396046179,0.186075641910472,0.174461805460576,-0.0116138364498958
Error,VP0858,402.698213198998,403.178077471817,0.479864272818872,874.904574082422,875.86430262806,0.959728545637745,0.162440387631922,0.142708079929704,-0.0197323077022181
Error,VP0859,468.002937534063,468.424938235311,0.42200070124818,1004.0631006023,1004.90710200479,0.84400140249636,0.163943706610908,0.206477892181547,0.0425341855706391
Error,VP0860,302.338596676643,303.260328781962,0.921732105319677,674.431332627845,676.274796838484,1.84346421063935,0.0270306310594792,0.139036930501405,0.112006299441926
Error,VP0861,477.546767800337,478.639344334073,1.09257653373663,1024.36911466346,1026.55426773093,2.18515306747327,0.113961988186287,0.125545308463938,0.0115833202776508
Error,VP0862,263.21998644301,265.21596550939,1.99597906638041,593.198205102368,597.190163235129,3.99195813276083,0.392904548932453,0.193879566806993,-0.19902498212546
Error,VP0863,406.695968217167,403.426773319122,-3.26919489804487,882.919222880582,876.380833084493,-6.53838979608975,0.224240243283267,0.385466512915885,0.161226269632619
Error,VP0864,499.813857968191,498.695174284048,-1.11868368414309,1068.77502486357,1066.53765749528,-2.23736736828619,0.0462958346402809,0.0225155536927527,-0.0237802809475282
Error,VP0865,373.450599166729,375.217356935926,1.76675776919717,816.409346017884,819.942861556278,3.53351553839434,0.289246975230016,0.228646430284377,-0.0606005449456396
Error,VP0866,319.68799791718,321.055654067713,1.36765615053264,709.111426029562,711.846738330627,2.73531230106528,0.0612338826057693,0.168437304336457,0.107203421730688
Error,VP0867,299.60312697718,299.548676515941,-0.0544504612392416,668.656764591618,668.54786366914,-0.108900922478369,0.0573276375117706,0.0894788107826903,0.0321511732709197
Error,VP0868,375.294080616884,372.263121681396,-3.03095893548863,820.182146355108,814.120228484131,-6.06191787097725,0.102868445094348,0.0169479975228495,-0.0859204475714981
Error,VP0869,419.543214366389,418.749573127322,-0.793641239067426,907.198872518791,905.611590040656,-1.58728247813485,0.133937768498682,0.174608431244536,0.0406706627458535
Error,VP0870,231.884395701589,231.745324519685,-0.139071181903802,532.85633919633,532.578196832522,-0.27814236380766,0.28916062694366,0.207797594613954,-0.0813630323297059
Error,VP0871,516.577814551372,516.397961665504,-0.179852885867263,1102.92844251905,1102.56873674732,-0.359705771734525,0.197699698340669,0.1701296390894,-0.0275700592512689
Error,VP0872,424.0107814725,420.587851943565,-3.42292952893456,917.158936451597,910.313077393728,-6.84585905786912,0.156503473493915,0.415599955120869,0.259096481626954
Error,VP0873,473.134126558462,466.255944692043,-6.87818186641965,1015.82417920089,1002.06781546805,-13.7563637328393,0.101152505941178,0.00317533043829016,-0.0979771755028883
Error,VP0874,267.956715513304,268.345703308745,0.388987795440869,604.414692688064,605.192668278946,0.777975590881738,0.403024405205714,0.368018043169978,-0.0350063620357368
Error,VP0875,227.08298725947,224.190707157202,-2.89228010226833,521.653569993857,515.869009789321,-5.78456020453666,0.209372769536554,0.245167854608502,0.0357950850719481
Error,VP0876,361.224020185477,362.418282725696,1.19426254021914,791.95618805538,794.344713135818,2.38852508043828,0.12455176845851,0.180422271944306,0.0558705034857957
Error,VP0877,237.186741301503,240.608486969633,3.42174566813071,542.49693354478,549.340424881041,6.84349133626142,0.162800645641931,0.123639868156241,-0.03916077748569
Error,VP0878,301.537856225165,303.304837398887,1.76698117372155,672.726515906344,676.260478253787,3.53396234744309,0.215553092185461,0.187170888598217,-0.0283822035872441
Error,VP0879,388.367541949008,388.417929804319,0.0503878553115555,845.742390538467,845.843166249091,0.100775710623111,0.21772329824925,0.124610353673358,-0.0931129445758917
Error,VP0880,300.699731689999,298.383788813737,-2.31594287626234,671.059705251059,666.427819498535,-4.63188575252468,0.196946027452302,0.198569836373748,0.0016238089214462
Error,VP0881,294.40091603844,292.3686011376,-2.03231490083976,654.52465750382,650.460027702141,-4.06462980167953,0.131422512896828,0.203691849358602,0.0722693364617737
Error,VP0882,265.925181106918,267.632517849476,1.7073367425586,597.725862362083,601.1405358472,3.41467348511719,0.0800947849200918,0.0579538156687862,-0.0221409692513056
Error,VP0883,381.840922220026,382.958132618213,1.11721039818713,833.445325144529,835.679745940903,2.23442079637425,0.303366755146944,0.218686601923342,-0.0846801532236016
Error,VP0884,421.486926295984,422.751158122818,1.26423182683442,912.462824815101,914.991288468769,2.52846365366884,0.0299954015575084,0.148510071587366,0.118514670029858
Error,VP0885,347.312123170566,352.082599995988,4.77047682542218,764.218231462472,773.759185113316,9.54095365084436,0.00769346406441486,0.0440992092621036,0.0364057451976887
Error,VP0886,332.914456226821,328.899951247044,-4.01450497977635,734.986146939955,726.957136980402,-8.0290099595527,0.220660605801858,0.228951755371515,0.00829114956965746
Error,VP0887,444.494305622069,442.142872639037,-2.35143298303228,957.935311638474,953.232445672409,-4.70286596606456,0.159308224440522,0.199065447819235,0.0397572233787127
Error,VP0888,354.288179390765,354.484873991453,0.19669460068792,778.046118702885,778.43950790426,0.39338920137584,0.0890131398466081,0.0688327857478079,-0.0201803540988002
Error,VP0889,425.472782132815,425.202539179729,-0.270242953085813,920.61523565177,920.074749745599,-0.540485906171625,0.122503958990684,0.0796803849862501,-0.0428235740044337
Error,VP0890,335.913625227185,338.681113899328,2.76748867214314,741.190677812711,746.725655156997,5.53497734428629,0.417165208054501,0.0806056145320241,-0.336559593522477
Error,VP0891,363.315569867573,359.069628815007,-4.24594105256551,795.984844195297,787.492962090166,-8.49188210513103,0.302015841143254,0.357258275854172,0.0552424347109178
Error,VP0892,364.95781013397,366.134969790202,1.17715965623154,799.423767952367,801.77808726483,2.35431931246308,0.180457773706341,0.22124948316772,0.0407917094613794
Error,VP0893,303.083812367413,304.200219841329,1.11640747391624,676.014787936009,678.247602883842,2.23281494783248,0.226015123219397,0.162719144422844,-0.0632959787965536
Error,VP0894,307.178961476946,306.360015018735,-0.818946458211144,683.885209400141,682.247316483719,-1.63789291642229,0.249013575137318,0.252996085087675,0.00398250995035762
Error,VP0895,356.003651398306,353.976373595055,-2.02727780325114,781.174453000149,777.119897393646,-4.05455560650228,0.144210801452502,0.295857023927187,0.151646222474685
Error,VP0896,341.871035548173,342.286871166122,0.415835617949483,752.839603912793,753.671275148692,0.831671235898966,0.0183704411641309,0.0667183049641442,0.0483478638000133
Error,VP0897,397.226007029993,396.236701591475,-0.989305438518727,863.658729102474,861.680118225436,-1.97861087703745,0.166208426207262,0.017518108661194,-0.148690317546068
Error,VP0898,350.69142370351,355.230991521996,4.53956781848558,771.13698668158,780.216122318551,9.07913563697116,0.400285541376984,0.210882265747091,-0.189403275629893
Error,VP0899,272.797769112155,273.232944903304,0.435175791148708,615.255780095371,616.126131677669,0.870351582297417,0.159415653536449,0.139396830369472,-0.0200188231669762
Error,VP0900,429.803242129662,434.636057879735,4.832815750073,927.473653765375,937.139285265521,9.66563150014599,0.0122008995206532,0.159027454048114,0.146826554527461
Error,VP0901,288.347134882028,293.323601582024,4.97646669999631,645.311383168864,655.264316568856,9.95293339999262,0.104513124881606,0.212136735364439,0.107623610482833
Error,VP0902,475.947792454615,477.146511556914,1.19871910229904,1021.34609554649,1023.74353375109,2.39743820459807,0.0938311960719286,0.149582564892622,0.0557513688206932
Error,VP0903,391.738778539341,392.171619801634,0.432841262292811,850.976869016568,851.842551541153,0.865682524585623,0.152153759357898,0.167013560631503,0.014859801273605
Error,VP0904,376.379720315553,377.32926565947,0.949545343916839,822.132581443343,824.031672131177,1.89909068783368,0.0350197125816354,0.204508632110099,0.169488919528464
Error,VP0905,357.083165830533,359.252796051096,2.16963022056387,783.741305369835,788.080565810963,4.33926044112775,0.159678499722611,0.15710274972234,-0.00257575000027116
Error,VP0906,339.096775261309,338.980321309813,-0.116453951495316,746.652349275258,746.419441372267,-0.232907902990632,0.123034123725389,0.107349230655449,-0.0156848930699398
Error,VP0907,311.989366451367,311.416682061762,-0.572684389604717,691.709536659289,690.56416788008,-1.14536877920943,0.215251140760603,0.144168753956721,-0.0710823868038812
Error,VP0908,218.767873574925,216.718823329508,-2.04905024541668,507.20541853599,503.107318045157,-4.09810049083336,0.16655361324709,0.23955834313376,0.0730047298866695
Error,VP0909,323.65591817856,325.304608748629,1.64869057006808,715.39118579412,718.688566934256,3.29738114013617,0.029134993058922,0.199025181518897,0.169890188459975
Error,VP0910,340.710051116184,339.745874350968,-0.964176765215427,750.397151663654,748.468798133223,-1.92835353043085,0.167833697879838,0.3108775909921,0.143043893112262
Error,VP0911,386.148524380924,387.109008949829,0.960484568905088,841.737920844143,843.658889981954,1.92096913781018,0.0345159785857702,0.0805191962941913,0.0460032177084211
Error,VP0912,243.33255433113,240.16339968646,-3.16915464466922,555.386389675649,549.048080386311,-6.33830928933844,0.283281064238383,0.256782040547263,-0.0264990236911197
Error,VP0913,256.254112971886,255.399536805784,-0.854576166101907,582.243656138974,580.53450380677,-1.70915233220376,0.0696691327775151,0.0518881109343915,-0.0177810218431236
Error,VP0914,306.350108309324,306.261099952947,-0.0890083563773487,681.936502900033,681.758486187279,-0.178016712754697,0.189837768735971,0.0896458660530768,-0.100191902682895
Error,VP0915,292.604233048691,292.124886156702,-0.479346891989223,654.953255207633,653.994561423654,-0.958693783978333,0.0982306488582648,0.251785981414049,0.153555332555784
Error,VP0916,435.473915991367,435.145067091055,-0.32884890031238,939.331883991208,938.674186190583,-0.65769780062476,0.128806342171595,0.0929863823838694,-0.0358199597877256
Error,VP0917,329.042720929155,329.96460852106,0.921887591904408,727.66041556708,729.504190750889,1.84377518380882,0.0544339342581456,0.116689298034689,0.0622553637765433
Error,VP0918,294.881534101442,291.167477766502,-3.71405633493976,659.610231404066,652.182118734187,-7.42811266987951,0.201041066515183,0.0459680413009479,-0.155073025214235
Error,VP0919,607.886649496805,605.588592182811,-2.29805731399381,1284.62839569396,1280.03228106597,-4.59611462798762,0.0353732594491708,0.0362993780214214,0.000926118572250612
Error,VP0920,329.203449995769,331.561030825476,2.35758082970733,727.41420663199,732.129368291405,4.71516165941466,0.00687300117104264,0.0175570583952949,0.0106840572242523
Error,VP0921,305.185714376569,306.738255672076,1.55254129550667,677.835550038871,680.940632629885,3.10508259101334,0.0697304145636571,0.12232811632056,0.0525977017569031
Error,VP0922,351.070799567024,356.729241302017,5.65844173499369,771.543823825244,782.860707295231,11.3168834699874,0.284792339034094,0.239456094258866,-0.0453362447752276
Error,VP0923,338.757863712824,335.191789111989,-3.56607460083444,747.175969296709,740.04382009504,-7.13214920166888,0.122595441927378,0.506209699121633,0.383614257194254
Error,VP0924,245.96488784201,240.837969483262,-5.12691835874807,559.898012866769,549.644176149272,-10.2538367174961,0.0125033177920975,0.019535509958097,0.00703219216599948
Error,VP0925,341.020967288111,344.354788409557,3.33382112144585,750.742468694204,757.410110937096,6.6676422428917,0.100138638267843,0.122460900918457,0.0223222626506137
Error,VP0926,370.078704259098,368.449365132858,-1.62933912623959,809.967465925413,806.708787672934,-3.25867825247917,0.105736437251143,0.272005443580985,0.166269006329842
Error,VP0927,262.981902412752,264.196709030099,1.21480661734648,595.567282116518,597.996895351211,2.42961323469297,0.247202337345158,0.128015051639755,-0.119187285705403
Error,VP0928,171.46702788273,171.186111483957,-0.280916398772888,406.718317601976,406.156484804431,-0.561832797545776,0.162931565316109,0.133186164645392,-0.0297454006707174
Error,VP0929,244.580039693549,246.218878124424,1.63883843087518,558.167386027549,561.4450628893,3.27767686175036,0.409426878862503,0.386000429219124,-0.0234264496433791
Error,VP0930,304.803822901884,306.038495160608,1.23467225872457,677.764045704511,680.23339022196,2.46934451744914,0.0552922542109566,0.0444042301893021,-0.0108880240216544
Error,VP0931,277.124331551091,277.298676884131,0.174345333040151,621.181899784882,621.530590450962,0.348690666080302,0.0952824660828294,0.129332599426153,0.0340501333433237
Error,VP0932,581.277801250294,580.623436117058,-0.654365133236524,1230.46781712785,1229.15908686138,-1.30873026647305,0.168847608260826,0.185737547134769,0.0168899388739424
Error,VP0933,546.172152765542,547.613856461731,1.44170369618894,1159.38844908073,1162.2718564731,2.88340739237788,0.303797149694713,0.0229816302336709,-0.280815519461042
Error,VP0934,349.963609579013,349.080759475953,-0.882850103059752,768.79253558333,767.026835377211,-1.7657002061195,0.0517353112194341,0.0454189273510064,-0.00631638386842769
Error,VP0935,375.083739598501,376.655035775782,1.57129617728179,819.799379055703,822.941971410267,3.14259235456359,0.169277118344013,0.192829626953483,0.0235525086094708
Error,VP0936,405.908853895892,403.890615945,-2.018237950892,881.344994238033,877.308518336249,-4.036475901784,0.148601664083412,0.204170144725109,0.0555684806416968
Error,VP0937,460.724839787266,459.515389997948,-1.209449789318,990.676118489291,988.257218910655,-2.418899578636,0.121531900435126,0.187208242563488,0.0656763421283622
Error,VP0938,384.638097286698,383.34950633289,-1.28859095380795,838.4631467636,835.885964855985,-2.57718190761591,0.152719401763925,0.188795131661756,0.0360757298978305
Error,VP0939,256.648432119914,252.482079180814,-4.1663529390998,582.890849361167,574.558143482968,-8.33270587819959,0.0791840480533422,0.0432593991310806,-0.0359246489222616
Error,VP0940,417.507747323184,418.568196234723,1.06044891153931,904.637929289029,906.758827112108,2.12089782307862,0.0986254430535091,0.119444018642272,0.0208185755887631
Error,VP0941,310.61548259599,311.34127602906,0.725793433069555,690.045078228405,691.496665094545,1.45158686613911,0.0991204698584768,0.184269657702798,0.0851491878443211
Error,VP0942,352.117124337449,354.141833672931,2.02470933548221,773.969678870099,778.019097541063,4.04941867096443,0.139026281675508,0.232182053670183,0.0931557719946747
Error,VP0943,430.030441471658,429.390795581484,-0.639645890174393,928.084830576559,926.805538796211,-1.27929178034879,0.0252287480944552,0.429585993532827,0.404357245438372
Error,VP0944,548.2065539427,549.282179405791,1.07562546309055,1166.07334975646,1168.22460068264,2.15125092618109,0.175446174586814,0.044585717910687,-0.130860456676127
Error,VP0945,378.501332132847,376.399975915236,-2.10135621761106,826.39520372611,822.192491290888,-4.20271243522211,0.246504440280011,0.0543135839317204,-0.192190856348291
Error,VP0946,535.780155282539,535.973624389814,0.193469107275405,1140.04036331084,1140.42730152539,0.38693821455081,0.151985784153573,0.0711631246540875,-0.0808226594994856
Error,VP0947,230.817660125584,231.008047343324,0.190387217739527,526.092518445025,526.473292880504,0.380774435478997,0.0806924789033027,0.0878632664774454,0.00717078757414268
Error,VP0948,282.867756779899,285.14737860734,2.27962182744136,635.564141074487,640.123384729369,4.55924365488272,0.306849029937547,0.150760214435326,-0.15608881550222
Error,VP0949,339.114586806485,339.876747889725,0.762161083239789,746.505465957998,748.029788124478,1.52432216647958,0.206821417282303,0.0950665592159527,-0.11175485806635
Error,VP0950,389.854708382604,391.449296061557,1.59458767895364,849.500869515896,852.690044873803,3.18917535790729,0.174556073169855,0.13895955450706,-0.0355965186627948
Error,VP0951,345.95412525202,345.68333048867,-0.270794763349784,761.568492375101,761.026902848401,-0.541589526699568,0.166198271417244,0.0348823710215548,-0.131315900395689
Error,VP0952,289.952290780575,288.691426510118,-1.26086427045709,649.59308534457,647.071356803656,-2.52172854091418,0.0408688511609287,0.035581663649505,-0.00528718751142374
Error,VP0953,217.368601921507,218.567846568345,1.19924464683851,504.168428071207,506.566917364884,2.39848929367702,0.29250912481013,0.219076373929535,-0.0734327508805953
Error,VP0954,388.840844660687,389.538713362929,0.697868702241465,847.266173254351,848.661910658834,1.39573740448293,0.0289723797907461,0.244785681851991,0.215813302061245
Error,VP0955,340.436725717619,337.901694144079,-2.53503157353924,749.625772308003,744.555709160924,-5.07006314707849,0.0600313445075213,0.0621853648862396,0.0021540203787183
Error,VP0956,325.631413264763,325.198769289709,-0.432643975053679,720.249971872826,719.384683922719,-0.865287950107358,0.191592498620042,0.099246503213069,-0.092345995406973
Error,VP0957,332.129394551569,336.737874575755,4.60848002418612,733.225732419365,742.442692467738,9.21696004837224,0.172343705265709,0.14892735482058,-0.0234163504451292
Error,VP0958,313.020695646826,313.440430044966,0.419734398140122,695.539955843659,696.379424639939,0.839468796280244,0.300793283097321,0.282630557286135,-0.0181627258111865
Error,VP0959,265.848748118531,271.712329352008,5.8635812334777,601.300973528074,613.02813599503,11.7271624669554,0.00708254313703281,0.134192435924912,0.127109892787879
Error,VP0960,369.050734035458,368.223584519844,-0.827149515613996,807.53269229911,805.878393267882,-1.65429903122799,0.301710513801014,0.0384813012020439,-0.26322921259897
Error,VP0961,312.093519343876,309.420587045266,-2.67293229860974,693.884945386768,688.539080789549,-5.34586459721947,0.180968491994949,0.16642645065993,-0.014542041335019
Error,VP0962,373.772252976718,373.653224305492,-0.119028671226488,816.450597154908,816.212539812455,-0.238057342452976,0.454334798111793,0.214856688584607,-0.239478109527186
Error,VP0963,228.887011227309,229.977285556226,1.09027432891705,526.061143171034,528.241691828868,2.18054865783404,0.213786669894042,0.136447629879268,-0.0773390400147736
Error,VP0964,310.341017971944,307.958910648069,-2.38210732387444,690.074575404302,685.310360756553,-4.76421464774887,0.230119403901559,0.293376242351067,0.0632568384495078
Error,VP0965,403.097283250616,400.186607448189,-2.91067580242691,875.391404999705,869.570053394852,-5.82135160485382,0.293291722519558,0.103228425232939,-0.190063297286618
Error,VP0966,331.164706744852,331.618070417337,0.453363672484898,730.551387395908,731.458114740878,0.906727344969795,0.108543299096379,0.160196025924408,0.051652726828029
Error,VP0967,244.972402213667,249.791332604727,4.81893039105975,557.744023502056,567.381884284176,9.63786078211945,0.374888475094968,0.28120073325228,-0.0936877418426881
Error,VP0968,449.253147740217,451.665617259937,2.41246951972045,967.028721170952,971.853660210393,4.82493903944101,0.358506270372437,0.29175511714577,-0.0667511532266668
Error,VP0969,272.441848333754,270.061554472552,-2.38029386120201,613.511275798023,608.750688075619,-4.76058772240401,0.0240373960759937,0.0161583177443722,-0.00787907833162146
Error,VP0970,529.741614392476,528.986448715699,-0.755165676776983,1128.82720088424,1127.31686953068,-1.51033135355397,0.23057924092226,0.365615819549955,0.135036578627695
Error,VP0971,194.498188208672,195.81221938626,1.31403117758796,453.994246823902,456.622309179078,2.62806235517593,0.0986090912017212,0.146334143363875,0.0477250521621542
Error,VP0972,336.241543306102,338.308443474006,2.06690016790469,741.52055918805,745.654359523859,4.13380033580938,0.550936973011859,0.0871005076494815,-0.463836465362377
Error,VP0973,333.884924035527,333.567014405017,-0.317909630510485,735.546314007406,734.910494746385,-0.63581926102097,0.0235731868103464,0.0553838961356275,0.0318107093252811
Error,VP0974,274.6369623254,278.857368571541,4.22040624614027,619.111824303382,627.552636795662,8.44081249228054,0.217517537656573,0.210544664911996,-0.00697287274457706
Error,VP0975,394.678197091759,391.327560038708,-3.35063705305112,858.453926999965,851.752652893863,-6.70127410610223,0.192533520925998,0.440620531539976,0.248087010613978
Error,VP0976,506.452005480303,506.384707503965,-0.0672979763382386,1081.28806296908,1081.1534670164,-0.134595952676591,0.154298190228508,0.144493803170258,-0.00980438705824965
Error,VP0977,322.18172277078,323.090539893474,0.908817122693506,713.540501639914,715.358135885301,1.81763424538701,0.0950410798164709,0.0505090873463516,-0.0445319924701194
Error,VP0978,561.085129422983,561.503639799816,0.41851037683341,1191.23780663245,1192.07482738612,0.83702075366682,0.129666632309551,0.15811312884853,0.028446496538979
Error,VP0979,164.599233794576,160.409311274425,-4.18992252015155,392.948715787434,384.56887074713,-8.37984504030311,0.155994144923203,0.151927183251328,-0.00406696167187542
Error,VP0980,253.093499674067,249.017087064574,-4.07641260949299,575.373951538339,567.221126319353,-8.15282521898598,0.0290752124078982,0.259117319109219,0.230042106701321
Error,VP0981,247.319696162442,246.644591192197,-0.675104970245513,558.608688877046,557.258478936555,-1.35020994049103,0.0959944494226368,0.311803398874989,0.215808949452353
Error,VP0982,268.727015896522,269.20369716752,0.476681270997688,604.976735554462,605.930098096457,0.953362541995375,0.178864872706395,0.175672521285646,-0.00319235142074875
Error,VP0983,122.736946392726,126.169009701063,3.43206330833728,314.690474626963,321.554601243637,6.86412661667453,0.269675258215864,0.116358758436581,-0.153316499779283
Error,VP0984,484.679283286334,483.945279669045,-0.734003617288238,1038.36587321312,1036.89786597854,-1.46800723457636,0.351276324097232,0.417684500320348,0.0664081762231156
Error,VP0985,325.611656727472,329.441769656137,3.83011292866524,720.788767886459,728.448993743789,7.66022585733049,0.380904988762566,0.233441807039735,-0.147463181722831
Error,VP0986,292.134185832985,292.545503478712,0.411317645726854,653.365904482419,654.188539773872,0.822635291453707,0.214328725884875,0.0752163062645564,-0.139112419620319
Error,VP0987,301.286369895637,300.654603020947,-0.631766874690072,672.289425838532,671.025892089152,-1.26353374938014,0.354224450389744,0.198901570477046,-0.155322879912698
Error,VP0988,401.590786845647,401.756893324218,0.1661064785701,871.414434914852,871.746647871992,0.3322129571402,0.113056003620447,0.134341311613136,0.0212853079926889
Error,VP0989,299.145029740524,297.327935500814,-1.81709423970989,667.836448129858,664.202259650438,-3.63418847941978,0.142880294641284,0.025849742774758,-0.117030551866526
Error,VP0990,323.848130657093,323.777657020598,-0.0704736364942846,717.069402126422,716.928454853434,-0.140947272988569,0.0768182189838312,0.149810112879641,0.0729918938958094
Error,VP0991,300.494664829987,292.6499060044,-7.84475882558723,670.156479863511,654.466962212336,-15.6895176511745,0.151295173786027,0.0905105022081866,-0.0607846715778406
Error,VP0992,336.215795198023,338.769008734526,2.55321353650328,742.232349801664,747.33877687467,5.10642707300656,0.370095983071223,0.274708761020727,-0.095387222050496
Error,VP0993,319.241116165364,319.720228648146,0.479112482782284,708.310859845417,709.269084810981,0.958224965564568,0.220493454245365,0.158844780916182,-0.0616486733291836
Error,VP0994,284.51228264866,284.169531405579,-0.342751243081182,637.620714333862,636.9352118477,-0.685502486162363,0.216763374230037,0.157850535195787,-0.0589128390342501
Error,VP0995,354.356223161203,359.484794564781,5.12857140357812,778.447876517607,788.705019324764,10.2571428071562,0.26501591488273,0.231750983618572,-0.0332649312641572
Error,VP0996,300.761207765366,300.358009348364,-0.403198417001875,670.837133586726,670.030736752722,-0.806396834003749,0.171315539285375,0.224779523594887,0.0534639843095119
Error,VP0997,465.77563589007,457.657036830115,-8.11859905995499,998.409881250823,982.172683130913,-16.23719811991,0.157273356026136,0.00468425084674313,-0.152589105179393
Error,VP0998,448.700768971524,450.373713756252,1.67294478472706,966.519010945566,969.86490051502,3.34588956945413,0.0289577279340771,0.199630298800664,0.170672570866587
Error,VP0999,305.735054634867,304.906079906676,-0.828974728191895,681.280166676952,679.622217220568,-1.65794945638379,0.0630866402848795,0.100183999691903,0.0370973594070233
Error,VP1000,180.144818970488,180.628327300414,0.483508329925399,430.043777215536,431.010793875387,0.967016659850799,0.190406797600683,0.108930932888654,-0.0814758647120288
