Outcome,Subject,Condition,EffectScale,UnexpectednessSD_Symmetric,UnexpectednessSD_Directional,LogEffect_Symmetric,LogEffect_Directional,DeltaLogEffect,TransformedEffect_Symmetric,TransformedEffect_Directional
RT,VP0001,Congruent,PercentRTChange,0.0835024892280635,0.0758441747568104,0.0548928130606526,0.0656760367262675,0.0107832236656149,5.64273733898129,6.78807069919323
RT,VP0002,Congruent,PercentRTChange,0.119885477689747,0.0961189379750682,0.0820383572746894,0.0815041224137112,-0.000534234860978158,8.54974457547251,8.4917690054342
RT,VP0003,Congruent,PercentRTChange,0.116221428801728,0.0862809232972471,0.0241726215028541,0.0271075962534203,0.00293497475056624,2.44671476865281,2.74783496370594
RT,VP0004,Congruent,PercentRTChange,0.115236593103055,0.0755926824983589,0.0554089709256382,0.0549353581429506,-0.000473612782687573,5.69727974377208,5.64723201354804
RT,VP0005,Congruent,PercentRTChange,0.113164762385687,0.127314287834843,0.051292866625668,0.0465721153682891,-0.00472075125737893,5.26311286717989,4.76736297139733
RT,VP0006,Congruent,PercentRTChange,0.11176620361857,0.115071243417458,0.0519773825017522,0.0424454419592785,-0.00953194054247367,5.335191805878,4.33591311908623
RT,VP0007,Congruent,PercentRTChange,0.0944037754163439,0.0953830146663871,0.0653610826459651,0.0713512502866468,0.00599016764068165,6.7544426565215,7.39583878169257
RT,VP0008,Congruent,PercentRTChange,0.120024582649031,0.000194326539765845,0.0198932651579541,0.00127162752669003,-0.0186216376312641,2.00924548088997,0.127243638779362
RT,VP0009,Congruent,PercentRTChange,0.109345587129842,0.111851139434454,0.0255237376564264,0.02819837227078,0.00267463461435358,2.58522573098534,2.85997098444282
RT,VP0010,Congruent,PercentRTChange,0.00143771793024583,0.0991563584366907,0.0196231043285721,0.0292685845873139,0.00964548025874183,1.98169030085895,2.97011191884844
RT,VP0011,Congruent,PercentRTChange,0.103029381540847,0.114913420608717,0.0457370836062527,0.0471316803729501,0.00139459676669743,4.67991541151769,4.82600352641787
RT,VP0012,Congruent,PercentRTChange,0.121285955067578,0.110794188622175,0.0555453477324474,0.0572943377363241,0.00174899000387678,5.71169538422911,5.89674586129438
RT,VP0013,Congruent,PercentRTChange,0.114634915556248,0.125291312332284,0.0374688792426427,0.0419711869067109,0.00450230766406822,3.81796876409282,4.28644301677548
RT,VP0014,Congruent,PercentRTChange,0.118593526712336,0.124781159813773,0.0309485298808532,0.0317101905126649,0.000761660631811698,3.14324145710079,3.22183152923876
RT,VP0015,Congruent,PercentRTChange,0.0534825419638241,0.113684467735479,0.0400418972313554,0.0420565368919728,0.00201463966061741,4.08543821957126,4.29534424300433
RT,VP0016,Congruent,PercentRTChange,0.106752561019029,0.128853234958535,0.0318331878831921,0.0336579856629688,0.00182479777977668,3.23452832391804,3.42308244624971
RT,VP0017,Congruent,PercentRTChange,0.0926036642085618,0.123976461706416,0.0404100836040056,0.0476808330496942,0.00727074944568865,4.12376811535469,4.88358481585935
RT,VP0018,Congruent,PercentRTChange,0.0985160537952339,0.0873138526027889,0.0179107871597122,0.02000394770616,0.00209316054644782,1.80721472304179,2.02053674898199
RT,VP0019,Congruent,PercentRTChange,0.0470154262572387,0.127399643977796,0.0284016794340754,0.0349654504263592,0.00656377099228373,2.88088527930126,3.55839291983187
RT,VP0020,Congruent,PercentRTChange,0.108151322701947,0.121637126370869,0.0503500051178584,0.0498878282868575,-0.000462176831000881,5.16391110397632,5.11531801097247
RT,VP0021,Congruent,PercentRTChange,0.106355375221645,0.112850122472398,0.0292404959799284,0.0325819633243457,0.00334146734441729,2.96721967242208,3.31185675060652
RT,VP0022,Congruent,PercentRTChange,0.115129149396381,0.111873891006597,0.037211498873569,0.0417528336777803,0.00454133480421132,3.79125149537356,4.26367422111955
RT,VP0023,Congruent,PercentRTChange,0.128503821361834,0.000190333805070325,0.03235635679845,0.0631572082514118,0.0308008514529618,3.28855155052263,6.51942833998653
RT,VP0024,Congruent,PercentRTChange,0.0894029127055215,0.0838977279815949,0.0284393391773572,0.033822663699358,0.00538332452200083,2.88475981998613,3.4401153588191
RT,VP0025,Congruent,PercentRTChange,0.0912330527019385,0.101784243247473,0.0729037104979933,0.0809426404016016,0.00803892990360824,7.56269603437589,8.43086992714412
RT,VP0026,Congruent,PercentRTChange,0.0636234976833177,0.0604912238612769,0.0420786556477617,0.0444119604228442,0.00233330477508254,4.29765115176644,4.54129349461101
RT,VP0027,Congruent,PercentRTChange,0.113263137199394,0.106432987331476,0.051537504897848,0.0573200122017068,0.00578250730385877,5.28886740338017,5.89946473853282
RT,VP0028,Congruent,PercentRTChange,0.073287756165415,0.0733158030565925,0.0310112676594807,0.029488701921152,-0.00152256573832878,3.14971263794188,2.9927799200675
RT,VP0029,Congruent,PercentRTChange,0.111150904560299,0.11190419577372,0.0476214307319332,0.0476528196185088,3.13888865755424e-05,4.87735467287049,4.88064670792705
RT,VP0030,Congruent,PercentRTChange,0.102534516846667,0.10424376953314,0.0396893435700516,0.050143826289359,0.0104544827193074,4.04874898508054,5.14223076707452
RT,VP0031,Congruent,PercentRTChange,0.100122699245524,0.106428946154846,0.0160003789654348,0.0185099875295038,0.00250960856406902,1.61290704838168,1.86823592388861
RT,VP0032,Congruent,PercentRTChange,0.117795630805524,0.124274698475272,0.0444404999892449,0.0505909516409741,0.00615045165172914,4.54427710037353,5.18925303561664
RT,VP0033,Congruent,PercentRTChange,0.111513214390906,0.119698811170369,0.033183053768412,0.0294764251869471,-0.00370662858146491,3.37397518798728,2.9915155128448
RT,VP0034,Congruent,PercentRTChange,0.0999600500495431,0.0776632920025348,0.0613048542175296,0.0523802136332316,-0.00892464058429803,6.32229927998489,5.37763264805007
RT,VP0035,Congruent,PercentRTChange,0.000275734147591211,0.0980951895947632,-0.0113056544656378,-0.0186323779061248,-0.00732672344048697,-1.12419857190245,-1.84598682362189
RT,VP0036,Congruent,PercentRTChange,0.116700403401896,0.131339336304454,0.0236373394336952,0.0262840926246038,0.00264675319090851,2.39189155344399,2.66325657884352
RT,VP0037,Congruent,PercentRTChange,0.000276344251145502,0.0218293536295803,0.0304034090723826,0.0318363344418586,0.00143292536947594,3.08703125199759,3.23485315792886
RT,VP0038,Congruent,PercentRTChange,0.107822671006756,0.109661393574922,0.0700241219628049,0.0599472701906529,-0.0100768517721521,7.25340525687048,6.17805575828592
RT,VP0039,Congruent,PercentRTChange,0.0928166909002052,0.0206842045259162,0.0235175185087454,0.0286116766421272,0.00509415813338184,2.3796235972843,2.9024922465938
RT,VP0040,Congruent,PercentRTChange,0.0273386383843623,0.00811147380218301,0.0288796107964558,0.0345798303791314,0.00570021958267568,2.93006703278076,3.51846642618625
RT,VP0041,Congruent,PercentRTChange,0.0638995382747053,0.12378394536091,0.0664401637762069,0.0752334530018135,0.0087932892256066,6.86970153681894,7.81358155500556
RT,VP0042,Congruent,PercentRTChange,0.117490684869828,0.118785272497275,0.0498939335752823,0.0526188163393603,0.00272488276407797,5.11595977226587,5.40277903624418
RT,VP0043,Congruent,PercentRTChange,0.116099946358944,0.122334156716703,0.0277504582316598,0.0218986348661268,-0.00585182336553296,2.81390887607802,2.21401698439183
RT,VP0044,Congruent,PercentRTChange,0.0816747445795794,0.113474344482988,0.0263195878492829,0.0262782284625229,-4.13593867600003e-05,2.66690069887612,2.66265454663239
RT,VP0045,Congruent,PercentRTChange,0.000275854253791894,0.00949863014084819,0.0226814902294334,0.0405726590384763,0.0178911688090429,2.29406710553821,4.14069745830512
RT,VP0046,Congruent,PercentRTChange,0.0871565131539553,0.114674726689034,0.0450334477421149,0.0502873603870049,0.00525391264488997,4.60628477639493,5.15732334541603
RT,VP0047,Congruent,PercentRTChange,0.106511606457724,0.114989896113211,0.0891899657710845,0.0631641357471881,-0.0260258300238964,9.32883239603135,6.52016625543239
RT,VP0048,Congruent,PercentRTChange,0.0814394573744506,0.000188976320361657,0.0197026256782985,-0.00652730509879759,-0.0262299307770961,1.98980034497562,-0.650604851741454
RT,VP0049,Congruent,PercentRTChange,0.108205107555214,0.105753850041166,0.0444703718699513,0.0400793514846715,-0.00439102038527987,4.54740008119203,4.0893367349484
RT,VP0050,Congruent,PercentRTChange,0.000275735553774142,0.127430892889186,0.0297596420323167,0.0430148114639254,0.0132551694316087,3.02068857592463,4.39533572135924
RT,VP0051,Congruent,PercentRTChange,0.0976727245962907,0.0915063110533611,0.0847078304250013,0.0933918256770211,0.00868399525201978,8.83990231593128,9.78918332117145
RT,VP0052,Congruent,PercentRTChange,0.0597082504617575,0.0841977113495073,0.0358141166641302,0.0199872828106587,-0.0158268338534714,3.64631673525042,2.0188366015645
RT,VP0053,Congruent,PercentRTChange,0.000275760190850205,0.0931523627220478,0.0176149635799944,0.0168361352532942,-0.000778828326700235,1.77710220255773,1.69786617199068
RT,VP0054,Congruent,PercentRTChange,0.109360827376885,0.122834710390792,0.0304420988250889,0.0329103877447333,0.00246828891964447,3.09101974090027,3.34579245963176
RT,VP0055,Congruent,PercentRTChange,0.111056508601007,0.12548236059988,0.057910191511792,0.0595270565722596,0.00161686506046756,5.96198285820635,6.133447666402
RT,VP0056,Congruent,PercentRTChange,0.119016733067263,0.106568401858627,0.0440938788242367,0.0610484404959419,0.0169545616717052,4.50804612082496,6.29504027847911
RT,VP0057,Congruent,PercentRTChange,0.000275663480308582,0.0210021239443968,0.0367836748298501,0.0391953102545706,0.00241163542472052,3.74685659973519,3.99735813208979
RT,VP0058,Congruent,PercentRTChange,0.112071350584574,0.122938986396637,0.0280143266920083,0.0216881672129223,-0.00632615947908605,2.84104180352003,2.1925065038221
RT,VP0059,Congruent,PercentRTChange,0.115069819278142,0.12360707305382,0.0405261571857945,0.0375984586071181,-0.00292769857867636,4.13585483553007,3.83142230213802
RT,VP0060,Congruent,PercentRTChange,0.102387878523986,0.109562443818185,0.0512210830150204,0.053300829583074,0.00207974656805357,5.25555697206825,5.47468964667808
RT,VP0061,Congruent,PercentRTChange,0.113041238847633,0.0899248561078457,0.0392297247405244,0.0355798279134153,-0.00364989682710907,4.00093720929615,3.6220364136005
RT,VP0062,Congruent,PercentRTChange,0.112319538204346,0.117185076278733,0.0427787306930851,0.0430829714074115,0.000304240714326429,4.3706928989927,4.4024515440465
RT,VP0063,Congruent,PercentRTChange,0.117565643630986,0.108123757972839,0.0581760802272761,0.061840707855559,0.00366462762828285,5.99016069963769,6.37928773823042
RT,VP0064,Congruent,PercentRTChange,0.0960356545093189,0.0788449260988621,0.0650550181448888,0.0728392671484134,0.00778424900352452,6.72177391091884,7.55576455729978
RT,VP0065,Congruent,PercentRTChange,0.0992156310974233,0.096105624276473,0.0703780557467598,0.075040029287972,0.00466197354121214,7.29137257899775,7.79272986832897
RT,VP0066,Congruent,PercentRTChange,0.0742477598865322,0.000191661842117106,0.0243615169177717,-0.00348787058381623,-0.027849387501588,2.46606831118616,-0.348179502884727
RT,VP0067,Congruent,PercentRTChange,0.11788553972634,0.0912698470557141,0.0332086423328715,0.0305410013133713,-0.00266764101950024,3.37662041345843,3.10121620349166
RT,VP0068,Congruent,PercentRTChange,0.0936056413834839,0.115775906854992,0.0431469609369915,0.0488542773148213,0.00570731637782976,4.40913242155863,5.0067320960715
RT,VP0069,Congruent,PercentRTChange,0.111728910453741,0.111347628088517,0.028245485384699,0.0264012235641668,-0.00184426182053218,2.86481715213165,2.67528232682503
RT,VP0070,Congruent,PercentRTChange,0.0704290679661342,0.000192395089869585,-0.0352262501957367,0.022378473186752,0.0576047233824887,-3.46130274444691,2.26307495565197
RT,VP0071,Congruent,PercentRTChange,0.0530226548901819,0.0966395642832436,0.0667776076708903,0.0697597001536626,0.00298209248277238,6.90577015035363,7.22504886660502
RT,VP0072,Congruent,PercentRTChange,0.119563545636558,0.122622324034969,0.0317902925656003,0.0360896076750093,0.00429931510940905,3.23010014101397,3.67487429731692
RT,VP0073,Congruent,PercentRTChange,0.118558847616476,0.114661863582602,0.0516690842319017,0.0458390205985454,-0.00583006363335621,5.30272215391581,4.69058671113907
RT,VP0074,Congruent,PercentRTChange,0.000276103012031458,0.000193784763274881,-0.0237982284059394,-0.0400094578476564,-0.016211229441717,-2.35172836436749,-3.92196478048505
RT,VP0075,Congruent,PercentRTChange,0.0667329794075725,0.115054132440804,0.0337477958498985,0.0375014390455109,0.0037536431956124,3.43237130972811,3.82134911172138
RT,VP0076,Congruent,PercentRTChange,0.0762284789705665,0.118906835183414,0.026326004377281,0.0196764530636567,-0.00664955131362432,2.66755946603243,1.98713104016528
RT,VP0077,Congruent,PercentRTChange,0.000275661198297431,0.000192530562519737,0.00391403016447835,0.00602549746765864,0.00211146730318029,0.392169998391267,0.604368729342264
RT,VP0078,Congruent,PercentRTChange,0.0879258868366837,0.0732787903699582,0.0659875497112542,0.0722781770758747,0.00629062736462049,6.82134175177112,7.49543301286051
RT,VP0079,Congruent,PercentRTChange,0.0883163872842785,0.0772364384991564,0.113723454458983,0.124803025994351,0.0110795715353684,12.0442228733605,13.2925274257965
RT,VP0080,Congruent,PercentRTChange,0.000275377042745248,0.127831417925057,0.0565843752808547,0.0618253712452804,0.00524099596442577,5.82158982971368,6.37765625306344
RT,VP0081,Congruent,PercentRTChange,0.116029885736615,0.116716995028294,0.0203200852066129,0.0209586107950912,0.000638525588478309,2.05279436511707,2.11797849434745
RT,VP0082,Congruent,PercentRTChange,0.11477390164791,0.0829519542918378,0.0426021700940291,0.0425865095304109,-1.56605636182292e-05,4.35226677364231,4.35063257112609
RT,VP0083,Congruent,PercentRTChange,0.119273042739549,0.100984734662003,0.0527084361182532,0.0497623959984494,-0.00294604011980378,5.41222563329073,5.10213398295631
RT,VP0084,Congruent,PercentRTChange,0.0966987452114068,0.116560928665371,0.0321691923331396,0.0337420159301063,0.00157282359696673,3.26922141301285,3.43177348064572
RT,VP0085,Congruent,PercentRTChange,0.117900972297404,0.106395671052638,0.00950158531972035,0.0174822365003505,0.00798065118063012,0.954686868914778,1.76359452144512
RT,VP0086,Congruent,PercentRTChange,0.121239727850539,0.126862314889016,0.0429272124131025,0.0418542268721362,-0.00107298554096633,4.38619118957171,4.27424638406775
RT,VP0087,Congruent,PercentRTChange,0.115159575847784,0.118630761456963,0.0497954538926235,0.0586352913507396,0.00883983745811611,5.1056084956087,6.03884373744938
RT,VP0088,Congruent,PercentRTChange,0.116319726592744,0.119205288983648,0.0471742744831547,0.0552960536332775,0.00812177915012283,4.83046859185645,5.68534536694496
RT,VP0089,Congruent,PercentRTChange,0.111203093983642,0.116165010242966,0.0187589361076931,0.0227414454882279,0.00398250938053486,1.89359903330852,2.30020035666314
RT,VP0090,Congruent,PercentRTChange,0.111804450766312,0.127698486216831,0.0276159827197619,0.0279490886942265,0.000333105974464551,2.80008385263606,2.83433287870374
RT,VP0091,Congruent,PercentRTChange,0.0578045385929864,0.0919595177285016,0.0831472429184023,0.0869794571960079,0.00383221427760562,8.67018059140452,9.08742698717919
RT,VP0092,Congruent,PercentRTChange,0.0800556897002509,0.0962626067688939,0.0390711959679811,0.0421069907095097,0.0030357947415286,3.98445137515107,4.30060647402142
RT,VP0093,Congruent,PercentRTChange,0.0403482650613644,0.0875304695073595,0.0510359228052516,0.0585296698008937,0.00749374699564208,5.23606963525531,6.02764434188914
RT,VP0094,Congruent,PercentRTChange,0.119597331471955,0.123684118839558,0.0208019770477618,0.0247411876680101,0.00393921062024834,2.10198462532869,2.50497906638625
RT,VP0095,Congruent,PercentRTChange,0.105006595938681,0.102000232552263,0.125054928165712,0.124087045224086,-0.000967882941625267,13.3210696542277,13.2114411863029
RT,VP0096,Congruent,PercentRTChange,0.117746620977603,0.119986925159135,0.0331820808083014,0.0250967259654802,-0.00808535484282128,3.37387460928187,2.54142999159168
RT,VP0097,Congruent,PercentRTChange,0.115321432832902,0.0693783267035794,0.0463761170521809,0.0415920979086827,-0.00478401914349813,4.7468307568773,4.24691666606001
RT,VP0098,Congruent,PercentRTChange,0.100386138031808,0.115627896869942,0.0430643635595071,0.0430287309074959,-3.56326520112235e-05,4.400508857182,4.39678885645722
RT,VP0099,Congruent,PercentRTChange,0.0385960084357673,0.0189719047896132,0.0379542047367652,0.0408636242713002,0.00290941953453495,3.8683664997458,4.17100318933075
RT,VP0100,Congruent,PercentRTChange,0.121812250699488,0.119166577713864,0.0198261558809391,0.0223385582298164,0.00251240234887723,2.00239994387899,2.25899321088088
RT,VP0101,Congruent,PercentRTChange,0.104729658965362,0.105461204903354,0.0347537760851338,0.0404703388187654,0.0057165627336316,3.53647458508859,4.13004230438847
RT,VP0102,Congruent,PercentRTChange,0.120023712843989,0.119448814762967,0.0498172178291879,0.0584359288574229,0.00861871102823501,5.10789603229738,6.01770567631175
RT,VP0103,Congruent,PercentRTChange,0.115897189190047,0.121876862485065,0.0245733393786237,0.0202831373336357,-0.00429020204498797,2.48777522485444,2.04902380109151
RT,VP0104,Congruent,PercentRTChange,0.0209259258587982,0.110060715591391,0.0293657339692403,0.0252242856039379,-0.00414144836530249,2.98011588751006,2.55451097361328
RT,VP0105,Congruent,PercentRTChange,0.000276527854897301,0.00593555541777597,0.00769012283515958,0.0224097182286669,0.0147195953935073,0.771976777211503,2.26627021963313
RT,VP0106,Congruent,PercentRTChange,0.1065671640405,0.088196332139079,0.0484875346086039,0.049802945855931,0.00131541124732711,4.96822870382223,5.10639594592073
RT,VP0107,Congruent,PercentRTChange,0.109649607817974,0.124627623793829,0.0604740183261883,0.0685009982779034,0.00802697995171514,6.2339995840508,7.09016940079437
RT,VP0108,Congruent,PercentRTChange,0.114575855856911,0.124028371437944,0.0912665673592788,0.0865770352922985,-0.00468953206698032,9.55610071422535,9.0435366489493
RT,VP0109,Congruent,PercentRTChange,0.113944650744763,0.111210611323751,0.0441483206589597,0.0588111964441584,0.0146628757851987,4.51373588547832,6.05749815081809
RT,VP0110,Congruent,PercentRTChange,0.0624084840792812,0.0667813659079308,0.0409964860286161,0.0430945545945953,0.00209806856597922,4.18484445134268,4.40366086418906
RT,VP0111,Congruent,PercentRTChange,0.120786472748592,0.123523140319199,0.0610624808158678,0.0577045168376184,-0.00335796397824938,6.29653270532822,5.94019140295923
RT,VP0112,Congruent,PercentRTChange,0.0986841821796317,0.064063259170066,0.0468839689649681,0.0507219986925377,0.00383802972756959,4.80004014533681,5.20303868034744
RT,VP0113,Congruent,PercentRTChange,0.0213494817652357,0.108546565394362,0.0834913205371681,0.085140365951518,0.00164904541434982,8.70757800181028,8.886989623118
RT,VP0114,Congruent,PercentRTChange,0.120499311196222,0.123402762314708,0.0543100553160646,0.0588049382471368,0.00449488293107218,5.58119115063826,6.05683442417593
RT,VP0115,Congruent,PercentRTChange,0.0951814378596457,0.123463080388796,0.0307594579588005,0.0397345933165052,0.00897513535770463,3.12374180966775,4.0534572711145
RT,VP0116,Congruent,PercentRTChange,0.110616129701884,0.0893147026586728,0.0320265496930033,0.0324839164871431,0.000457366794139817,3.25449186918116,3.30172784636822
RT,VP0117,Congruent,PercentRTChange,0.000276303729575682,0.103241522612281,0.0357544404942043,0.0442601056885106,0.00850566519430631,3.64013170459205,4.52541960955331
RT,VP0118,Congruent,PercentRTChange,0.0422983657392124,0.0312758437814489,0.0216989176014508,0.0278822835991497,0.00618336599769886,2.19360511887698,2.82746325078425
RT,VP0119,Congruent,PercentRTChange,0.110558562070234,0.122782054744703,0.0564653504664187,0.0618641406639118,0.00539879019749313,5.80899518417342,6.38178053289917
RT,VP0120,Congruent,PercentRTChange,0.0787999997896271,0.120257916416627,0.0246092310227529,0.0305795776783901,0.00597034665563715,2.49145374562409,3.1051935503571
RT,VP0121,Congruent,PercentRTChange,0.0626218523847713,0.0469797540714842,0.0653979932347502,0.0757843281072223,0.0103863348724722,6.75838309857695,7.87298973485049
RT,VP0122,Congruent,PercentRTChange,0.0721436728687763,0.0964054837393063,0.0837732811746733,0.0833816114637187,-0.000391669710954556,8.73823358143559,8.69565244833344
RT,VP0123,Congruent,PercentRTChange,0.102796895851371,0.103533985298358,0.0569667170779311,0.0599329760138817,0.00296625893595065,5.86205758230229,6.17653804123497
RT,VP0124,Congruent,PercentRTChange,0.0112294833623299,0.000199641285523557,0.0539515316003436,0.0611414692863189,0.00718993768597529,5.54334457452963,6.3049292374711
RT,VP0125,Congruent,PercentRTChange,0.000275881440972709,0.117010358346224,0.00807322756051702,0.022658630308863,0.014585402748346,0.810590393755661,2.29172869801735
RT,VP0126,Congruent,PercentRTChange,0.0983944444584681,0.105636439427047,0.0117416080252518,0.0148806427875396,0.0031390347622878,1.18108112920778,1.49919107804302
RT,VP0127,Congruent,PercentRTChange,0.0895895284922904,0.0606828817277014,0.0251398915703171,0.0221622534106433,-0.00297763815967377,2.54585634997064,2.24096604675867
RT,VP0128,Congruent,PercentRTChange,0.0877915302033715,0.0907879774259,0.00777436289915326,0.0211363267196464,0.0133619638204931,0.780466172552563,2.1361280979983
RT,VP0129,Congruent,PercentRTChange,0.000274776130571758,0.0893242863136555,-0.00522941360984989,-0.00435024140745345,0.000879172202396443,-0.521576402996315,-0.434079281348898
RT,VP0130,Congruent,PercentRTChange,0.108820620176944,0.108383842541709,0.0469681286643849,0.0438233638466887,-0.00314476481769625,4.80886045636648,4.47977895259357
RT,VP0131,Congruent,PercentRTChange,0.0850911393223624,0.111838009328677,0.0488466752896629,0.0530023114163837,0.00415563612672077,5.00593383528651,5.44320823481299
RT,VP0132,Congruent,PercentRTChange,0.0981343387285328,0.125478192027909,0.0224107057821423,0.0321538824279665,0.00974317664582421,2.26637121309357,3.26764038312846
RT,VP0133,Congruent,PercentRTChange,0.0927416888072504,0.118026654999617,0.0216339781171691,0.0247475234033719,0.00311354528620282,2.1869689343412,2.50562851286424
RT,VP0134,Congruent,PercentRTChange,0.0419301108305351,0.10447607300875,0.0967694391794728,0.105630326762867,0.00886088758339425,10.1606357073419,11.1410941674812
RT,VP0135,Congruent,PercentRTChange,0.0610997671105772,0.125974567985985,0.0820354969026496,0.0899812573639144,0.00794576046126476,8.54943408326225,9.41537761869797
RT,VP0136,Congruent,PercentRTChange,0.107643507388371,0.13078219280612,0.0372771937648052,0.0385656782380252,0.00128848447322,3.79807027432884,3.931898675621
RT,VP0137,Congruent,PercentRTChange,0.1245031690653,0.121942667952888,0.0886306267490439,0.0872546402620377,-0.00137598648700622,9.26769761296688,9.1174501305437
RT,VP0138,Congruent,PercentRTChange,0.118942222145322,0.120583306487171,0.049530439621773,0.0493368831268054,-0.000193556494967564,5.07775770000309,5.05742118571932
RT,VP0139,Congruent,PercentRTChange,0.000275783679118785,0.119576606372119,0.0260704314759373,0.0409801068525624,0.0149096753766252,2.64132377269475,4.18313800340844
RT,VP0140,Congruent,PercentRTChange,0.112819439289055,0.104161894667396,0.0753048136476464,0.0757278427664689,0.000423029118822513,7.82127547633322,7.86689666435343
RT,VP0141,Congruent,PercentRTChange,0.111952617126549,0.122687057511984,0.0412936070548622,0.0471221153766057,0.00582850832174351,4.21580455846697,4.82500087087254
RT,VP0142,Congruent,PercentRTChange,0.105578713161104,0.113760701098438,0.0516044840887015,0.0568580939411677,0.00525360985246616,5.2959198027041,5.85055913805332
RT,VP0143,Congruent,PercentRTChange,0.082827328137963,0.0961716749997225,0.0376355696434296,0.0324442456034753,-0.00519132403995427,3.83527566532207,3.29762985682611
RT,VP0144,Congruent,PercentRTChange,0.119028455368964,0.104923851550597,0.0616406244572458,0.0612333528402164,-0.000407271617029373,6.3580051380481,6.31469736092434
RT,VP0145,Congruent,PercentRTChange,0.111364735362423,0.125751809490805,0.075144853752866,0.0832364589250711,0.00809160517220514,7.80402977579993,8.67987614345367
RT,VP0146,Congruent,PercentRTChange,0.0982487628495668,0.112028160653242,0.0854507867023903,0.0894257630368454,0.00397497633445505,8.92079565097186,9.35461487537876
RT,VP0147,Congruent,PercentRTChange,0.120108413594402,0.124213526721609,0.0400751245558656,0.0384736776448557,-0.00160144691100992,4.08889675766244,3.92233731912561
RT,VP0148,Congruent,PercentRTChange,0.107540482926522,0.117719793244666,0.0635658067512847,0.0543694972298583,-0.00919630952142639,6.56296091167965,5.58746728523176
RT,VP0149,Congruent,PercentRTChange,0.112969205966037,0.110695360453015,0.0328877503934351,0.0327047576564356,-0.000182992736999475,3.34345301110222,3.3245436399763
RT,VP0150,Congruent,PercentRTChange,0.0819977894440546,0.0786517457881434,0.0970917403259192,0.108000753914828,0.0109090135889087,10.1961463287733,11.4048585283898
RT,VP0151,Congruent,PercentRTChange,0.000276215180582981,0.0853042519949422,0.0647452735048927,0.0567868004679682,-0.00795847303692456,6.68872253248698,5.84301295305232
RT,VP0152,Congruent,PercentRTChange,0.100088495513594,0.0807186932336486,0.080510036116058,0.0791648283452048,-0.00134520777085317,8.38397241289264,8.23827147195737
RT,VP0153,Congruent,PercentRTChange,0.119323378695499,0.112995354979708,0.0513345859854597,0.0529894179080219,0.00165483192256213,5.26750446846516,5.44184871069044
RT,VP0154,Congruent,PercentRTChange,0.10242564894551,0.119988832789776,0.0770042935147892,0.0702390595733219,-0.00676523394146737,8.00467135791831,7.27646052514959
RT,VP0155,Congruent,PercentRTChange,0.0613522324705805,0.125567800822566,0.0292728056676995,0.0294907734598214,0.000217967792121888,2.97054656488551,2.99299327381475
RT,VP0156,Congruent,PercentRTChange,0.00548758243232393,0.109756085443869,0.0540546501556104,0.0561161127245862,0.00206146256897582,5.55422861290369,5.77204914148151
RT,VP0157,Congruent,PercentRTChange,0.0506140885170562,0.113767955433318,0.0652331211550008,0.0629790494449305,-0.00225407171007028,6.74078307284109,6.50045265615919
RT,VP0158,Congruent,PercentRTChange,0.113712896005996,0.123723570971604,0.0353481367854507,0.0319150528878031,-0.00343308389764754,3.59803088814288,3.24297996499738
RT,VP0159,Congruent,PercentRTChange,0.103480941070327,0.10121299508165,0.0470652993140602,0.0362258300502394,-0.0108394692638208,4.8190452962545,3.68899809691232
RT,VP0160,Congruent,PercentRTChange,0.106027221568712,0.108280017593035,0.0397271624435379,0.0401906698999243,0.000463507456386437,4.05268406596451,4.10092443990895
RT,VP0161,Congruent,PercentRTChange,0.0996570655062635,0.0988687694154329,0.0786776974525745,0.083355603037501,0.00467790558492656,8.18555810635528,8.69282548223918
RT,VP0162,Congruent,PercentRTChange,0.119374771017076,0.119367819915388,0.0403662965585503,0.0452149581699573,0.00484866161140703,4.1192089430043,4.62527363118515
RT,VP0163,Congruent,PercentRTChange,0.118469004573705,0.0633256692131988,0.0516016740229443,0.0499562595003113,-0.00164541452263307,5.29562391466123,5.1225114258608
RT,VP0164,Congruent,PercentRTChange,0.125111461321431,0.13024901739794,0.0307121067353695,0.0279855514664882,-0.0027265552688813,3.11885888993531,2.83808257192588
RT,VP0165,Congruent,PercentRTChange,0.088009045659796,0.115024501851124,0.0367515874496706,0.0397590248064426,0.00300743735677204,3.74352768831336,4.05599948316366
RT,VP0166,Congruent,PercentRTChange,0.0489781420848503,0.0472877489142094,0.0552636400319631,0.0672288615958813,0.0119652215639183,5.68191977981356,6.95402268499219
RT,VP0167,Congruent,PercentRTChange,0.119216391067562,0.122931010947881,0.053259158212442,0.0586268605909874,0.00536770237854532,5.47029446337082,6.03794975320191
RT,VP0168,Congruent,PercentRTChange,0.113528622192842,0.100006874200557,0.0261801026790611,0.0269397400431495,0.00075963736408835,2.65258118745895,2.73058954893088
RT,VP0169,Congruent,PercentRTChange,0.0246648288847444,0.123801896093588,0.0506397648801563,0.0500114646718968,-0.000628300208259512,5.19438778910541,5.12831489233077
RT,VP0170,Congruent,PercentRTChange,0.000276226850875733,0.105689167685188,0.0500907012234657,0.0570867307841593,0.00699602956069364,5.13664522750426,5.87476324259313
RT,VP0171,Congruent,PercentRTChange,0.0842033689319513,0.125879671640518,0.0542757745711694,0.0591807007633058,0.00490492619213634,5.57757181079588,6.09669409555227
RT,VP0172,Congruent,PercentRTChange,0.000276135697061364,0.126143566003841,0.0323305281056843,0.0317335056583505,-0.000597022447333874,3.28588377671113,3.22423818933451
RT,VP0173,Congruent,PercentRTChange,0.118161368193354,0.126089943121431,0.0856611665152219,0.0894382050572432,0.00377703854202123,8.94371279814243,9.35597547619191
RT,VP0174,Congruent,PercentRTChange,0.0906444925593465,0.121905526186759,0.0366825613920288,0.0365297128972636,-0.000152848494765233,3.73636692873354,3.72051219291318
RT,VP0175,Congruent,PercentRTChange,0.01481943987404,0.107131162115311,0.0161660178867358,0.0168169798577452,0.00065096197100948,1.62973949471108,1.6959181277955
RT,VP0176,Congruent,PercentRTChange,0.107207692945142,0.0993912027383114,0.0102226079951666,0.00954945744287635,-0.00067315055229022,1.02750373549119,0.959519899800543
RT,VP0177,Congruent,PercentRTChange,0.11002033291358,0.101093370707328,0.0610070706644547,0.0541261312040053,-0.00688093946044936,6.29064296153361,5.56177400950066
RT,VP0179,Congruent,PercentRTChange,0.097316526236824,0.114628881318022,0.0535855599360434,0.0520856377914381,-0.00149992214460531,5.50472576818533,5.34659551482584
RT,VP0180,Congruent,PercentRTChange,0.11308481008503,0.105309785557216,0.0459881289465066,0.0462467843856839,0.000258655439177295,4.70619811543707,4.73328444595755
RT,VP0181,Congruent,PercentRTChange,0.10433286871691,0.121074170185561,0.0378136331056744,0.0635095066166243,0.0256958735109499,3.85376658023948,6.55696157151393
RT,VP0182,Congruent,PercentRTChange,0.106555042717205,0.104671517100293,0.0431947032262828,0.0439708167041317,0.000776113477848901,4.41411727155647,4.49518593041869
RT,VP0183,Congruent,PercentRTChange,0.10878794009999,0.0828297742990591,0.0611128863543766,0.0628600023513843,0.00174711599700775,6.30189077433787,6.4877748414526
RT,VP0184,Congruent,PercentRTChange,0.107346394096497,0.0763746130128233,0.0571837400159022,0.0653761611668764,0.00819242115097423,5.88503457023499,6.75605236775347
RT,VP0185,Congruent,PercentRTChange,0.09304890447621,0.0666589429669421,0.0368480804532185,0.0406462728321236,0.00379819237890511,3.75353869588699,4.14836393229374
RT,VP0186,Congruent,PercentRTChange,0.118057108929499,0.129230229763908,0.0158952304725332,0.0262505969047502,0.010355366432217,1.6022231660531,2.65981785675344
RT,VP0187,Congruent,PercentRTChange,0.108758934131671,0.119947111170849,0.0288609214965753,0.0350724397783444,0.00621151828176909,2.92814335986735,3.56947315790617
RT,VP0188,Congruent,PercentRTChange,0.11806999908962,0.114957507233792,0.0648689138583549,0.0491973304532333,-0.0156715834051216,6.70191437935681,5.04276116466063
RT,VP0189,Congruent,PercentRTChange,0.105562595112941,0.112058948840942,0.0535495449906485,0.0545093396652013,0.000959794674552775,5.5009260896709,5.60223392627608
RT,VP0190,Congruent,PercentRTChange,0.11924592321926,0.123393032711622,0.055869743379008,0.054215016330968,-0.00165472704804,5.74599336075867,5.57115729819715
RT,VP0191,Congruent,PercentRTChange,0.122083576374832,0.130564160959191,0.0335720715995306,0.0259117966691818,-0.00766027493034885,3.41419733066712,2.62504257754921
RT,VP0192,Congruent,PercentRTChange,0.115139226171781,0.103164390183314,0.057090480868152,0.0534438451971554,-0.00364663567099667,5.87516028259247,5.48977525290084
RT,VP0193,Congruent,PercentRTChange,0.122417565137027,0.116577396111209,0.0317702405799507,0.0313138468866335,-0.000456393693317257,3.22803019328068,3.18092832064332
RT,VP0194,Congruent,PercentRTChange,0.118733123821605,0.119713105439822,0.0261470305245685,0.0277930068162813,0.00164597629171282,2.64918630157327,2.81828355544764
RT,VP0195,Congruent,PercentRTChange,0.117269849228834,0.113826948930858,0.0478263688799737,0.053604219385375,0.00577785050540128,4.89885024626482,5.50669444663721
RT,VP0196,Congruent,PercentRTChange,0.0912934064525267,0.116899472556721,0.080303924885876,0.0898769783883251,0.00957305350244908,8.36163556102369,9.40396849008265
RT,VP0197,Congruent,PercentRTChange,0.000275775946166588,0.120287714424919,0.0528711372439737,0.0434469391500452,-0.00942419809392853,5.42937771635976,4.44045758472726
RT,VP0198,Congruent,PercentRTChange,0.00985820792215643,0.11269054568341,0.0361487726427141,0.0359545318415403,-0.000194240801173771,3.68100839936671,3.66087127301782
RT,VP0199,Congruent,PercentRTChange,0.0976848860039836,0.080421603814143,0.0161071325998537,0.0132821888942881,-0.00282494370556566,1.62375517454112,1.33707889984076
RT,VP0200,Congruent,PercentRTChange,0.121828465896648,0.119727450582685,0.0197888835946056,0.0208485235045718,0.00105963990996622,1.99859815207275,2.10673722155368
RT,VP0201,Congruent,PercentRTChange,0.113457325217858,0.128059693726882,0.0515859711817004,0.0596202359011419,0.00803426471944152,5.29397048717699,6.14333757058769
RT,VP0202,Congruent,PercentRTChange,0.0876966292905309,0.0632680354035262,0.063848734348816,0.0623708928659285,-0.0014778414828874,6.59311477967577,6.43570339604957
RT,VP0203,Congruent,PercentRTChange,0.0641261422385854,0.115885723069892,0.0352948060830538,0.0421352345877551,0.00684042850470134,3.59250607971093,4.30355236925315
RT,VP0204,Congruent,PercentRTChange,0.0726906679309998,0.115582472248296,0.0253177202317414,0.0274523262014981,0.00213460596975669,2.56409356384157,2.78326132543116
RT,VP0205,Congruent,PercentRTChange,0.114938716742529,0.121525266052066,0.0608931124070693,0.0771600774243058,0.0162669650172365,6.27853095523003,8.02149805849908
RT,VP0206,Congruent,PercentRTChange,0.0849258294724132,0.115055764245475,0.0253274420350601,0.029023486116592,0.00369604408153194,2.56509067663362,2.94487719450958
RT,VP0207,Congruent,PercentRTChange,0.117729986551903,0.124763116787799,0.0352535172581285,0.0462372940806976,0.0109837768225691,3.58822895516318,4.73229049986239
RT,VP0208,Congruent,PercentRTChange,0.0318207156934054,0.127637054106298,0.0409522995116832,0.048793123287528,0.00784082377584471,4.18024098765544,5.00031070785978
RT,VP0209,Congruent,PercentRTChange,0.120265861052517,0.121368053829583,0.0245409555920867,0.046770429697467,0.0222294741053804,2.48445633635828,4.7881419010164
RT,VP0210,Congruent,PercentRTChange,0.105169846797189,0.1095665757332,0.0321406394621805,0.0336503351856187,0.00150969572343821,3.26627282235536,3.42229121332664
RT,VP0211,Congruent,PercentRTChange,0.119817270770543,0.114613783013315,0.0672660982432782,0.0542913897253326,-0.0129747085179456,6.95800536837301,5.57922043372761
RT,VP0212,Congruent,PercentRTChange,0.0998166717357599,0.121043667575355,0.0320597485780936,0.0293616245820554,-0.00269812399603821,3.2579198600942,2.97969270321106
RT,VP0213,Congruent,PercentRTChange,0.0404806348750171,0.0907314470156139,0.0457333439770537,0.0454993882161445,-0.000233955760909128,4.67952394818143,4.6550364351136
RT,VP0214,Congruent,PercentRTChange,0.0740615027967374,0.0842852056556561,0.0470198344644641,0.0532989590141902,0.00627912454972607,4.8142798224569,5.47449234919013
RT,VP0215,Congruent,PercentRTChange,0.101490902257714,0.107016062178119,0.0283700308829811,0.0358757057803179,0.00750567489733685,2.87762929987065,3.65270041687491
RT,VP0216,Congruent,PercentRTChange,0.0543942027480426,0.126364345938326,0.0661931861556773,0.0732452734161232,0.00705208726044583,6.84331037137444,7.5994417378429
RT,VP0217,Congruent,PercentRTChange,0.0714448754142642,0.126044084621485,0.0451217122958915,0.0517924624357637,0.00667075013987228,4.61551821092943,5.31571501613848
RT,VP0218,Congruent,PercentRTChange,0.0961189150860365,0.0941107528864072,0.0584576732767112,0.0581252579405481,-0.000332415336163169,6.02001099481979,5.98477417417917
RT,VP0219,Congruent,PercentRTChange,0.115977022253929,0.0950114714402341,0.0233658374724448,0.0256404769372952,0.00227463946485042,2.36409572755245,2.59720215551094
RT,VP0220,Congruent,PercentRTChange,0.0914240250326648,0.105127361882823,0.0351705931096593,0.0449795797878003,0.00980898667814091,3.57963934563359,4.60065000159382
RT,VP0221,Congruent,PercentRTChange,0.0791917767005934,0.0870376087811792,0.0535439545249775,0.0591091579163973,0.00556520339141975,5.50033629201396,6.08910390752415
RT,VP0222,Congruent,PercentRTChange,0.0981174343400085,0.0647298541077001,0.102717040164952,0.102134106722456,-0.000582933442495576,10.8177794901943,10.7531989254206
RT,VP0223,Congruent,PercentRTChange,0.000275808182450742,0.119533249830757,0.0269628772311205,0.0349422389031662,0.00797936167204566,2.73296647338921,3.55598919968989
RT,VP0224,Congruent,PercentRTChange,0.119059883957064,0.118723921612472,0.0130529868224743,0.0214756384929455,0.00842265167047124,1.31385489300226,2.17078996899904
RT,VP0225,Congruent,PercentRTChange,0.116772016175572,0.11836232886891,0.0539362568791882,0.0607461279680057,0.00680987108881754,5.54173244168392,6.26291081296011
RT,VP0226,Congruent,PercentRTChange,0.0814858780854645,0.103338752716308,0.0273539986361197,0.0276239017005057,0.000269903064385981,2.77315539443732,2.80089792774387
RT,VP0227,Congruent,PercentRTChange,0.116523182651833,0.122683504779598,0.0294118138442328,0.0248044689015716,-0.00460734494266125,2.98486130771023,2.51146591315343
RT,VP0228,Congruent,PercentRTChange,0.101504204259935,0.0915423194828496,0.0206365926154822,0.0219557506277208,0.00131915801223856,2.08509994283712,2.21985518254244
RT,VP0229,Congruent,PercentRTChange,0.120797556323986,0.127980199578716,0.0705119377656709,0.0699110692030566,-0.000600868562614265,7.30573792617975,7.24128064878691
RT,VP0230,Congruent,PercentRTChange,0.108737941779638,0.111601396683813,0.0561026831146173,0.0568641302382403,0.000761447123622999,5.7706286736541,5.85119808540202
RT,VP0231,Congruent,PercentRTChange,0.114851691743871,0.0977790531752308,-0.0138707373702516,-0.00498397058065796,0.00888676678959361,-1.37749819367564,-0.497157120720704
RT,VP0232,Congruent,PercentRTChange,0.0985563771222916,0.121355240218985,0.0384625084864064,0.0357693943274346,-0.00269311415897181,3.9211766005558,3.64168153342543
RT,VP0233,Congruent,PercentRTChange,0.11090181516112,0.114730444218095,0.0255868812565408,0.0252113613635774,-0.000375519892963434,2.59170353597036,2.55318554302852
RT,VP0234,Congruent,PercentRTChange,0.112693500823404,0.109424202800472,0.0307027876421578,0.0405232281537929,0.00982044051163512,3.11789792015511,4.13554981872544
RT,VP0235,Congruent,PercentRTChange,0.0259402726783895,0.0167406632543891,0.0515264406825232,0.0678056707982767,0.0162792301157536,5.28770247112447,7.01573254520678
RT,VP0236,Congruent,PercentRTChange,0.120240591746472,0.12382385544519,0.0794546210668554,0.0936822899018984,0.014227668835043,8.26964268058841,9.82107778308057
RT,VP0237,Congruent,PercentRTChange,0.110659621121375,0.0859978280681995,0.055350240977154,0.0538781873639098,-0.00147205361324414,5.69107233026014,5.53560386238292
RT,VP0238,Congruent,PercentRTChange,0.000276275366657242,0.116360664515387,0.0437305645651279,0.0494665852076775,0.00573602064254953,4.47008375402984,5.07104823556743
RT,VP0239,Congruent,PercentRTChange,0.11708483435325,0.117663407646089,0.0600398133467103,0.059617769676075,-0.000422043670635336,6.18788226535081,6.14307579755069
RT,VP0240,Congruent,PercentRTChange,0.116401059674946,0.113229980292717,0.0165771396516284,0.0205111613779603,0.00393402172633183,1.67153028254032,2.07229608543735
RT,VP0241,Congruent,PercentRTChange,0.116011729299959,0.121073619395337,0.070598985961097,0.0736262933804528,0.00302730741935586,7.31507910358551,7.64044708472758
RT,VP0242,Congruent,PercentRTChange,0.0920178344179349,0.0874505941185084,0.0452962492393675,0.0510664320587886,0.00577018281942111,4.63377907726967,5.23928035816319
RT,VP0243,Congruent,PercentRTChange,0.106520887309013,0.11766931000862,0.0340453360118863,0.0227428688130796,-0.0113024671988068,3.46315117313809,2.30034596318427
RT,VP0244,Congruent,PercentRTChange,0.117930155099363,0.119149742730714,0.0570247645341009,0.066125486608136,0.00910072207403505,5.86820278380478,6.83607737244263
RT,VP0245,Congruent,PercentRTChange,0.104327398884251,0.113726201846962,0.0211988037491884,0.0141327446583286,-0.00706605909085984,2.14250945923298,1.42330840271188
RT,VP0246,Congruent,PercentRTChange,0.0716694724022355,0.102859184826348,0.115874739906761,0.113212144334907,-0.00266259557185428,12.285521437519,11.9869481716764
RT,VP0247,Congruent,PercentRTChange,0.117936890820553,0.0990224883230768,0.0436619111227903,0.0453051318378681,0.0016432207150778,4.46291176935236,4.63470850124668
RT,VP0248,Congruent,PercentRTChange,0.104986349373686,0.0909049611133473,0.103340155794272,0.104469994240808,0.00112983844653625,10.8868532988511,11.012208331056
RT,VP0249,Congruent,PercentRTChange,0.0967940968248557,0.0813807106245208,0.0490878253501646,0.0507948883122019,0.00170706296203729,5.03125907605286,5.21070716929759
RT,VP0250,Congruent,PercentRTChange,0.0412479704602532,0.125263975719799,0.0435465671605445,0.0570490565251614,0.0135024893646169,4.45086329807372,5.87077456447711
RT,VP0251,Congruent,PercentRTChange,0.0336663974684024,0.120910445042029,0.0788858565985167,0.0785419434269401,-0.000343913171576643,8.2080802637492,8.17087247816597
RT,VP0252,Congruent,PercentRTChange,0.106122211974308,0.106781783787455,0.0682872684782982,0.0620559029051451,-0.0062313655731531,7.06728348613674,6.40218249766129
RT,VP0253,Congruent,PercentRTChange,0.117667483005348,0.0934502405261238,0.0916630763067233,0.0994074933362741,0.00774441702955081,9.59954930171327,10.4516290896766
RT,VP0254,Congruent,PercentRTChange,0.0932375968875184,0.10619322195402,0.117510243204575,0.140314360909057,0.0228041177044825,12.4693150346753,15.0635456816885
RT,VP0255,Congruent,PercentRTChange,0.11795199353057,0.0971463027351072,0.0194460161258293,0.0254510051067762,0.00600498898094686,1.96363214560122,2.57776471729403
RT,VP0256,Congruent,PercentRTChange,0.0425397241171236,0.0684028048288506,0.0536396973816819,0.0511378895516842,-0.00250180782999771,5.51043767915396,5.24680076198312
RT,VP0257,Congruent,PercentRTChange,0.118739005341639,0.11985052779133,0.0360224995124993,0.0374794037642071,0.00145690425170777,3.66791710044936,3.8190614042936
RT,VP0258,Congruent,PercentRTChange,0.118743423676675,0.124269934013296,0.0568146860866307,0.0615465579986468,0.00473187191201608,5.84596449210217,6.34800088770069
RT,VP0259,Congruent,PercentRTChange,0.119761053911508,0.0601076857651,0.0655488082209828,0.0461128002512457,-0.0194360079697371,6.77448507683347,4.71925278752499
RT,VP0260,Congruent,PercentRTChange,0.111477594484715,0.0968702094860328,0.11553219373444,0.120031141656318,0.0044989479218783,12.2470650488639,12.7531964245558
RT,VP0261,Congruent,PercentRTChange,0.0994083837780948,0.105356243208183,0.0812392515033858,0.0870053490621316,0.0057660975587458,8.46303649718569,9.09025150080034
RT,VP0262,Congruent,PercentRTChange,0.0486918694216796,0.121280265012068,0.0744363767125662,0.0799102343395249,0.00547385762695871,7.72768014502576,8.31898300602092
RT,VP0263,Congruent,PercentRTChange,0.117424744536159,0.0434476406049725,0.0476914495588768,0.038423531135883,-0.00926791842299379,4.8846983193114,3.9171261073679
RT,VP0264,Congruent,PercentRTChange,0.128527969836922,0.11682439780672,0.069137414698127,0.0694658086692226,0.000328393971095658,7.15834503479094,7.1935409680028
RT,VP0265,Congruent,PercentRTChange,0.114378177132255,0.109394903774416,0.0453776974607326,0.0407185336983577,-0.00465916376237496,4.64230165954009,4.15589005520716
RT,VP0266,Congruent,PercentRTChange,0.0618425133782609,0.100105696318594,0.0378280190679659,0.0382359501354451,0.000407931067479231,3.85526062735597,3.89763505702256
RT,VP0267,Congruent,PercentRTChange,0.116665779665688,0.114304140528911,0.0969824083997095,0.095730021638965,-0.00125238676074445,10.1840990304234,10.0461922978615
RT,VP0268,Congruent,PercentRTChange,0.108933342109053,0.0680279753101569,0.0302321711406461,0.0242907534422891,-0.00594141769835698,3.06938035327196,2.45881771261522
RT,VP0269,Congruent,PercentRTChange,0.118783793684264,0.111667557631269,0.0946711192752952,0.0877324863903946,-0.00693863288490056,9.92972579893245,9.16960394138067
RT,VP0270,Congruent,PercentRTChange,0.0396650044888252,0.104567354183183,0.0330196500024764,0.038622786207395,0.00560313620491858,3.3570848711501,3.93783418478795
RT,VP0271,Congruent,PercentRTChange,0.122863371583095,0.127194040632695,0.057909077710052,0.0620412270411946,0.00413214933114259,5.96186483763119,6.40062096516536
RT,VP0272,Congruent,PercentRTChange,0.104092996808316,0.125897824428934,0.0479144737821825,0.0506096650869382,0.00269519130475572,4.90809275635682,5.19122150743769
RT,VP0273,Congruent,PercentRTChange,0.115553863841542,0.0875389492609848,0.0984950272294044,0.0994688085067064,0.000973781277301966,10.3508916884054,10.4584016577672
RT,VP0274,Congruent,PercentRTChange,0.112923861793267,0.119750177698072,0.109618298001185,0.118364372410974,0.00874607440978846,11.5852066196655,12.5654193983994
RT,VP0275,Congruent,PercentRTChange,0.0865622780171112,0.0672779799005977,0.102590406072816,0.104582711088398,0.0019923050155828,10.8037470698061,11.0247219824595
RT,VP0276,Congruent,PercentRTChange,0.000275705694231451,0.000189488988466399,0.0420670246254046,0.0554653092913088,0.0133982846659042,4.29643807050881,5.70323472351402
RT,VP0277,Congruent,PercentRTChange,0.102981522787809,0.0704533612814376,0.0486751566082117,0.0455968030314606,-0.00307835357675115,4.98792490044906,4.66523188274559
RT,VP0278,Congruent,PercentRTChange,0.0841584483215999,0.102936922474336,0.0428638312969831,0.043008083574443,0.00014425227745999,4.37957528593054,4.39463336344073
RT,VP0279,Congruent,PercentRTChange,0.0835683882489263,0.10777465173698,0.069038716377778,0.0809055178698492,0.0118668014920712,7.14776920804139,8.42684477344473
RT,VP0280,Congruent,PercentRTChange,0.0710854799063708,0.119025235812612,0.0840031893159186,0.0878455649753496,0.00384237565943099,8.76323626065023,9.18194938370387
RT,VP0281,Congruent,PercentRTChange,0.000276057806628783,0.000191765702933516,0.0439685375984775,0.0625954421495584,0.018626904551081,4.49494777512098,6.45960614057144
RT,VP0282,Congruent,PercentRTChange,0.112673867682121,0.107458473412637,0.035871420004872,0.0370342687969977,0.00116284879212574,3.6522561856285,3.77285819389488
RT,VP0283,Congruent,PercentRTChange,0.00156637887150289,0.000195786059007573,0.103127398685638,0.126241938862557,0.0231145401769193,10.863263842059,13.4556628420586
RT,VP0284,Congruent,PercentRTChange,0.0642337590936572,0.0267256848751745,0.0559846089305347,0.0579133552782114,0.00192874634767678,5.75814063024584,5.96231809769976
RT,VP0285,Congruent,PercentRTChange,0.0715272165898685,0.114553657792955,0.0719654369171676,0.0753819512111568,0.00341651429398927,7.46182013040282,7.82959286760556
RT,VP0286,Congruent,PercentRTChange,0.0711000358769403,0.0832531058220244,0.0857584117093114,0.0967061139839469,0.0109477022746355,8.95430756577507,10.1536599844183
RT,VP0287,Congruent,PercentRTChange,0.0922400563374683,0.0355884589010387,0.0461003232961257,0.0468768490153424,0.000776525719216735,4.71794621825878,4.79929397698657
RT,VP0288,Congruent,PercentRTChange,0.034667394346903,0.100296988213306,0.0698544135340964,0.0692750534701392,-0.000579360063957174,7.23520499440335,7.17309519288594
RT,VP0289,Congruent,PercentRTChange,0.121585375591279,0.0798427111928296,0.0552723906019516,0.0597260849622385,0.00445369436028692,5.68284456089529,6.15457333784841
RT,VP0290,Congruent,PercentRTChange,0.11898119837124,0.123649376384888,0.082651980169011,0.0952166150770362,0.0125646349080252,8.61637362438104,9.98970836147293
RT,VP0291,Congruent,PercentRTChange,0.116808506570152,0.0997614138254746,0.073035367791082,0.0795531631334314,0.00651779534234943,7.57685838004067,8.28031232062116
RT,VP0292,Congruent,PercentRTChange,0.117499152216674,0.117227475887104,0.0107541206465047,0.0157366358601304,0.00498251521362573,1.0812154048111,1.58611087854559
RT,VP0293,Congruent,PercentRTChange,0.103057187137455,0.119059383627336,0.059563686666159,0.0609385579049925,0.00137487123883352,6.13733541575978,6.28336094573767
RT,VP0294,Congruent,PercentRTChange,0.118512677288237,0.111378342024406,0.0490033857804162,0.0458805570309361,-0.00312282874948008,5.0223906561544,4.69493527492721
RT,VP0295,Congruent,PercentRTChange,0.0813325271738528,0.122029414858875,0.0567182883140181,0.0620852979426288,0.00536700962861066,5.83576166865774,6.40531023977398
RT,VP0296,Congruent,PercentRTChange,0.0532667702055723,0.0320101016915446,0.0704540168989914,0.0768657657291621,0.00641174883017068,7.29952286483198,7.98971074621184
RT,VP0297,Congruent,PercentRTChange,0.000275967269178181,0.00019431996964532,0.0563028425589579,0.0772983758452471,0.0209955332862893,5.79180178284517,8.03643829418998
RT,VP0298,Congruent,PercentRTChange,0.108679271272882,0.117285337487125,0.0532011143473912,0.049488489182001,-0.00371262516539019,5.46417273749813,5.07334973431601
RT,VP0299,Congruent,PercentRTChange,0.0285549388419785,0.0422685536343632,0.0470376990826822,0.0463981000844452,-0.00063959899823695,4.81615230627528,4.74913343514725
RT,VP0300,Congruent,PercentRTChange,0.101048122781888,0.117846086795362,0.0263110484440628,0.0448944717746988,0.0185834233306361,2.66602398835165,4.59174802692313
RT,VP0301,Congruent,PercentRTChange,0.115399617768987,0.0955656801714971,0.0753359671700118,0.0808082287856623,0.00547226161565041,7.8246345411733,8.41629653813785
RT,VP0302,Congruent,PercentRTChange,0.081137144606295,0.113390234384912,0.0841542179407249,0.0819969035462866,-0.00215731439443835,8.77966386314004,8.54524487710797
RT,VP0303,Congruent,PercentRTChange,0.0857053354695268,0.00687820909601138,0.00996722274205812,-0.00494059148751238,-0.0149078142295705,1.00170609518744,-0.492840684010321
RT,VP0304,Congruent,PercentRTChange,0.0460646928609627,0.0799132073896028,0.0813292716059434,0.0868553356552796,0.00552606404933625,8.47280079033963,9.07388772794171
RT,VP0305,Congruent,PercentRTChange,0.0699901828068446,0.100372291149597,0.0458713136183643,0.0563453523346343,0.01047403871627,4.69396754091889,5.7962990641959
RT,VP0306,Congruent,PercentRTChange,0.0760763722154699,0.0641674135018412,0.0424636658969456,0.0472527078376211,0.00478904194067548,4.33781454758906,4.83869111961439
RT,VP0307,Congruent,PercentRTChange,0.102997880332798,0.0870971574309196,0.0108725557954987,-0.0153447503765709,-0.0262173061720696,1.09318768257332,-1.52276195741398
RT,VP0308,Congruent,PercentRTChange,0.123518497779354,0.0963149890083271,0.0916580100599442,0.0811518971979845,-0.0105061128619597,9.59899404475617,8.45356219778721
RT,VP0309,Congruent,PercentRTChange,0.0395500743065568,0.124505323022953,0.04659439414429,0.0522573619856928,0.00566296784140275,4.76969708600969,5.36468762744036
RT,VP0310,Congruent,PercentRTChange,0.000275867678231381,0.000182327482429346,0.0466743565032337,0.0592850918400995,0.0126107353368659,4.77807505309105,6.10777022180746
RT,VP0311,Congruent,PercentRTChange,0.0541757829897069,0.106979585231377,0.0188936298447925,0.0168260757512637,-0.00206755409352882,1.90732438728769,1.69684314724499
RT,VP0312,Congruent,PercentRTChange,0.112891117454362,0.0854438423950613,0.0814207275368958,0.0844604474761862,0.00303971993929045,8.48272172497617,8.81298051008277
RT,VP0313,Congruent,PercentRTChange,0.117286916084485,0.121976417111276,0.0762939163685008,0.0778514286450756,0.00155751227657479,7.92797455274739,8.09620467433063
RT,VP0314,Congruent,PercentRTChange,0.0744191371196701,0.107368797964133,0.0411395824269554,0.0462476233482475,0.00510804092129206,4.19975399407071,4.73337231329922
RT,VP0315,Congruent,PercentRTChange,0.0862822606071549,0.128043350221563,0.0416011650020316,0.045360063221008,0.00375889821897642,4.24786188686996,4.64045638837733
RT,VP0316,Congruent,PercentRTChange,0.119333128893671,0.11846763864766,0.0833065633894376,0.0819501633029597,-0.00135640008647794,8.68749535502538,8.5401715645153
RT,VP0317,Congruent,PercentRTChange,0.115075077163522,0.125938658713693,0.0332886234640845,0.0348697609796626,0.0015811375155781,3.38488892315805,3.54848394861214
RT,VP0318,Congruent,PercentRTChange,0.111495589699216,0.0856836678305305,0.070044855761244,0.0628223504612002,-0.00722250530004379,7.25562905041075,6.48376545092935
RT,VP0319,Congruent,PercentRTChange,0.0878126118051905,0.0934979959886533,0.0373152313462566,0.0384712177263188,0.00115598638006225,3.80201857697287,3.92208167895607
RT,VP0320,Congruent,PercentRTChange,0.0522699594118294,0.0638908207834662,0.0377123815401655,0.0406948983597565,0.002982516819591,3.84325175611941,4.15342832457044
RT,VP0321,Congruent,PercentRTChange,0.099197344464604,0.104920672761302,0.0330899577299229,0.0490915392414529,0.01600158151153,3.36435192836504,5.03164915145529
RT,VP0322,Congruent,PercentRTChange,0.105456596490665,0.110850578092195,0.0311689242583863,0.0495103487816329,0.0183414245232466,3.165976152806,5.0756466207776
RT,VP0323,Congruent,PercentRTChange,0.068751571278912,0.109500186349744,0.0396204064016779,0.0493244870987967,0.0097040806971188,4.04157640618417,5.0561188990554
RT,VP0324,Congruent,PercentRTChange,0.0632511095658167,0.109188105243806,0.046452400699606,0.0458737095541293,-0.000578691145476692,4.75482153196252,4.69421838124058
RT,VP0325,Congruent,PercentRTChange,0.0426096975797859,0.120705928146239,0.0263141581993557,0.0378538626621712,0.0115397044628155,2.66634325505957,3.85794465525002
RT,VP0326,Congruent,PercentRTChange,0.0876489318875286,0.114691798060273,0.0127765026631586,0.0129831268298068,0.000206624166648205,1.28584708904063,1.30677735506357
RT,VP0327,Congruent,PercentRTChange,0.0583163647937269,0.0948240545373951,0.0883014400523833,0.0919071699248631,0.00360572987247985,9.23173406022428,9.62630511757792
RT,VP0328,Congruent,PercentRTChange,0.055101101467607,0.000178108274342546,0.00806429279119783,0.0390688304737996,0.0310045376826018,0.80968967840942,3.98420540082729
RT,VP0329,Congruent,PercentRTChange,0.0840222286202226,0.105617803393814,0.0585676504242263,0.0633220960238915,0.00475444559966512,6.03167141438661,6.53699353935482
RT,VP0330,Congruent,PercentRTChange,0.0959700277716784,0.0243182963840912,0.0452589741900289,0.0315632741737744,-0.0136957000162545,4.62987892068181,3.20666766959357
RT,VP0331,Congruent,PercentRTChange,0.12624151867588,0.0863985121324604,0.0365817862247437,0.0393276854229209,0.00274589919817724,3.72591340573936,4.0111257111032
RT,VP0332,Congruent,PercentRTChange,0.107088298525898,0.0737125763530509,0.0612753724535628,0.0715458196101547,0.0102704471565919,6.31916475725898,7.41673675037777
RT,VP0333,Congruent,PercentRTChange,0.114674870249261,0.119110130912468,0.033591618598263,0.0373384892390262,0.00374687064076327,3.41621878760789,3.80443282126521
RT,VP0334,Congruent,PercentRTChange,0.122287317995151,0.124937842985556,0.0484673465949294,0.0520067807923345,0.00353943419740518,4.96610962517583,5.33828852597418
RT,VP0335,Congruent,PercentRTChange,0.0807501171532141,0.114900068708968,0.0601384070840731,0.0671768964549112,0.00703848937083815,6.19835224165455,6.94846494853156
RT,VP0336,Congruent,PercentRTChange,0.0749618041602214,0.120649697882,0.0268361618044308,0.0367104252600264,0.00987426345559556,2.71994944645393,3.73925746543877
RT,VP0337,Congruent,PercentRTChange,0.109649284291349,0.119667163173032,0.0442030357906451,0.0470913753936499,0.00288833960300474,4.51945452474685,4.82177860165893
RT,VP0338,Congruent,PercentRTChange,0.110275622105269,0.120317238909367,0.0475865718268567,0.0480141577737798,0.000427585946923159,4.87369882683906,4.91855093504148
RT,VP0339,Congruent,PercentRTChange,0.00679102103306848,0.122021453963422,0.0601211075226491,0.0688681295233285,0.0087470220006794,6.19651507262797,7.12949276603561
RT,VP0340,Congruent,PercentRTChange,0.107387709104412,0.096350961610751,0.0535991227990229,0.047742229756029,-0.00585689304299385,5.50615672402852,4.89002452020193
RT,VP0341,Congruent,PercentRTChange,0.109004320823221,0.106909606561833,0.0427036178389816,0.0449339864205019,0.00223036858152025,4.36285361278357,4.59588101445658
RT,VP0342,Congruent,PercentRTChange,0.0756092347711646,0.117388254076106,0.0348684963331513,0.0184043462943429,-0.0164641500388084,3.54835299646596,1.85747500603026
RT,VP0343,Congruent,PercentRTChange,0.0238176691226225,0.110625892932832,0.048004138155718,0.0474548116399235,-0.000549326515794465,4.91749969650002,4.85988155898014
RT,VP0344,Congruent,PercentRTChange,0.0900119567675592,0.0539837614667355,0.0492583380516051,0.0565031791331408,0.00724484108153575,5.04916976673035,5.81299787309615
RT,VP0345,Congruent,PercentRTChange,0.117290058772179,0.117519067840376,0.0237217090540052,0.0283827099244853,0.00466100087048013,2.40053068289208,2.87893369787164
RT,VP0346,Congruent,PercentRTChange,0.104750143992841,0.118068522353717,0.0109728739829922,0.0204235766647148,0.00945070268172268,1.10332967663429,2.06335650414546
RT,VP0347,Congruent,PercentRTChange,0.102827797069773,0.0807967138656693,0.0756792043922663,0.0730659511810545,-0.00261325321121186,7.86165032145723,7.5801484953637
RT,VP0348,Congruent,PercentRTChange,0.111459345615088,0.0937419030833335,0.0289546896626122,0.0247028374176701,-0.00425185224494206,2.93779519561419,2.50104805015616
RT,VP0349,Congruent,PercentRTChange,0.120146486287991,0.101920352476397,0.0648785504831144,0.0675739034811459,0.0026953529980315,6.70294263062123,6.99093266999526
RT,VP0350,Congruent,PercentRTChange,0.106809774155825,0.10821409487636,0.0847579123883935,0.0966077840932531,0.0118498717048596,8.84535336843324,10.1428291195802
RT,VP0351,Congruent,PercentRTChange,0.0699836152052209,0.0847070274090478,0.0183273479806037,0.0184730934356261,0.000145745455022425,1.8496324541486,1.86447765695863
RT,VP0352,Congruent,PercentRTChange,0.0889126857422553,0.080390916239254,0.086849775300609,0.107471255724276,0.0206214804236665,9.07328124012679,11.3458854718215
RT,VP0353,Congruent,PercentRTChange,0.10490918402381,0.108753690734999,0.0354339261254422,0.0357320939649973,0.000298167839555094,3.60691887607905,3.63781573323896
RT,VP0354,Congruent,PercentRTChange,0.019611857052601,0.0114021489780464,0.0857587311024694,0.109883715449822,0.0241249843473526,8.954342365041,11.6148272112492
RT,VP0355,Congruent,PercentRTChange,0.106584932985135,0.111501893236596,0.0220472893987851,0.00436756368947771,-0.0176797257093074,2.2292126907451,0.437711539660213
RT,VP0356,Congruent,PercentRTChange,0.100880118602977,0.108511401221861,0.0213164252849328,0.037370380998605,0.0160539557136722,2.15452432464995,3.80774338006944
RT,VP0357,Congruent,PercentRTChange,0.0686725309552752,0.12088169299496,0.0214662140367602,0.0040731176062238,-0.0173930964305364,2.16982706940299,0.408142402358358
RT,VP0358,Congruent,PercentRTChange,0.0954353513430341,0.115207365550205,0.05251064893075,0.0580369871278438,0.00552633819709382,5.39137850736946,5.97541922491911
RT,VP0359,Congruent,PercentRTChange,0.113615711272409,0.110618618015734,0.0869363168340411,0.0909074886519587,0.0039711718179176,9.0827210176023,9.51676851330241
RT,VP0360,Congruent,PercentRTChange,0.104755633945956,0.117989433366296,0.0392933200636715,0.030946346558579,-0.00834697350509245,4.00755139281892,3.14301626241011
RT,VP0361,Congruent,PercentRTChange,0.107852761618464,0.0324069818771919,0.0348773664984927,0.0343858438870672,-0.000491522611425502,3.54927149155146,3.49838718963367
RT,VP0362,Congruent,PercentRTChange,0.114351329941563,0.107290118750754,0.018785074416223,0.0276621395584148,0.00887706514219185,1.896262394445,2.80482888902704
RT,VP0363,Congruent,PercentRTChange,0.0875930124221474,0.0929783122825821,0.0638336324556659,0.0643074578713379,0.000473825415672049,6.59150503400097,6.64202276552823
RT,VP0364,Congruent,PercentRTChange,0.116731914412415,0.113913656110411,0.118932908329085,0.122806695015696,0.00387378668661104,12.629435078347,13.0665836479663
RT,VP0365,Congruent,PercentRTChange,0.0954577620742132,0.101981699698511,-0.0121653749285489,-0.000857399721002756,0.0113079752075462,-1.2091675916409,-0.0857032258890111
RT,VP0366,Congruent,PercentRTChange,0.107800722699183,0.101572742878088,0.0413852743618774,0.0513340179718716,0.00994874360999421,4.2253581784899,5.2674446751092
RT,VP0367,Congruent,PercentRTChange,0.0813561461734071,0.120352600843839,0.0555328275621336,0.0636081227042074,0.00807529514207381,5.71037186408412,6.56747032032619
RT,VP0368,Congruent,PercentRTChange,0.0826936731234195,0.0967937856851504,0.0711142177946049,0.0746552238981033,0.00354100610349838,7.37038549513838,7.75125862457777
RT,VP0369,Congruent,PercentRTChange,0.11604655314855,0.0970395146895601,0.0606213003420762,0.061895159085542,0.00127385874346576,6.24964709393547,6.38508037899925
RT,VP0370,Congruent,PercentRTChange,0.0903130274775946,0.122223048263578,0.0485686588749403,0.0552548779785098,0.00668621910356955,4.97674451977945,5.68099379324019
RT,VP0371,Congruent,PercentRTChange,0.0748422492135436,0.105250041792115,0.0604087752973465,0.0628694631092926,0.0024606878119461,6.22706878224766,6.48878230127621
RT,VP0372,Congruent,PercentRTChange,0.120592983339801,0.122148652325277,0.0421692871842899,0.0436552950699649,0.00148600788567504,4.30710423651393,4.46222063949608
RT,VP0373,Congruent,PercentRTChange,0.10744445484604,0.115038929221717,0.0299753041493588,0.0405707287541986,0.0105954246048398,3.04290863164807,4.14049643734815
RT,VP0374,Congruent,PercentRTChange,0.0320337968636179,0.123126948704118,0.0281699550457248,0.033346255822415,0.00517630077669018,2.85704803102951,3.39084740982158
RT,VP0375,Congruent,PercentRTChange,0.10921853312031,0.099966060041072,0.0976775650780586,0.0878259945304094,-0.00985157054764921,10.2607208717191,9.17981266528331
RT,VP0376,Congruent,PercentRTChange,0.000275446719302285,0.000192296867748626,0.0313636932669279,0.049111120012419,0.0177474267454911,3.18607164462248,5.03370577225657
RT,VP0377,Congruent,PercentRTChange,0.0459195413299187,0.0444742796059946,0.0164661167610992,0.0258950301116691,0.00942891335056993,1.66024304194645,2.62332192329535
RT,VP0378,Congruent,PercentRTChange,0.111764147077903,0.12657800711731,0.0353542945150868,0.0320798827074356,-0.00327441180765127,3.59866881877202,3.25999888933792
RT,VP0379,Congruent,PercentRTChange,0.1035398631123,0.0938092099112116,0.0847660499771351,0.0931107213622371,0.00834467138510196,8.8462391107593,9.75832544536748
RT,VP0380,Congruent,PercentRTChange,0.000275493907481578,0.000192518368143855,0.0412292499363978,0.0366825786957611,-0.0045466712406367,4.20909774540505,3.73636872375986
RT,VP0381,Congruent,PercentRTChange,0.0962723894804152,0.117781078225343,0.0525215267004706,0.0652024712557073,0.0126809445552367,5.39252493675066,6.7375115287259
RT,VP0382,Congruent,PercentRTChange,0.0703645995607047,0.0828783254331712,0.0577941384308782,0.0579435777465347,0.000149439315656495,5.94968635717312,5.96552058889528
RT,VP0383,Congruent,PercentRTChange,0.0758235297561795,0.0199928710831883,0.0389179310940391,0.0315678546651942,-0.00735007642884485,3.96851543256043,3.20714040793197
RT,VP0384,Congruent,PercentRTChange,0.10392737274996,0.0858824399386371,0.107347208647745,0.114748676101096,0.00740146745335098,11.3320741968869,12.1591519393403
RT,VP0385,Congruent,PercentRTChange,0.0733588338165073,0.0761728254580861,0.0395896784731681,0.0385685256888028,-0.00102115278436531,4.03837947318013,3.93219461700804
RT,VP0386,Congruent,PercentRTChange,0.106650786341289,0.127519034805034,0.0615038314811652,0.0667682060513232,0.00526437457015801,6.34345710505233,6.90476506769786
RT,VP0387,Congruent,PercentRTChange,0.091021349112523,0.0988272233637859,0.087940600815049,0.086559681982231,-0.00138091883281802,9.19232607501455,9.04164439906543
RT,VP0388,Congruent,PercentRTChange,0.105376109148768,0.111622679379464,0.0531662100606891,0.0680659936955583,0.0148997836348692,5.46049165001936,7.04359481719399
RT,VP0389,Congruent,PercentRTChange,0.119800980158074,0.106880571720561,0.0172877341080379,0.0377357096469472,0.0204479755389094,1.74380318365406,3.84567425084095
RT,VP0390,Congruent,PercentRTChange,0.000275334945671841,0.110863090821502,0.0425789821828471,0.0423041189141795,-0.000274863268667512,4.34984709060251,4.32116909199101
RT,VP0391,Congruent,PercentRTChange,0.108541588869762,0.0815746034091098,0.0317151174449885,0.0303701373584253,-0.00134498008656318,3.22234009746987,3.08360142683946
RT,VP0392,Congruent,PercentRTChange,0.107871954890787,0.0907377688799139,0.0405233148051851,0.0316309872283537,-0.00889232757683141,4.13555884221619,3.21365634492403
RT,VP0393,Congruent,PercentRTChange,0.0973597137841592,0.10756865525463,0.0288718379878022,0.0146659814595114,-0.0142058565282909,2.92926698017435,1.47740546524036
RT,VP0394,Congruent,PercentRTChange,0.0209625425633796,0.0115103320462138,0.0424980997164259,0.0521618100955303,0.00966371037910442,4.34140735891693,5.35462031336429
RT,VP0395,Congruent,PercentRTChange,0.000275966258963542,0.000195130435455402,-0.0112478365742299,-0.00565105081549113,0.00559678575873879,-1.11848161628304,-0.563511366251723
RT,VP0396,Congruent,PercentRTChange,0.082692487690988,0.0272333047235127,0.0514092669885943,0.0459805510417256,-0.00542871594686867,5.27536624485534,4.70540466484413
RT,VP0397,Congruent,PercentRTChange,0.114529406602349,0.0967912660997771,0.0170166976983297,0.040864081718629,0.0238473840202993,1.71623064527879,4.1710508420888
RT,VP0398,Congruent,PercentRTChange,0.113149973826104,0.113906186579434,0.0457728964634019,0.0498333505586339,0.004060454095232,4.68366436550469,5.10959172322474
RT,VP0399,Congruent,PercentRTChange,0.000276150097642554,0.000189490632071392,-0.00351914681677623,-0.0194676825848062,-0.01594853576803,-0.351296187698147,-1.92794109690033
RT,VP0400,Congruent,PercentRTChange,0.115050846739171,0.126817394269043,0.045710484980349,0.0490134617819188,0.00330297680156987,4.67713110663754,5.02344886725172
RT,VP0401,Congruent,PercentRTChange,0.0166156451030575,0.00406673248795144,0.107657937800934,0.147675768409589,0.0400178306086542,11.3666736932826,15.9137006593445
RT,VP0402,Congruent,PercentRTChange,0.120385248517732,0.112528892712712,0.0500631151401593,0.0452295922111177,-0.00483352292904157,5.13374495925414,4.62680473294896
RT,VP0403,Congruent,PercentRTChange,0.117392163251035,0.120015958313727,0.0423822029357797,0.0412138361404389,-0.0011683667953408,4.32931522644908,4.20749150001454
RT,VP0404,Congruent,PercentRTChange,0.0728019132216798,0.100413215542749,0.056310476224249,0.0617689681958793,0.00545849197163036,5.79260936513293,6.37165639806927
RT,VP0405,Congruent,PercentRTChange,0.107844640859706,0.0988099940934503,0.0525129177015482,0.0593664108636458,0.00685349316209764,5.39161761652263,6.11639915291595
RT,VP0406,Congruent,PercentRTChange,0.118976452703431,0.122292844251504,0.0459340014602557,0.0412571863217883,-0.00467681513846743,4.70053078551873,4.2120090115858
RT,VP0407,Congruent,PercentRTChange,0.118546076909592,0.08485075295557,0.0344772636187826,0.0256058669143001,-0.00887139670448243,3.50784941693405,2.59365132543261
RT,VP0408,Congruent,PercentRTChange,0.100945804947793,0.125051388389797,0.0506525027849831,0.0569847099221113,0.00633220713712822,5.19572775373953,5.86396235894509
RT,VP0409,Congruent,PercentRTChange,0.0865244924144161,0.112865650626385,0.0557638366985308,0.0543995055137636,-0.00136433118476721,5.73479474664256,5.59063583146797
RT,VP0410,Congruent,PercentRTChange,0.117577968264437,0.118923608059829,0.0494655688541888,0.0510915345055623,0.00162596565137349,5.07094144629525,5.24192215475452
RT,VP0411,Congruent,PercentRTChange,0.119685463460925,0.122187954754709,0.0339335911893279,0.0367088773286694,0.00277528613934153,3.45159034761213,3.73909688431346
RT,VP0412,Congruent,PercentRTChange,0.0335362044152182,0.12465064480938,0.0627850438423812,0.0631802526748488,0.000395208832467589,6.47979297578152,6.52188304708101
RT,VP0413,Congruent,PercentRTChange,0.109363425557054,0.109492171563879,0.0668951751651201,0.0713364698785209,0.00444129471340078,6.91833953272982,7.39425143909518
RT,VP0414,Congruent,PercentRTChange,0.119655714313336,0.121350193085546,0.0361546866509386,0.0332241446333557,-0.00293054201758298,3.68162157151628,3.37822300131299
RT,VP0415,Congruent,PercentRTChange,0.118305803828982,0.126244838297431,0.0403459135463982,0.0520314676479849,0.0116855541015867,4.11708670153206,5.34088902919645
RT,VP0416,Congruent,PercentRTChange,0.0671868590257288,0.117890246569281,0.0637655187184031,0.0674660168340555,0.00370049811565243,6.58424493549168,6.97939039964004
RT,VP0417,Congruent,PercentRTChange,0.10887469291461,0.122890490186372,0.0846704469546154,0.099041646326895,0.0143711993722795,8.83583357871849,10.4112280822376
RT,VP0418,Congruent,PercentRTChange,0.0750826397926559,0.082779271268219,0.0304653530408343,0.0260938840504044,-0.00437146899042989,3.09341706958863,2.64373100421171
RT,VP0419,Congruent,PercentRTChange,0.0651984128561583,0.12216572286941,0.0287393165383884,0.0403950999465036,0.0116557834081152,2.91562754830563,4.12220797216378
RT,VP0420,Congruent,PercentRTChange,0.112241585249168,0.11419384410135,0.0451743052881326,0.0439801891050988,-0.0011941161830338,4.62102039875401,4.49616530578991
RT,VP0421,Congruent,PercentRTChange,0.0982796377070208,0.102980432090529,0.0487142775167639,0.0512857980707043,0.00257152055394039,4.99203220379836,5.26236881171065
RT,VP0422,Congruent,PercentRTChange,0.11293340022757,0.110411335971984,0.0655723872442549,0.0721737633676247,0.00660137612336981,6.77700274458393,7.48420960202885
RT,VP0423,Congruent,PercentRTChange,0.120722607600453,0.122568893257656,0.0506459447178819,0.0551700261449868,0.0045240814271049,5.19503787536031,5.67202694758033
RT,VP0424,Congruent,PercentRTChange,0.0623481068982411,0.107466594205284,0.0792677480210539,0.0986949429461826,0.0194271949251287,8.24941189304615,10.3729547713194
RT,VP0425,Congruent,PercentRTChange,0.0526821471293814,0.0521770258201055,0.0792793387426969,0.0910910601485843,0.0118117214058874,8.25066658911884,9.53687451579201
RT,VP0426,Congruent,PercentRTChange,0.119079084114527,0.118548401979642,0.0405612290289642,0.0417416922289801,0.00118046320001593,4.13950713594529,4.26251257920269
RT,VP0427,Congruent,PercentRTChange,0.0680630233969459,0.122368081901266,0.0367513804627147,0.0320821772076927,-0.00466920325502199,3.74350621475861,3.26023581970374
RT,VP0428,Congruent,PercentRTChange,0.102510188465465,0.109632384998953,0.123005540359801,0.14484791184324,0.0218423714834391,13.0890686471431,15.5863763710024
RT,VP0429,Congruent,PercentRTChange,0.119641131307202,0.0864222619412353,0.0479173933110383,0.0538040936060886,0.0058867002950503,4.90839903900793,5.52778462259083
RT,VP0430,Congruent,PercentRTChange,0.0595039712653426,0.0935137299790885,0.0608287282115358,0.0729157735184634,0.0120870453069276,6.27168851778677,7.56399357320607
RT,VP0431,Congruent,PercentRTChange,0.110095986775763,0.0958874681293632,0.0337310883758872,0.0353181540160224,0.00158706564013521,3.43064323050848,3.59492477883465
RT,VP0432,Congruent,PercentRTChange,0.10940294552512,0.120897854445991,0.037994213672461,0.0474827952482923,0.00948858157583125,3.87252224567485,4.86281595789662
RT,VP0433,Congruent,PercentRTChange,0.09096042865348,0.0998569993958854,0.0462492288270225,0.0422796602525742,-0.00396956857444834,4.7335404606405,4.31861756702148
RT,VP0434,Congruent,PercentRTChange,0.0660076999320193,0.116236594456028,0.0404205705385879,0.0303254694160912,-0.0100951011224967,4.12486006022494,3.07899699731129
RT,VP0435,Congruent,PercentRTChange,0.000275362897771278,0.000194350828305333,0.0325943177202817,0.0432604422530924,0.0106661245328107,3.31313311407404,4.42098157963509
RT,VP0436,Congruent,PercentRTChange,0.119234802529063,0.12151871131072,0.077090003699296,0.083452163449963,0.00636215975066709,8.01392885495322,8.70332141303696
RT,VP0437,Congruent,PercentRTChange,0.0681118835564729,0.0415779599205838,0.0518165074768293,0.0584259177822437,0.00660941030541438,5.31824736727602,6.01664433040252
RT,VP0438,Congruent,PercentRTChange,0.0960541247167521,0.105271496168314,0.0300224139619586,0.0359017325817032,0.00587931861974461,3.04776307810857,3.65539820022889
RT,VP0439,Congruent,PercentRTChange,0.117524883465079,0.122709207181098,0.031395131507473,0.0247711537749452,-0.00662397773252774,3.18931568415695,2.50805078757386
RT,VP0440,Congruent,PercentRTChange,0.0912346298046738,0.113449553051993,0.0944115433607048,0.0977359168455428,0.00332437348483799,9.90119439301063,10.2671549673846
RT,VP0441,Congruent,PercentRTChange,0.115080155715127,0.118589916000235,0.0404523435788985,0.0534431760372561,0.0129908324583576,4.12816847615991,5.48970466339709
RT,VP0442,Congruent,PercentRTChange,0.107214149236919,0.104914220102502,0.0679668162522315,0.0671310920430298,-0.000835724209201666,7.03297903356734,6.94356634918258
RT,VP0443,Congruent,PercentRTChange,0.000276570653502222,0.124142698480988,0.0326685899728479,0.0350609486588111,0.00239235868596319,3.32080669815376,3.56828303554806
RT,VP0444,Congruent,PercentRTChange,0.107589033975745,0.000197614579166029,0.0161354808531819,-0.0221306282507686,-0.0382661091039505,1.62663607133096,-2.18875424136711
RT,VP0445,Congruent,PercentRTChange,0.0551259456153086,0.0782569347165945,0.0469125612907931,0.0521398249768122,0.0052272636860191,4.80303666506967,5.35230410499035
RT,VP0446,Congruent,PercentRTChange,0.106008619350046,0.118841580960716,0.0235775334007735,0.036198906302776,0.0126213729020025,2.38576808371886,3.68620643809396
RT,VP0447,Congruent,PercentRTChange,0.118031140627217,0.130461090839481,0.0461819864363012,0.0452255715814949,-0.000956414854806263,4.72649816376429,4.62638406816418
RT,VP0448,Congruent,PercentRTChange,0.0871808512568186,0.115805208641448,0.015177415561162,0.0188789760202019,0.00370156045903988,1.52931774466576,1.90583106617308
RT,VP0449,Congruent,PercentRTChange,0.112108751085513,0.102256497606796,0.0566687029978061,0.0565252619958645,-0.000143441001941566,5.83051389905609,5.81533455280276
RT,VP0450,Congruent,PercentRTChange,0.118090561000048,0.115490663269923,0.00933808075099441,0.0361436199492799,0.0268055391982855,0.938181665752236,3.68047416429187
RT,VP0451,Congruent,PercentRTChange,0.0935474411398162,0.10949460713511,0.0776886396097477,0.0900775371204997,0.0123888975107519,8.07860922966068,9.42591261176693
RT,VP0452,Congruent,PercentRTChange,0.121585294640581,0.0990412776621492,0.0567262600089957,0.0586332788288101,0.0019070188198144,5.83660536243031,6.03863033216572
RT,VP0453,Congruent,PercentRTChange,0.117759076977223,0.0880009847769006,0.00463248001987639,-0.00104757784236586,-0.00568005786224225,0.464322654338734,-0.104702932425316
RT,VP0454,Congruent,PercentRTChange,0.107366055914289,0.113670309778613,0.0716915528943423,0.0775679879351286,0.00587643504078629,7.43239208492508,8.06557015107576
RT,VP0455,Congruent,PercentRTChange,0.108281024870719,0.0813448014855981,0.0714134078090931,0.0813932022707955,0.00997979446170241,7.40251444842159,8.47973575028846
RT,VP0456,Congruent,PercentRTChange,0.0933640919541093,0.105422267395468,0.0826436889443168,0.0822757081191325,-0.000367980825184369,8.61547306535522,8.5755120068514
RT,VP0457,Congruent,PercentRTChange,0.113654100737605,0.0882928112705465,0.0695621684560675,0.0713156554450618,0.0017534869889943,7.20387061243479,7.39201611185831
RT,VP0458,Congruent,PercentRTChange,0.0885346333052004,0.0899772757994574,0.0721619385861939,0.0796444294499321,0.00748249086373819,7.48293863225753,8.29019511685254
RT,VP0459,Congruent,PercentRTChange,0.000275791327912332,0.00287686728059472,0.0328641395752722,0.0374740366440939,0.00460989706882161,3.34101301643011,3.81850419641629
RT,VP0460,Congruent,PercentRTChange,0.097581555832634,0.0969594056695797,0.048120908958492,0.0523520026243675,0.00423109366587555,4.92975171248957,5.37465988065395
RT,VP0461,Congruent,PercentRTChange,0.0768674711672683,0.100880354300478,0.034127886226004,0.0338316844963292,-0.00029620172967483,3.4716924309572,3.44104847530715
RT,VP0462,Congruent,PercentRTChange,0.0883781299333065,0.09655664572272,0.0871108898498663,0.090738165072223,0.00362727522235676,9.10176557946969,9.49822631187691
RT,VP0463,Congruent,PercentRTChange,0.0913198195761132,0.0629869468447398,0.0664738346914556,0.0747211902446059,0.00824735555315023,6.87329999806345,7.75836681588844
RT,VP0464,Congruent,PercentRTChange,0.111992760080427,0.129926456583485,0.0646567824837084,0.0773898980804013,0.0127331155966929,6.6792819561905,8.04632648298842
RT,VP0465,Congruent,PercentRTChange,0.0278004572863823,0.00319628037413058,0.0518569823831354,0.0570462021040099,0.00518921972087446,5.32251019973882,5.87047236513016
RT,VP0466,Congruent,PercentRTChange,0.0884291542035218,0.122367946750062,0.0768036934271705,0.0874555381909109,0.0106518447637405,7.98300778431071,9.13937380241525
RT,VP0467,Congruent,PercentRTChange,0.0961911290492199,0.117056118849584,0.0781721993479652,0.0897269619056521,0.0115547625576869,8.13088433169538,9.38755732254288
RT,VP0468,Congruent,PercentRTChange,0.0616165963143389,0.0929921974594919,0.114426685378026,0.126062527935952,0.0116358425579261,12.1230435465041,13.4353094823217
RT,VP0469,Congruent,PercentRTChange,0.073453696062473,0.0946250794028081,0.0543652806949448,0.0521221515095039,-0.00224312918544091,5.58702207292814,5.35044218094127
RT,VP0470,Congruent,PercentRTChange,0.117222984462982,0.124425115572416,0.0497163205942693,0.0491584598282863,-0.000557860765983027,5.09729147121405,5.03867816624286
RT,VP0471,Congruent,PercentRTChange,0.0780922035446881,0.125072944787686,0.0362222150881988,0.0379549987775499,0.00173278368935112,3.68862326579766,3.86844897549778
RT,VP0472,Congruent,PercentRTChange,0.118989116546769,0.124869172503601,0.0408734946156084,0.0453577244616528,0.00448422984604439,4.17203139807354,4.64021165981721
RT,VP0473,Congruent,PercentRTChange,0.0785745801142996,0.125599978621919,0.0779021259701849,0.0847224573970232,0.00682033142683831,8.10168500167987,8.84149432578043
RT,VP0474,Congruent,PercentRTChange,0.113076399579401,0.121965901834445,0.0320589213761987,0.0274456808627281,-0.00461324051347064,3.25783444498258,2.78257829810926
RT,VP0475,Congruent,PercentRTChange,0.102654233137746,0.107036384700423,0.0685371376337261,0.0679919716016771,-0.000545166032049002,7.09403964046502,7.03567151942222
RT,VP0476,Congruent,PercentRTChange,0.0925905667766046,0.123197308653942,0.0549099550461521,0.0680965046742669,0.0131865496281147,5.64454828077441,7.04686087186135
RT,VP0477,Congruent,PercentRTChange,0.105061850190075,0.113605349646716,0.0337339848549344,0.0279223007301044,-0.00581168412482998,3.4309428156333,2.83157819318045
RT,VP0478,Congruent,PercentRTChange,0.120237234160812,0.123391548398572,0.0603937697217909,0.0625660578789187,0.00217228815712779,6.22547479590037,6.45647794865245
RT,VP0479,Congruent,PercentRTChange,0.0668381808787868,0.110646896591991,0.0406409875586451,0.0499040419198506,0.00926305436120551,4.14781348116267,5.11702232597719
RT,VP0480,Congruent,PercentRTChange,0.0956326017373735,0.0989256711064456,0.0439539753690858,0.0586486452853521,0.0146946699162663,4.49342610680068,6.04025978268989
RT,VP0481,Congruent,PercentRTChange,0.00810651398625531,0.098851202558525,0.084270623739255,0.0922598234085927,0.00798919966933774,8.79232718380354,9.66497203359664
RT,VP0482,Congruent,PercentRTChange,0.114813272919874,0.118606071119765,0.0411082440684972,0.0414536852077656,0.00034544113926839,4.19648859599515,4.23248856730107
RT,VP0483,Congruent,PercentRTChange,0.0884876656388652,0.0398902228898741,0.0515564999881377,0.0242488268947813,-0.0273076730933565,5.29086739391795,2.45452205817842
RT,VP0484,Congruent,PercentRTChange,0.0869550408752084,0.118326234080974,0.0412212400432368,0.0400789653766238,-0.00114227466661301,4.20826304500863,4.08929654522556
RT,VP0485,Congruent,PercentRTChange,0.0573138500472021,0.094087356687947,0.093081887996753,0.0974837300235473,0.00440184202679426,9.75516078907905,10.2393505501041
RT,VP0486,Congruent,PercentRTChange,0.0343062797677591,0.0967340053190513,0.0128133398791207,0.00953994058524811,-0.00327339929387261,1.28957824638605,0.958559086995403
RT,VP0487,Congruent,PercentRTChange,0.109287873244212,0.10807875798379,0.0382487867228311,0.0444331895412819,0.00618440281845078,3.89896875665423,4.54351283766952
RT,VP0488,Congruent,PercentRTChange,0.108827758521728,0.103684339542983,0.108450045547757,0.104657788127439,-0.00379225742031758,11.4549230451363,11.0330577027529
RT,VP0489,Congruent,PercentRTChange,0.121757412277991,0.125580195709091,0.090221478459068,0.0975104672175569,0.00728898875848892,9.44166465776042,10.2422980804114
RT,VP0490,Congruent,PercentRTChange,0.0667297904165159,0.11980251347533,0.0805774065456678,0.0841296446986196,0.00355223815295178,8.39127453364767,8.7769908269665
RT,VP0491,Congruent,PercentRTChange,0.120527080667324,0.129500781247059,0.0337770068497582,0.0406830314384751,0.00690602458871696,3.43539271684086,4.15219235136894
RT,VP0492,Congruent,PercentRTChange,0.0455854784973549,0.0857765771447793,0.0396058135760135,0.0417335636650681,0.00212775008905463,4.04005815667563,4.26166507815007
RT,VP0493,Congruent,PercentRTChange,0.117148829080541,0.120748492560483,0.0257945824310963,0.0277997657382366,0.00200518330714033,2.61301416633928,2.81897849855031
RT,VP0494,Congruent,PercentRTChange,0.101291748637488,0.0744284131054969,0.0716902484660139,0.0744331533303433,0.00274290486432942,7.43225194716086,7.72733289809633
RT,VP0495,Congruent,PercentRTChange,0.118853511926044,0.124054746574861,0.0341203020036588,0.0341425861303797,2.22841267209645e-05,3.47090768161122,3.47321346612104
RT,VP0496,Congruent,PercentRTChange,0.082408392503141,0.119815871019984,0.0730016268063257,0.0834062214822191,0.0104045946758934,7.5732286921369,8.69832748326729
RT,VP0497,Congruent,PercentRTChange,0.114535114777858,0.118960796644676,0.0207909159031627,0.0323475107330902,0.0115565948299275,2.10085526675892,3.28763785728601
RT,VP0498,Congruent,PercentRTChange,0.000276145837174325,0.106701921907561,0.0129315105312305,0.0100111102081086,-0.00292040032312189,1.3015484091464,1.00613890140633
RT,VP0499,Congruent,PercentRTChange,0.102940892307797,0.0926097301898081,0.051920575808354,0.0559274124789784,0.00400683667062437,5.32920823188818,5.75209181286569
RT,VP0500,Congruent,PercentRTChange,0.12230092919937,0.0894641998455872,0.0194070679375605,0.0152960805378196,-0.00411098739974089,1.9596609241963,1.54136643365057
RT,VP0501,Congruent,PercentRTChange,0.0133640875615085,0.12332574221926,0.0434429668243556,0.0439665388436828,0.000523572019327206,4.44004271403857,4.49473891555183
RT,VP0502,Congruent,PercentRTChange,0.0916462832463875,0.105981602531553,0.0429532496414955,0.0456769865270789,0.00272373688558344,4.38890915205674,4.67362464338359
RT,VP0503,Congruent,PercentRTChange,0.0101863285780525,0.00322769680353633,0.0524504868612258,0.0813173751814324,0.0288668883202066,5.38503813465532,8.47151035952931
RT,VP0504,Congruent,PercentRTChange,0.0541755881931865,0.106650597014526,0.0774457862510249,0.0819333433278677,0.00448755707684276,8.05236516326198,8.53834593688665
RT,VP0505,Congruent,PercentRTChange,0.119053063971132,0.104335276799919,0.0550789588484912,0.0557744492375093,0.000695490389018096,5.6624041199401,5.73591686722745
RT,VP0506,Congruent,PercentRTChange,0.0861204537306129,0.0514235939716597,0.0627400646384616,0.0745096722998339,0.0117696076613724,6.47500370716949,7.7355763979837
RT,VP0507,Congruent,PercentRTChange,0.113099886387297,0.127746536312448,0.0594042566663168,0.083092147006547,0.0236878903402302,6.12041528921492,8.66419347364773
RT,VP0508,Congruent,PercentRTChange,0.0597562335396068,0.0673030730317694,0.07362127164782,0.086296643001679,0.012675371353859,7.63990654453905,9.01296596802297
RT,VP0509,Congruent,PercentRTChange,0.111315516902154,0.0759441399825481,0.0179400676097079,0.00587931906330417,-0.0120607485464037,1.81019572774406,0.589663618061342
RT,VP0510,Congruent,PercentRTChange,0.0553784235593311,0.0487620629093878,0.060699938518221,0.0643706480387547,0.00367070952053364,6.25800270092951,6.6487617057156
RT,VP0511,Congruent,PercentRTChange,0.119298250902817,0.108729036527683,0.0389502877024563,0.0421409978029676,0.00319071010051139,3.97187955552751,4.30415349480509
RT,VP0512,Congruent,PercentRTChange,0.12563884131198,0.109630419352966,0.0626652812696237,0.0625904879651358,-7.47933044879662e-05,6.46704144542134,6.45907872135552
RT,VP0513,Congruent,PercentRTChange,0.116272519871515,0.123018283950669,0.0774318770922425,0.0845892031501063,0.0071573260578638,8.05086225621023,8.8269917007104
RT,VP0514,Congruent,PercentRTChange,0.113348378788778,0.106218823854738,0.0523364542061811,0.0561480071010602,0.00381155289487905,5.37302148411314,5.7754227288362
RT,VP0515,Congruent,PercentRTChange,0.0709292837698983,0.0568431151400042,0.102808207556521,0.108716571748928,0.00590836419240695,10.8278829186345,11.4846326613971
RT,VP0516,Congruent,PercentRTChange,0.108523155462238,0.125689650193637,0.0339810634248052,0.0314410346551037,-0.0025400287697015,3.45650154244139,3.19405250726541
RT,VP0517,Congruent,PercentRTChange,0.0469433869468116,0.120052216697328,0.0558410047812816,0.0615583806175409,0.00571737583625923,5.74295441286206,6.34925820701773
RT,VP0518,Congruent,PercentRTChange,0.0618698647696456,0.00744732671953369,0.0958823263338922,0.110348262813315,0.0144659364794225,10.0629541260274,11.6666896302992
RT,VP0519,Congruent,PercentRTChange,0.000276004472401441,0.102538303773551,0.0643877967503185,0.0613960943979132,-0.00299170235240532,6.65059061025035,6.33200058831782
RT,VP0520,Congruent,PercentRTChange,0.113099972473189,0.102433561803998,0.0316298491571896,0.0292224700354303,-0.00240737912175932,3.21353888050484,2.96536360776385
RT,VP0521,Congruent,PercentRTChange,0.0880327549130692,0.0752284296547465,0.0221963190564764,0.0332918741443749,0.0110955550878985,2.24444901062202,3.38522499492502
RT,VP0522,Congruent,PercentRTChange,0.103588379444588,0.110712713885478,0.0342691022248912,0.0349420695511951,0.000672967326303883,3.48630532112304,3.5559716622805
RT,VP0523,Congruent,PercentRTChange,0.0824796678459894,0.122694534191181,0.0901707812979277,0.100207037233846,0.0100362559359179,9.43611641669302,10.539975329334
RT,VP0524,Congruent,PercentRTChange,0.0856370194471772,0.0905427288973226,0.0701144628012392,0.0709553847199759,0.000840921918736665,7.26309505711207,7.3533328809815
RT,VP0525,Congruent,PercentRTChange,0.118425847606131,0.121002303273134,0.0534102552981905,0.0610886948592729,0.00767843956108236,5.48623192151867,6.29931920377289
RT,VP0526,Congruent,PercentRTChange,0.102893273449542,0.0665622785785198,-0.00277482156197812,0.00157033518937824,0.00434515675135636,-0.277097530301096,0.157156881133047
RT,VP0527,Congruent,PercentRTChange,0.117294128990288,0.115750663757399,0.0581530192247075,0.0649292968760441,0.00677627765133659,5.98771648845262,6.70835755746757
RT,VP0528,Congruent,PercentRTChange,0.0985589211139642,0.124777572253244,0.0628561192740499,0.0594648607336558,-0.00339125854039409,6.48736134199053,6.12684681289544
RT,VP0529,Congruent,PercentRTChange,0.0808196966340053,0.0576654021389477,0.0412562218449545,0.0396703174562322,-0.00158590438872233,4.21190850156579,4.04676936057193
RT,VP0530,Congruent,PercentRTChange,0.106033267960721,0.0595363708255111,0.0439044294374504,0.0493576029852547,0.00545317354780436,4.48824901090752,5.05959798316673
RT,VP0531,Congruent,PercentRTChange,0.1042136343047,0.115060038987217,0.0692545848008831,0.0753747140321336,0.00612012923125055,7.17090152469808,7.82881248836187
RT,VP0532,Congruent,PercentRTChange,0.0633929767583286,0.086211720471101,-0.0033112118808972,-0.00280092525706589,0.000510286623831307,-0.330573586458793,-0.279700632564994
RT,VP0533,Congruent,PercentRTChange,0.114519692395134,0.109894730328064,0.0405486365470933,0.0341263761288236,-0.00642226041826969,4.13819576934633,3.47153617876417
RT,VP0534,Congruent,PercentRTChange,0.114055888096279,0.000193545579152654,-0.0297513501649942,-0.0461461752329355,-0.0163948250679412,-2.93131353274643,-4.50976310877832
RT,VP0535,Congruent,PercentRTChange,0.118467023226213,0.133001206941324,0.0242043930956433,0.0257579243555979,0.00155353125995458,2.4499697156642,2.60925263966445
RT,VP0536,Congruent,PercentRTChange,0.0939400394679828,0.119201534210964,0.0138784681316373,0.0246716073609151,0.0107931392292778,1.39752211468851,2.49784698659308
RT,VP0537,Congruent,PercentRTChange,0.12082640713307,0.105840125441393,0.0127367625599458,0.0175679719731051,0.00483120941315926,1.2818220590014,1.77231964535161
RT,VP0538,Congruent,PercentRTChange,0.0826522530243753,0.0870737694514271,0.0549016413450481,0.0551440448682787,0.000242403523230537,5.64366998722767,5.66928148907331
RT,VP0539,Congruent,PercentRTChange,0.0930737788442694,0.11077516312055,0.0198739594462521,0.0297855015974304,0.00991154215117823,2.00727613881562,3.02335268057505
RT,VP0540,Congruent,PercentRTChange,0.0504717101583664,0.0325526400512226,0.0708042551282055,0.059615672117145,-0.0111885830110605,7.33710984152953,6.14285315642769
RT,VP0541,Congruent,PercentRTChange,0.000274756655099619,0.116058181464302,0.0569445243813928,0.0610933618219521,0.00414883744055924,5.85970824385262,6.29981529988608
RT,VP0542,Congruent,PercentRTChange,0.0972630470486246,0.113667128769044,0.0621987479098272,0.066821925774602,0.00462317786477484,6.41738260352209,6.91050811635059
RT,VP0543,Congruent,PercentRTChange,0.112634301631657,0.118930266598742,0.0624647141434544,0.0596842099311974,-0.00278050421225703,6.44568979817772,6.15012820486542
RT,VP0544,Congruent,PercentRTChange,0.115962953806206,0.122641793623557,0.0785504848856307,0.07792762165785,-0.000622863227780698,8.17179641915067,8.10444116361173
RT,VP0545,Congruent,PercentRTChange,0.000275435331629027,0.123137713751925,0.0376704390134811,0.0502540469963149,0.0125836079828338,3.83889639909962,5.15382025676974
RT,VP0546,Congruent,PercentRTChange,0.107577641334434,0.107554943916544,0.0678790112726425,0.0725888250623473,0.00470981378970475,7.02358141761272,7.52883143998944
RT,VP0547,Congruent,PercentRTChange,0.106417344607132,0.124427816185104,0.0326260219309631,0.0295529706278699,-0.00307305130309312,3.31640862733593,2.99939934554292
RT,VP0548,Congruent,PercentRTChange,0.119893359959892,0.0840429504054021,0.0816483883946506,0.0812788585171805,-0.000369529877470021,8.50742180596977,8.46733247924343
RT,VP0549,Congruent,PercentRTChange,0.0612776678755345,0.117398129406867,-0.0375138025649549,0.0280337684374425,0.0655475710023975,-3.6818876740944,2.84304123231107
RT,VP0550,Congruent,PercentRTChange,0.0968364898615019,0.113558881433014,0.0245608670742417,0.0288545917802433,0.00429372470600165,2.48649697409777,2.92749185597923
RT,VP0551,Congruent,PercentRTChange,0.11123047290812,0.0986866156166196,0.0968403359897065,0.102821957563317,0.00598162157361082,10.1684460218868,10.8294068132546
RT,VP0552,Congruent,PercentRTChange,0.119487311518946,0.117256902691044,0.0384369271051804,0.0417959580003434,0.00335903089516296,3.91851818732281,4.26817061838962
RT,VP0553,Congruent,PercentRTChange,0.0484358838470441,0.118099814654399,0.0546148303424067,0.0511846461502311,-0.00343018419217562,5.6133745650538,5.25172185944069
RT,VP0554,Congruent,PercentRTChange,0.000275385850566173,0.000193598231230728,0.0765087233951815,0.106624024247634,0.0301153008524523,7.95116073024451,11.2515896836757
RT,VP0555,Congruent,PercentRTChange,0.118461928160537,0.124526645873053,0.0364638806695847,0.0315698245431011,-0.00489405612648355,3.71368426529084,3.20734371359794
RT,VP0556,Congruent,PercentRTChange,0.0421151583417561,0.105414402517403,0.0963741991019225,0.0957631450720902,-0.000611054029832234,10.1171044123648,10.0498374659226
RT,VP0557,Congruent,PercentRTChange,0.0861105339383294,0.109497965389173,0.0393574988769078,0.0371430644085917,-0.00221443446831607,4.0142266882389,3.78414883964415
RT,VP0558,Congruent,PercentRTChange,0.117430950889136,0.122857553059975,0.0208393140914835,0.0258923149449204,0.00505300085343689,2.10579688276149,2.6230432842423
RT,VP0559,Congruent,PercentRTChange,0.110304225591811,0.120774260222628,0.0180551891661826,0.0211216198365226,0.00306643067033992,1.821916950611,2.13462600494523
RT,VP0560,Congruent,PercentRTChange,0.0920294839490682,0.102499531514645,0.0391153882562724,0.048941732072617,0.00982634381634464,3.98904678754419,5.0159158359689
RT,VP0561,Congruent,PercentRTChange,0.101350796822902,0.058801193787725,0.0170899584899508,0.0190352710479496,0.00194531255799882,1.72368272982606,1.92175968561681
RT,VP0562,Congruent,PercentRTChange,0.0989581004284148,0.119668961349412,0.0465292617415457,0.0538934824936688,0.00736422075212302,4.76287340612744,5.5372180554828
RT,VP0563,Congruent,PercentRTChange,0.108825685441499,0.0759234501624326,0.0496421507064467,0.0507700606733553,0.00112790996690868,5.08949670596717,5.2080950682835
RT,VP0564,Congruent,PercentRTChange,0.118965906846597,0.126900943432303,0.0368980077872113,0.0392629138900753,0.00236490610286397,3.75871896278379,4.00438896923478
RT,VP0565,Congruent,PercentRTChange,0.0879282948255428,0.101698738438226,0.0225975606509448,0.0380099805460337,0.0154124198950889,2.28548196788267,3.87416000351191
RT,VP0566,Congruent,PercentRTChange,0.117851906098397,0.118707864369095,0.0397900725213783,0.04829750794094,0.00850743541956167,4.05923023432642,4.94828383619945
RT,VP0567,Congruent,PercentRTChange,0.109253901826381,0.102378921235284,0.0538481161695152,0.0571644372615832,0.00331632109206807,5.53243032843984,5.8829907171527
RT,VP0568,Congruent,PercentRTChange,0.0767956751083424,0.086649710491494,0.0418893043851685,0.0375613916584882,-0.00432791272668031,4.27790412945614,3.82757365947055
RT,VP0569,Congruent,PercentRTChange,0.0918467387915791,0.113218731885793,0.0258209569730468,0.0395599480920243,0.0137389911189775,2.61572057327604,4.03528641848387
RT,VP0570,Congruent,PercentRTChange,0.117649556319418,0.116528885029708,0.0625647141756576,0.0650875453501567,0.00252283117449915,6.45633490283197,6.72524532842285
RT,VP0571,Congruent,PercentRTChange,0.0476304111622468,0.109235167812887,0.0472977784511031,0.0550395620642225,0.00774178361311938,4.84341637022399,5.65824144299827
RT,VP0572,Congruent,PercentRTChange,0.0463184008780587,0.116723770667524,0.0306464042844461,0.0299856204750484,-0.000660783809397707,3.1120839507373,3.04397166133676
RT,VP0573,Congruent,PercentRTChange,0.120335328572025,0.124691850366755,0.0754305900263301,0.0805768404113389,0.00514625038500875,7.83483769879343,8.39121316964357
RT,VP0574,Congruent,PercentRTChange,0.0592503135865425,0.0900809108325623,0.0533441775139263,0.0559764715988976,0.00263229408497123,5.47926185532872,5.75728004468365
RT,VP0575,Congruent,PercentRTChange,0.116238491586713,0.111291223164499,0.0196002514370782,0.0204021536641908,0.000801902227112652,1.97935975098615,2.06117002422617
RT,VP0576,Congruent,PercentRTChange,0.101347474570198,0.122285837412925,0.0262185280932952,0.025526153047921,-0.000692375045374196,2.65652573119814,2.58547351476628
RT,VP0577,Congruent,PercentRTChange,0.0768862069695895,0.0696107448294522,0.0341944306277207,0.0392894241842217,0.00509499355650098,3.47857812192418,4.00714619272613
RT,VP0578,Congruent,PercentRTChange,0.109396132174811,0.121816744733212,0.0343458195973596,0.037229772328369,0.0028839527310094,3.4942448230987,3.79314813744545
RT,VP0579,Congruent,PercentRTChange,0.117155331937244,0.122556978293561,0.0545776929710355,0.0524772120962976,-0.00210048087473792,5.60945243477007,5.38785461220788
RT,VP0580,Congruent,PercentRTChange,0.0731250407623356,0.0413296687685031,0.0305092046387483,0.0279015963803749,-0.0026076082583734,3.09793797978539,2.82944915426255
RT,VP0581,Congruent,PercentRTChange,0.102250494002819,0.0906872496463036,0.108665101821872,0.113534397112198,0.00486929529032591,11.4788947031536,12.0230420921158
RT,VP0582,Congruent,PercentRTChange,0.0333640368231702,0.0275363616566642,0.0522841597636423,0.0606087601561525,0.00832460039251019,5.36751120477577,6.24831471196077
RT,VP0583,Congruent,PercentRTChange,0.0509519617859786,0.0816541553428851,0.0333462698563176,0.0405666652601447,0.00722039540382709,3.39084886079868,4.1400732639199
RT,VP0584,Congruent,PercentRTChange,0.110627440760099,0.107717356452191,0.0700733914721783,0.0755880966799768,0.00551470520779845,7.25868970970625,7.8518237408981
RT,VP0585,Congruent,PercentRTChange,0.0376725239399884,0.0324936421076846,-0.0117165149525624,-0.0136011268715783,-0.00188461191901588,-1.16481438753401,-1.35090494703507
RT,VP0586,Congruent,PercentRTChange,0.113134780250358,0.112296375746641,0.0202400854689756,0.0190434374225231,-0.00119664804645251,2.04463049490082,1.92259202028215
RT,VP0587,Congruent,PercentRTChange,0.108521488304076,0.121421882569243,0.0350177151670951,0.0340574842824475,-0.000960230884647549,3.56380551383153,3.46440807912625
RT,VP0588,Congruent,PercentRTChange,0.116493966589604,0.121330572364062,0.0693238496079998,0.0752016433824157,0.0058777937744159,7.17832495360893,7.81015210055549
RT,VP0589,Congruent,PercentRTChange,0.0792228290786904,0.109407560093312,0.041804103007717,0.0451175732297549,0.00331347022203794,4.26901988686679,4.61508520127678
RT,VP0590,Congruent,PercentRTChange,0.0337344247277265,0.123128374058908,0.0333875095381257,0.0378659965739857,0.00447848703585994,3.39511275442779,3.85920486603732
RT,VP0591,Congruent,PercentRTChange,0.122995998078186,0.103370284342743,0.0203192325438675,0.0177836345412201,-0.00253559800264738,2.05270734853835,1.79427049207226
RT,VP0592,Congruent,PercentRTChange,0.108632677987148,0.114890658060099,0.0462241064785608,0.0479230776877043,0.0016989712091435,4.73090934119149,4.9089953795584
RT,VP0593,Congruent,PercentRTChange,0.116826507562004,0.115865126711379,0.0862050865141385,0.0857444375685475,-0.000460648945590919,9.00298558065413,8.95278503358239
RT,VP0594,Congruent,PercentRTChange,0.0611283020746312,0.125002902346123,0.0379901317706305,0.0483783300341644,0.0103881982635339,3.87209824910151,4.95676631896078
RT,VP0595,Congruent,PercentRTChange,0.121176522139111,0.105914726755887,0.0546641750713872,0.0570112345189406,0.00234705944755336,5.61858615697965,5.86677039510626
RT,VP0596,Congruent,PercentRTChange,0.0551541455681604,0.0973320204492407,0.0992855562824024,0.105344381393594,0.00605882511119123,10.4381617645297,11.1093184295471
RT,VP0597,Congruent,PercentRTChange,0.117427089907699,0.115284066993268,0.0400174310815099,0.0427533578995076,0.00273592681799776,4.08289168079519,4.36804475654178
RT,VP0598,Congruent,PercentRTChange,0.0864195421953119,0.0579138987182393,0.0462102997279331,0.0474072944892034,0.00119699476127025,4.72946335762541,4.85489903456222
RT,VP0599,Congruent,PercentRTChange,0.060805725292191,0.116420954951111,0.0365521424241836,0.0372599961797069,0.000707853755523249,3.72283862102383,3.79628521353166
RT,VP0600,Congruent,PercentRTChange,0.000275860218641069,0.124639516548275,0.0366589272569321,0.0443341210970321,0.00767519384010008,3.73391523839499,4.53315638750345
RT,VP0601,Congruent,PercentRTChange,0.0346164017253359,0.126426525073353,0.0530042078748942,0.0607876350558891,0.00778342718099496,5.44340820367222,6.26732156847616
RT,VP0602,Congruent,PercentRTChange,0.104684818159332,0.125407046409156,0.0551371563604001,0.0660445871490958,0.0109074307886957,5.66855358790233,6.82743474117402
RT,VP0603,Congruent,PercentRTChange,0.114184339122708,0.121705753611407,0.0564634515167797,0.0524895737036281,-0.00397387781315158,5.80879425841099,5.38915738353614
RT,VP0604,Congruent,PercentRTChange,0.108840871992793,0.0892520852483869,0.0189950339111706,0.0244471875723191,0.00545215366114855,1.91765872833751,2.47484702236087
RT,VP0605,Congruent,PercentRTChange,0.113046265771695,0.0891690577328349,0.0518911033524545,0.044011866192819,-0.0078792371596355,5.32610396718902,4.49947549241299
RT,VP0606,Congruent,PercentRTChange,0.109491635479169,0.110801673835525,0.0395709990263052,0.0401012518386431,0.000530252812337914,4.03643611194957,4.0916163532297
RT,VP0607,Congruent,PercentRTChange,0.0615009053713995,0.126794637476909,0.0229421661463659,0.0290648776536489,0.00612271150728299,2.32073618111954,2.94913832939563
RT,VP0608,Congruent,PercentRTChange,0.0645202971201608,0.121838253700284,0.0832368293521833,0.087650546095195,0.00441371674301175,8.67991640143377,9.16065891829081
RT,VP0609,Congruent,PercentRTChange,0.117588987784322,0.11772577920908,0.0345423910249346,0.035720839990524,0.0011784489655894,3.51459083420609,3.63664940246917
RT,VP0610,Congruent,PercentRTChange,0.0619807307745094,0.114303021865814,0.0668900922387148,0.0742144663440135,0.00732437410529868,6.9177960760598,7.7037769081076
RT,VP0611,Congruent,PercentRTChange,0.0805934181420365,0.112718490567481,0.0801885107193276,0.0905949482864966,0.010406437567169,8.34912981485363,9.48254545076985
RT,VP0612,Congruent,PercentRTChange,0.0431044663018798,0.0908049855136233,0.0471858090619207,0.0524460275368785,0.00526021847495775,4.83167777412719,5.38456818963675
RT,VP0613,Congruent,PercentRTChange,0.000275717706148678,0.000192648035191209,-0.0286648085732412,-0.0300933861341737,-0.00142857756093251,-2.82578704856767,-2.96450883768146
RT,VP0614,Congruent,PercentRTChange,0.0855155112718744,0.0722962184142909,0.0764853732233995,0.0816568306827694,0.00517145745936992,7.94864008152629,8.50833786075449
RT,VP0615,Congruent,PercentRTChange,0.100528003852202,0.123145293893382,0.0549288977604079,0.0578879674468325,0.00295906968642461,5.6465494942193,5.95962797838365
RT,VP0616,Congruent,PercentRTChange,0.114179892331852,0.125398833970734,0.0496002976895923,0.0626465655637973,0.013046267874205,5.08509848553036,6.46504885823984
RT,VP0617,Congruent,PercentRTChange,0.118059956614599,0.11648367089357,0.0619833931814717,0.0512529039258441,-0.0107304892556276,6.39446758451661,5.25890635305024
RT,VP0618,Congruent,PercentRTChange,0.109676363034349,0.0492380741132567,0.00532313467051325,0.000486352927778874,-0.00483678174273438,0.533732772454409,0.0486471216539996
RT,VP0619,Congruent,PercentRTChange,0.106024551691351,0.109331621664372,0.0283741394190675,0.0169672786710457,-0.0114068607480218,2.87805197719142,1.711204052307
RT,VP0620,Congruent,PercentRTChange,0.0959681172776196,0.103957048378733,0.0275713327020813,0.024891629948034,-0.00267970275404732,2.7954939295453,2.52040130920039
RT,VP0621,Congruent,PercentRTChange,0.0492770481482311,0.0510282833910584,0.134555889999146,0.149185801277974,0.0146299112788282,14.402859697294,16.0888663769474
RT,VP0622,Congruent,PercentRTChange,0.114428474591192,0.118314398436911,0.0352462194612575,0.0361162168353518,0.000869997374094267,3.58747299206847,3.67763303537429
RT,VP0623,Congruent,PercentRTChange,0.125609225677855,0.118298120088507,0.0318513705186991,0.0299554754578901,-0.00189589506080894,3.23640541678347,3.04086544586168
RT,VP0624,Congruent,PercentRTChange,0.0985774518952714,0.0599350384028401,0.0327571877540622,0.0414472528820051,0.00869006512794294,3.32996109790424,4.23181811213609
RT,VP0625,Congruent,PercentRTChange,0.0726689907484823,0.112808567199843,0.0510102125729844,0.0583360221086908,0.00732580953570641,5.23336402624317,6.00711432111234
RT,VP0626,Congruent,PercentRTChange,0.0842567643270866,0.0942227376965469,0.0279509528567669,0.0301181473780484,0.00216719452128144,2.83452457879365,3.05762866471406
RT,VP0627,Congruent,PercentRTChange,0.113533039835164,0.097366933081775,0.00949052659935867,0.0211968571780672,0.0117063305787085,0.953570445436602,2.14231063176731
RT,VP0628,Congruent,PercentRTChange,0.0747238569708704,0.0640500180100498,0.0542835452319121,0.0624764014552533,0.00819285622334121,5.57839222147603,6.44693386941395
RT,VP0629,Congruent,PercentRTChange,0.0722610953326317,0.12572502408441,0.031095426339398,0.0337712957118127,0.00267586937241466,3.15839394688997,3.43480198473149
RT,VP0630,Congruent,PercentRTChange,0.109864389060233,0.115234986169115,0.0566249679871853,0.06293222021924,0.00630725223205466,5.82588550161895,6.49546543920028
RT,VP0631,Congruent,PercentRTChange,0.113754523908807,0.118328798115595,0.0523822036597827,0.055242587519656,0.00286038385987323,5.37784235254561,5.67969493331615
RT,VP0632,Congruent,PercentRTChange,0.076834535530539,0.106224574597545,0.0618925930183555,0.0602665846904446,-0.00162600832791092,6.38480738808562,6.21196536467561
RT,VP0633,Congruent,PercentRTChange,0.0874455279356659,0.0962484622342766,0.0260254507353598,0.0362612135365065,0.0102357628011466,2.63670699377145,3.69266704006215
RT,VP0634,Congruent,PercentRTChange,0.106185112680666,0.0658750026592787,0.0177405930744613,0.014389479749529,-0.00335111332493237,1.78988921165169,1.4493506678831
RT,VP0635,Congruent,PercentRTChange,0.0760483477611942,0.0618447971851304,0.0762679927321394,0.0848232101819115,0.00855521744977206,7.92517670344723,8.85246096189545
RT,VP0636,Congruent,PercentRTChange,0.0923611249562869,0.103784504809524,0.126186492569722,0.137211104849749,0.011024612280027,13.4493723205475,14.7070275060523
RT,VP0637,Congruent,PercentRTChange,0.124542623348565,0.118279754553589,0.0586359327411029,0.0520898765443797,-0.00654605619672319,6.0389117497637,5.34704205396384
RT,VP0638,Congruent,PercentRTChange,0.116602545632179,0.0930460570803079,0.0404607009286932,0.041863657295785,0.00140295636709183,4.12903871532377,4.27522973902352
RT,VP0639,Congruent,PercentRTChange,0.0533935987031802,0.0430736469879897,0.0481727325636687,0.0474279775029626,-0.000744755060706155,4.93518969142024,4.85706777230961
RT,VP0640,Congruent,PercentRTChange,0.0972775013479815,0.0970282135878176,0.081296308566538,0.0940263197156924,0.0127300111491544,8.46922525606333,9.8588660077862
RT,VP0641,Congruent,PercentRTChange,0.105884255264459,0.126494209261619,0.0195929924815978,0.0229769939734788,0.00338400149188104,1.97861949004057,2.32429985208642
RT,VP0642,Congruent,PercentRTChange,0.117109235953909,0.112238080936016,0.0819395958784666,0.0710420935492616,-0.010897502329205,8.53902458050815,7.36264176637096
RT,VP0643,Congruent,PercentRTChange,0.103003772981364,0.11208151420409,0.0181827514157274,0.0164989029065378,-0.00168384850918964,1.83490641185502,1.66357614409964
RT,VP0644,Congruent,PercentRTChange,0.114224105961438,0.120859929577247,0.0500479742924303,0.0518041074512126,0.00175613315878237,5.13215315728117,5.31694142640762
RT,VP0645,Congruent,PercentRTChange,0.037330081220491,0.0314376923017304,0.0772322643426871,0.0957492077907145,0.0185169434480273,8.02929607901701,10.0483036810609
RT,VP0646,Congruent,PercentRTChange,0.0247101895109017,0.0121925802740089,0.0585548793727473,0.0628482989223662,0.00429341954961882,6.0303172870994,6.48652857663123
RT,VP0647,Congruent,PercentRTChange,0.120265326165516,0.124782391536481,0.0621702589040314,0.0687607824540188,0.00659052354998737,6.41435092127733,7.11799334617609
RT,VP0648,Congruent,PercentRTChange,0.116207472315801,0.113808578381991,0.0505245625442556,0.0473865564268111,-0.00313800611744453,5.18226984792942,4.85272456967107
RT,VP0649,Congruent,PercentRTChange,0.116881722857706,0.121445960788354,0.0308802352553305,0.0367899534778441,0.00590971822251359,3.13619756858288,3.74750799177321
RT,VP0650,Congruent,PercentRTChange,0.0793188819193343,0.117257858559937,0.0457765398464692,0.0442861997013561,-0.00149034014511309,4.68404576888968,4.52814713278114
RT,VP0651,Congruent,PercentRTChange,0.118781964209714,0.127104432161631,0.0464274420672844,0.046690956903615,0.000263514836330678,4.75220702751535,4.77981442552522
RT,VP0652,Congruent,PercentRTChange,0.113183781625625,0.119659739317019,0.0181909136997511,0.0225105674096132,0.00431965370986213,1.83573762067697,2.27658420929318
RT,VP0653,Congruent,PercentRTChange,0.121502407143936,0.0806681434374488,0.00937960207696838,0.0062006874367335,-0.00317891464023488,0.942372839907346,0.621995149529675
RT,VP0654,Congruent,PercentRTChange,0.115571408691421,0.117814549981,0.0447060238743295,0.0508554103672317,0.00614938649290223,4.57203978865788,5.21707493019967
RT,VP0655,Congruent,PercentRTChange,0.118339244676209,0.118566074360587,0.0426554640908214,0.0458574504556372,0.00320198636481573,4.35782827120892,4.69251616147068
RT,VP0656,Congruent,PercentRTChange,0.0541376593916891,0.103587882457445,0.0860406538226946,0.0849701061983203,-0.00107054762437434,8.98506339989629,8.86845212927769
RT,VP0657,Congruent,PercentRTChange,0.0241935729142446,0.119652512818022,0.0674360964156726,0.0830758616567176,0.015639765241045,6.97618957940611,8.66242385365257
RT,VP0658,Congruent,PercentRTChange,0.10213704521687,0.124970095797673,0.066689154545088,0.0851772215013962,0.0184880669563082,6.89631441901819,8.89100278694839
RT,VP0659,Congruent,PercentRTChange,0.0966157146164073,0.1149269334803,0.0429687601989324,0.0431947831548436,0.000226022955911218,4.39052829478479,4.41412561722694
RT,VP0660,Congruent,PercentRTChange,0.0966346878584313,0.0631025545139908,0.0409143206947156,0.0428497531135185,0.00193543241880287,4.17628442048468,4.37810582146343
RT,VP0661,Congruent,PercentRTChange,0.120190849225103,0.105816836656632,0.0378169409948215,0.0439984522576767,0.00618151126285515,3.85411011755503,4.49807375262776
RT,VP0662,Congruent,PercentRTChange,0.0765142893530469,0.11847124400915,0.0232952656759552,0.0285997561329227,0.00530449045696757,2.35687196432091,2.90126560379893
RT,VP0663,Congruent,PercentRTChange,0.106240437870826,0.105754887406405,0.0498228782804406,0.0505642809893355,0.000741402708894862,5.10849099210302,5.18644760710425
RT,VP0664,Congruent,PercentRTChange,0.124926328954347,0.119481842397586,0.0398177898393322,0.0368304031686291,-0.00298738667070308,4.06211451706897,3.75170463126699
RT,VP0665,Congruent,PercentRTChange,0.0835517477641167,0.102755106905938,0.0682538492605154,0.0750912246946375,0.00683737543412213,7.06370544106056,7.79824850223332
RT,VP0666,Congruent,PercentRTChange,0.000276149979890232,0.000192017116498557,0.041324644639712,0.0454681318260808,0.00414348718636875,4.21903921554136,4.65176534759411
RT,VP0667,Congruent,PercentRTChange,0.114367357867695,0.114717035180024,0.0654974108616726,0.0655071848133678,9.77395169519946e-06,6.76899729128886,6.77004085141077
RT,VP0668,Congruent,PercentRTChange,0.0966978455137939,0.109117360086981,0.0432514059530823,0.0395127799008425,-0.00373862605223983,4.42003800458139,4.03037937793347
RT,VP0669,Congruent,PercentRTChange,0.104823864407415,0.113865233009469,0.0669417442668755,0.0709420707735366,0.00400032650666111,6.92331873970076,7.35190359397218
RT,VP0670,Congruent,PercentRTChange,0.11715716790285,0.119713571585784,0.0257184920636104,0.030441230673309,0.00472273860969852,2.60520660142656,3.09093024228684
RT,VP0671,Congruent,PercentRTChange,0.0904931253611046,0.122515152200319,0.0562164121621666,0.0553817762600441,-0.000834635902122439,5.78265855057212,5.69440538067909
RT,VP0672,Congruent,PercentRTChange,0.000274380355175233,0.126084171958672,0.0666541653015256,0.0653065762732065,-0.00134758902831913,6.89257426327006,6.74862401765433
RT,VP0673,Congruent,PercentRTChange,0.122768946714813,0.108705753936884,0.0767841486169562,0.0758179193283554,-0.000966229288600781,7.98089729754179,7.87661338116397
RT,VP0674,Congruent,PercentRTChange,0.115142240467763,0.122383208704924,0.0460303452620656,0.0420082986931351,-0.00402204656893047,4.71061851864361,4.2903133447926
RT,VP0675,Congruent,PercentRTChange,0.0361604735845177,0.0101567837999287,0.0265133258747138,0.0312781881498708,0.00476486227515697,2.68679310839048,3.17724908468024
RT,VP0676,Congruent,PercentRTChange,0.000274211965072441,0.115923173774409,0.0718589824567305,0.0720750587702448,0.000216076313514293,7.45038094921,7.47360093996585
RT,VP0677,Congruent,PercentRTChange,0.0945682090591985,0.0754218991527969,0.0342058980160154,0.0405094400484031,0.00630354203238772,3.47976475776348,4.13411399668837
RT,VP0678,Congruent,PercentRTChange,0.121380569840132,0.127921038562787,0.034635927944901,0.0487135986038795,0.0140776706589785,3.52427372305104,4.99196092337915
RT,VP0679,Congruent,PercentRTChange,0.114537137375294,0.120200784271827,0.0403378995412305,0.0171923961369767,-0.0231455034042538,4.11625231000461,1.73410359826722
RT,VP0680,Congruent,PercentRTChange,0.105657782204124,0.108528701977419,0.0488183027713659,0.0278662789100519,-0.020952023861314,5.00295459477196,2.82581754237377
RT,VP0681,Congruent,PercentRTChange,0.000275932473296687,0.114652803134603,0.0368727800144024,0.0436290356583746,0.00675625564397219,3.75610139441269,4.45947755906466
RT,VP0682,Congruent,PercentRTChange,0.110110090358198,0.120132557661667,0.0420204098092362,0.0363482316129809,-0.00567217819625527,4.29157642453437,3.70169056909184
RT,VP0683,Congruent,PercentRTChange,0.000276001390157443,0.111103655228095,0.0725011457086386,0.0654264920314573,-0.00707465367718134,7.51940379485467,6.76142562738766
RT,VP0684,Congruent,PercentRTChange,0.0945345152716232,0.094017856408029,0.0292550307696416,0.0116500394008471,-0.0176049913687945,2.96871629018387,1.17181654097229
RT,VP0685,Congruent,PercentRTChange,0.0852231747161969,0.122046623258879,0.0646339560492135,0.0721178344457972,0.0074838783965837,6.67684687634116,7.47819829417689
RT,VP0686,Congruent,PercentRTChange,0.100499510491748,0.12532646567724,0.0395778764206286,0.0383789606271712,-0.0011989157934574,4.03715161400511,3.91249457140914
RT,VP0687,Congruent,PercentRTChange,0.0857321767906066,0.065852193457271,0.0856986968769314,0.0960679882521946,0.0103692913752632,8.94780157181581,10.0833905222961
RT,VP0688,Congruent,PercentRTChange,0.121997210476072,0.119592861501558,0.0299521238222393,0.0292379563139231,-0.000714167508316224,3.04052009100233,2.96695817040669
RT,VP0689,Congruent,PercentRTChange,0.0758542343037581,0.103291407271388,0.0888268458683888,0.0949748646701607,0.0061480188017719,9.28914012801225,9.96312151854395
RT,VP0690,Congruent,PercentRTChange,0.0782388531039152,0.0670291708437179,0.0552031227765046,0.0703855973170516,0.015182474540547,5.67552439359449,7.29218172747688
RT,VP0691,Congruent,PercentRTChange,0.108736767744746,0.128120874228667,0.0319764086008774,0.041536628694354,0.00956022009347657,3.24931470598735,4.24113433186861
RT,VP0692,Congruent,PercentRTChange,0.118839558937571,0.123201160746025,0.0426733557789995,0.0531952167825706,0.0105218610035711,4.3596954256345,5.46355075753726
RT,VP0693,Congruent,PercentRTChange,0.103767801571348,0.0748059084338185,0.04426867897547,0.0378302970120633,-0.0064383819634067,4.52631573981155,3.85549720410334
RT,VP0694,Congruent,PercentRTChange,0.117930634589486,0.113164317566987,0.0350322670512128,0.0377512941696154,0.00271902711840265,3.56531257329342,3.84729264871626
RT,VP0695,Congruent,PercentRTChange,0.113896176121306,0.0945691479402995,0.0303806701793991,0.0286336214218056,-0.00174704875759352,3.08468719367669,2.90475044389225
RT,VP0696,Congruent,PercentRTChange,0.0299089744209795,0.100527919598038,0.0493610571825283,0.0488946975885357,-0.000466359593992535,5.0599608803704,5.01097658270575
RT,VP0697,Congruent,PercentRTChange,0.115236556138229,0.117598812722983,0.00161692068015176,-0.000705733619056459,-0.00232265429920821,0.161822860123451,-0.0705484647658516
RT,VP0698,Congruent,PercentRTChange,0.090789143675582,0.107512319348525,0.0606105790477045,0.0682940861255061,0.00768350707780164,6.24850796629857,7.06801343559134
RT,VP0699,Congruent,PercentRTChange,0.0970230605438726,0.0641666866553256,0.045359817741283,0.0424657103068554,-0.00289410743442756,4.64043070127003,4.33802785706914
RT,VP0700,Congruent,PercentRTChange,0.122902929894916,0.122259890436235,0.0272851755257565,0.0266097133921909,-0.000675462133565691,2.76608246961438,2.69669131047978
RT,VP0701,Congruent,PercentRTChange,0.0725584075420291,0.126439885653147,0.0404339411902261,0.0447834194658329,0.00434947827560682,4.12625228676313,4.58013351673745
RT,VP0702,Congruent,PercentRTChange,0.118130519388487,0.128160984362798,0.0369385258850669,0.0320730145224031,-0.00486551136266382,3.76292315388442,3.25928968299456
RT,VP0703,Congruent,PercentRTChange,0.12081849224939,0.121720447551892,0.0358319909873472,0.0327360046616891,-0.00309598632565811,3.64816935957317,3.32777227297651
RT,VP0704,Congruent,PercentRTChange,0.00027598398268584,0.116789478594397,0.0371183599164751,0.039178455728368,0.00206009581189295,3.78158493662741,3.99560532066359
RT,VP0705,Congruent,PercentRTChange,0.0294351271938351,0.0194025859361887,0.0726187168406755,0.0963666442447873,0.0237479274041118,7.53204571602271,10.1162724965154
RT,VP0706,Congruent,PercentRTChange,0.0982171615436074,0.0979480580617337,0.0448655682903756,0.0612867299395728,0.0164211616491972,4.58872500466185,6.3203722825425
RT,VP0707,Congruent,PercentRTChange,0.116426689517889,0.0644144836568796,0.0783270231633119,0.086174895916215,0.00784787275290318,8.14762686380233,8.99969476502012
RT,VP0708,Congruent,PercentRTChange,0.120642759966349,0.124024686544245,0.0279061520229781,0.0260777045777819,-0.0018284474451962,2.82991760954905,2.64207029621077
RT,VP0709,Congruent,PercentRTChange,0.0862882350440328,0.074914721660021,0.0615725974329244,0.0667642378430239,0.00519164041009953,6.35077016553542,6.90434084816358
RT,VP0710,Congruent,PercentRTChange,0.000276060057850325,0.000194037730807039,0.0156766116367508,0.032786180220998,0.0171095685842472,1.58001343413297,3.33295693181295
RT,VP0711,Congruent,PercentRTChange,0.0998513070601444,0.104002444594975,0.0410547828786471,0.0417219531517859,0.000667170273138819,4.19091827663589,4.26045455373028
RT,VP0712,Congruent,PercentRTChange,0.125819673659554,0.129683920510653,0.0377474890386412,0.0415673065518221,0.00381981751318084,3.8468974969182,4.24433227558274
RT,VP0713,Congruent,PercentRTChange,0.0579687311277755,0.127407445357932,0.0589214767973664,0.0625085681450137,0.00358709134764731,6.06919485412096,6.45035796998237
RT,VP0714,Congruent,PercentRTChange,0.0543714326613836,0.0511183112927947,0.065012646750764,0.0690719371897115,0.00405929043894751,6.71725205637408,7.15132880305733
RT,VP0715,Congruent,PercentRTChange,0.0845324060314604,0.114372506647878,0.0126348925885118,0.0170933809410094,0.00445848835249762,1.27150500818922,1.72403087474746
RT,VP0716,Congruent,PercentRTChange,0.054465793083904,0.090534483783258,0.0990208438982849,0.104669398677808,0.00564855477952338,10.4089312844372,11.034346865146
RT,VP0717,Congruent,PercentRTChange,0.0847468529167134,0.0862370116813299,0.074325443029168,0.079513574821741,0.00518813179257294,7.71573017950244,8.27602577071627
RT,VP0718,Congruent,PercentRTChange,0.111832166153148,0.0952147561314381,0.071094815204348,0.0783789863269698,0.00728417112262177,7.36830225175311,8.1532467026473
RT,VP0719,Congruent,PercentRTChange,0.0965907673608553,0.113513256900076,0.0288565386795102,0.0305837174976155,0.00172717881810534,2.92769224563274,3.10562038810314
RT,VP0720,Congruent,PercentRTChange,0.0900175389023844,0.0818013122383515,0.0466009845853611,0.0448761870472187,-0.00172479753814236,4.77038756679966,4.58983561279784
RT,VP0721,Congruent,PercentRTChange,0.0917878595228076,0.066934220444316,0.0346585569908825,0.0231932057159209,-0.0114653512749616,3.52661640510754,2.34642595912748
RT,VP0722,Congruent,PercentRTChange,0.0935183096248249,0.118427699869433,0.037053349863418,0.0454671243605464,0.0084137744971284,3.77483830958598,4.65165991460053
RT,VP0723,Congruent,PercentRTChange,0.123312935811921,0.127858107630316,0.0262369867009697,0.0246216937770895,-0.00161529292388024,2.65842064522055,2.49273107939325
RT,VP0724,Congruent,PercentRTChange,0.118213935880805,0.118910385190908,0.0415266934362312,0.0356058159252151,-0.00592087751101612,4.24009867443678,3.62472937929781
RT,VP0725,Congruent,PercentRTChange,0.114599317965074,0.106784023747873,0.0104216796839988,0.0235007513406025,0.0130790716566037,1.04761745324777,2.37790699531235
RT,VP0726,Congruent,PercentRTChange,0.0969517383455085,0.107539818915698,0.0175552086495762,0.0302093147087111,0.0126541060591349,1.77102070059914,3.0670245819177
RT,VP0727,Congruent,PercentRTChange,0.0877898970369489,0.122955611452239,0.0330741509310231,0.0269781702220646,-0.00609598070895854,3.36271808175366,2.73453757972859
RT,VP0728,Congruent,PercentRTChange,0.046842881147246,0.11789891720369,0.0318758552963977,0.0158833199965019,-0.0159925352998958,3.2389331681661,1.60101304241593
RT,VP0729,Congruent,PercentRTChange,0.115785883659689,0.120095871757837,0.0395831248338015,0.0511940834784411,0.0116109586446397,4.03769764539499,5.25271515917158
RT,VP0730,Congruent,PercentRTChange,0.0325545071180612,0.0291453579664483,0.0544517003587281,0.0642888581635934,0.00983715780486533,5.59614726216777,6.64003927351777
RT,VP0731,Congruent,PercentRTChange,0.00577836919332329,0.119704042209056,0.0424271205938399,0.0537429537991178,0.0113158332052779,4.33400156020485,5.52133287144037
RT,VP0732,Congruent,PercentRTChange,0.119773461112316,0.126309050874497,0.0348946667736887,0.039187592902892,0.00429292612920327,3.55106293794083,3.99655555100034
RT,VP0733,Congruent,PercentRTChange,0.11091226382115,0.115679075478325,0.0347251648846111,0.0194552578084677,-0.0152699070761434,3.53351232462993,1.96457446548448
RT,VP0734,Congruent,PercentRTChange,0.0920411028557124,0.121030428967265,0.0505985079042239,0.0483699052102632,-0.00222860269396064,5.19004787630661,4.95588208041209
RT,VP0735,Congruent,PercentRTChange,0.107738838317305,0.130194058534504,0.0714603364945774,0.071295073494452,-0.000165263000125371,7.40755482551059,7.3898057974332
RT,VP0736,Congruent,PercentRTChange,0.118898838140896,0.131258693857171,0.0470900797691729,0.0498012942163758,0.00271121444720289,4.82164279208483,5.10622234818305
RT,VP0737,Congruent,PercentRTChange,0.0596985106124061,0.102730288698402,0.0609451494754119,0.0623024193865952,0.00135726991118333,6.2840615223047,6.42841562262519
RT,VP0738,Congruent,PercentRTChange,0.0111137176984845,0.000189926887298176,0.0442874727016905,0.0456651672202254,0.00137769451853492,4.52828019723208,4.67238748100569
RT,VP0739,Congruent,PercentRTChange,0.106924459013482,0.119678928205837,0.0236510978965532,0.0275506730289868,0.00389957513243358,2.39330031817209,2.79337023018267
RT,VP0740,Congruent,PercentRTChange,0.0502634127404015,0.0516710705964176,0.0326643086918558,0.0394096400695676,0.00674533137771174,3.32036435369485,4.0196502554664
RT,VP0741,Congruent,PercentRTChange,0.0749115633394322,0.102293733088133,0.0339188011824351,0.0316956889909958,-0.00222311219143933,3.45006030919248,3.22033466646554
RT,VP0742,Congruent,PercentRTChange,0.119079066978866,0.0941053895138766,0.0649858943387429,0.0565985578264885,-0.00838733651225436,6.71439715066529,5.82309065988325
RT,VP0743,Congruent,PercentRTChange,0.0490281992937371,0.0451271065106507,0.0421503717366689,0.0459871420429678,0.00383677030629892,4.30513123960736,4.7060947805706
RT,VP0744,Congruent,PercentRTChange,0.0243437550632942,0.00341503868086852,0.0532520205829471,0.0782005071483916,0.0249484865654445,5.46954165817284,8.13394532251372
RT,VP0745,Congruent,PercentRTChange,0.114408048125055,0.124037028644472,0.0306908675345092,0.0373741577273318,0.00668329019282262,3.11666875103733,3.80813543449627
RT,VP0746,Congruent,PercentRTChange,0.062815671629304,0.119872130427029,0.029359348321556,0.0363567383069377,0.00699738998538169,2.9794582948711,3.70257273138845
RT,VP0747,Congruent,PercentRTChange,0.120164244003077,0.126153887972332,0.0455715494595215,0.0388005033362891,-0.00677104612323235,4.66258874515719,3.95630735971393
RT,VP0748,Congruent,PercentRTChange,0.100279240825758,0.107499058156879,0.0434930197180765,0.042577225443834,-0.000915794274242501,4.44527037122533,4.34966377531616
RT,VP0749,Congruent,PercentRTChange,0.103654198703593,0.100278865469023,0.0513444148084146,0.0535710439322816,0.00222662912386698,5.26853912921421,5.50319427230481
RT,VP0750,Congruent,PercentRTChange,0.0877373108500648,0.0809164463112772,0.0482690859638845,0.0524288545334864,0.00415976856960196,4.94530104087292,5.38275843562925
RT,VP0751,Congruent,PercentRTChange,0.0553759144214437,0.0501410863858784,0.0415003962719857,0.0482338695181385,0.0067334732461528,4.2373574914838,4.94160530544823
RT,VP0752,Congruent,PercentRTChange,0.117820264396922,0.0966942503445866,0.0532998913423925,0.0509122197330191,-0.00238767160937346,5.47459068607981,5.22305241528342
RT,VP0753,Congruent,PercentRTChange,0.11451549275311,0.0939102049609254,0.0561225523796718,0.0532071477381579,-0.00291540464151394,5.77273027918881,5.4648090459837
RT,VP0754,Congruent,PercentRTChange,0.0988512674155217,0.087500686386657,0.0574788096337716,0.0565861748872133,-0.000892634746558263,5.91628263687456,5.82178026709097
RT,VP0755,Congruent,PercentRTChange,0.0874750653874997,0.116798947877004,0.0843624764994245,0.0856985160954775,0.001336039596053,8.80232051829129,8.94778187607561
RT,VP0756,Congruent,PercentRTChange,0.0318054458506658,0.0264534824812218,0.0196768129507292,0.0421817605727538,0.0225049476220246,1.98716774402192,4.30840530765899
RT,VP0757,Congruent,PercentRTChange,0.00027522581292088,0.122956268559156,0.0682999950955032,0.079395233528404,0.0110952384329008,7.06864609913955,8.26321300394381
RT,VP0758,Congruent,PercentRTChange,0.114094794539873,0.122182235573794,0.0904723824291633,0.0936560744643879,0.00318369203522456,9.46912745103477,9.81819881321551
RT,VP0759,Congruent,PercentRTChange,0.117614757271696,0.118714494076645,0.0638570500996658,0.0657756450826568,0.00191859498299103,6.59400118514615,6.7987082131814
RT,VP0760,Congruent,PercentRTChange,0.047815764273776,0.0997817788189859,0.0980070871080916,0.103518251405497,0.00551116429740571,10.2970601952686,10.9066035194278
RT,VP0761,Congruent,PercentRTChange,0.104478620914031,0.0515594118146912,0.0237842107965082,0.0271577991083378,0.00337358831182961,2.40693109450936,2.75299332783894
RT,VP0762,Congruent,PercentRTChange,0.112889796481379,0.121045430276095,0.0531808397827811,0.0573276668965176,0.00414682711373646,5.46203451898972,5.9002753697186
RT,VP0763,Congruent,PercentRTChange,0.0613958620889972,0.0984185536989585,0.0688919443966566,0.0685773958830224,-0.000314548513634175,7.13204407171493,7.09835114579724
RT,VP0764,Congruent,PercentRTChange,0.0980288722193329,0.122904174534924,0.0401384055416258,0.0454409181564587,0.00530251261483292,4.09548381407148,4.64891742777793
RT,VP0765,Congruent,PercentRTChange,0.000276475657120594,0.000194991896743614,0.0250735492258403,0.0347813098371062,0.00970776061126584,2.5390534431069,3.53932537194614
RT,VP0766,Congruent,PercentRTChange,0.0429347217244869,0.0115812339263635,0.00102175684584285,0.000502580200190437,-0.000519176645652414,0.102227901719787,0.050270651477935
RT,VP0767,Congruent,PercentRTChange,0.100234527866365,0.0713214088797267,0.122494872251516,0.134254690337142,0.0117598180856257,13.0313324096717,14.3684067834843
RT,VP0768,Congruent,PercentRTChange,0.101092876552707,0.112747497253957,0.0615811504060745,0.0635850691908934,0.00200391878481887,6.3516797847071,6.56501359404851
RT,VP0769,Congruent,PercentRTChange,0.000276117586257382,0.121188569946495,0.0262810216630236,0.0304004671315174,0.0041194454684938,2.66294130441096,3.08672797649379
RT,VP0770,Congruent,PercentRTChange,0.000276020276593894,0.000193286970237744,0.0326858560088598,0.0415146459366643,0.00882878992780449,3.32259065432385,4.23884284945792
RT,VP0771,Congruent,PercentRTChange,0.108810160408915,0.123278843639352,0.0630524525300962,0.0652032993679399,0.00215084683784372,6.50827040487563,6.73759991940148
RT,VP0772,Congruent,PercentRTChange,0.118016653786414,0.122970020032066,0.0649758566882725,0.0836647351899071,0.0186888785016346,6.7133259942225,8.72643112335607
RT,VP0773,Congruent,PercentRTChange,0.109372066770763,0.119346733318967,0.0385623409249737,0.0427307805228297,0.00416843959785607,3.93155182291787,4.36568842648215
RT,VP0774,Congruent,PercentRTChange,0.115195547406934,0.110200769407138,0.0162934750451245,0.0172531949282705,0.000959719883146051,1.64269375805413,1.74028909683286
RT,VP0775,Congruent,PercentRTChange,0.115041721793287,0.115186697289596,0.0127798221144911,0.0156043715725763,0.00282454945808529,1.28618330303873,1.57267555249134
RT,VP0776,Congruent,PercentRTChange,0.029584510385807,0.0758611045514688,0.141618681107307,0.150746570156484,0.00912788904917708,15.2137233069675,16.2701957365308
RT,VP0777,Congruent,PercentRTChange,0.113925772114668,0.118522761786084,0.041287552658566,0.0408761764465007,-0.000411376212065315,4.21517359659591,4.17231077022007
RT,VP0778,Congruent,PercentRTChange,0.120243414436707,0.102240226838963,0.037239645898543,0.039225282564581,0.00198563666603801,3.79417295143645,4.00047521986091
RT,VP0779,Congruent,PercentRTChange,0.120896525147242,0.0587707902457047,0.072086017108922,0.0604163461096662,-0.0116696709992558,7.47477867853683,6.22787301049301
RT,VP0780,Congruent,PercentRTChange,0.0515508538719009,0.0653345681801462,0.0596979621391676,0.0662299519690873,0.00653198982991963,6.15158801354234,6.84723862479992
RT,VP0781,Congruent,PercentRTChange,0.0956509884674568,0.121830682531628,0.0421615133801077,0.045500434194276,0.00333892081416836,4.30629337666253,4.65514590205032
RT,VP0782,Congruent,PercentRTChange,0.115794787126513,0.112053469137281,0.0529406025727618,0.0519370947246797,-0.00100350784808209,5.43670165712378,5.33094817063653
RT,VP0783,Congruent,PercentRTChange,0.0797873957336688,0.120773461919121,0.0649864282610385,0.0769502946268405,0.011963866365802,6.71445412787639,7.99883938323322
RT,VP0784,Congruent,PercentRTChange,0.110707217648065,0.115029448593409,0.0740326369177288,0.0732300127042504,-0.000802624213478334,7.68419497248372,7.59779970629419
RT,VP0785,Congruent,PercentRTChange,0.107440788809402,0.0900577568555663,0.0658844701278004,0.061498163145097,-0.00438630698270345,6.81033121984962,6.34285431630721
RT,VP0786,Congruent,PercentRTChange,0.125888537713059,0.123099646899881,0.0874803361630574,0.0945791590893635,0.00709882292630606,9.14208027112422,9.91961710571434
RT,VP0787,Congruent,PercentRTChange,0.0541013388639971,0.118471804574493,0.0035137818150913,0.0172845824874092,0.0137708006723179,0.351996238334928,1.7434825262904
RT,VP0788,Congruent,PercentRTChange,0.09893691979351,0.0981928262083066,0.0923993710213537,0.0993154523224177,0.00691608130106408,9.6802765864795,10.4414634775869
RT,VP0789,Congruent,PercentRTChange,0.000275759934868499,0.115308118133262,0.0204394831561221,0.035248310375725,0.0148088272196029,2.06497998696062,3.58768958484084
RT,VP0790,Congruent,PercentRTChange,0.112284882977708,0.123588126941182,0.0696972079998918,0.0679468433412845,-0.0017503646586073,7.21834835173014,7.03084129475722
RT,VP0791,Congruent,PercentRTChange,0.000274729910771472,0.000183567383733696,0.0306470766306825,0.0324055845136908,0.00175850788300829,3.11215327778218,3.29363633508115
RT,VP0792,Congruent,PercentRTChange,0.000275599981372528,0.0992667998171318,0.0815273795047049,0.0997529686665397,0.0182255891618347,8.49429223771945,10.4897939948517
RT,VP0793,Congruent,PercentRTChange,0.119803584415508,0.123798711533761,0.0719064386488789,0.0693576283614733,-0.00254881028740558,7.45548025613063,7.18194536497139
RT,VP0794,Congruent,PercentRTChange,0.120482559913157,0.0991028113110737,0.0646087035592332,0.0617122634312724,-0.00289644012796073,6.67415305434729,6.36562478934446
RT,VP0795,Congruent,PercentRTChange,0.111154802565539,0.0945298819090958,0.0422678197250094,0.0384809661779954,-0.00378685354701394,4.31738238686727,3.92309476328543
RT,VP0796,Congruent,PercentRTChange,0.0664258416967158,0.102724150061303,0.0620649165251091,0.0659104978833388,0.00384558135822965,6.40314157082003,6.81311128921891
RT,VP0797,Congruent,PercentRTChange,0.0994106222109402,0.11213358644746,0.0740359199459596,0.076897168691435,0.00286124874547547,7.68454850331615,7.99310199627166
RT,VP0798,Congruent,PercentRTChange,0.0984228766012078,0.114927726081251,0.0344326187367927,0.0410484780559721,0.00661585931917935,3.50322842436441,4.19026137344263
RT,VP0799,Congruent,PercentRTChange,0.0399374299040626,0.122924641601491,0.0725958824294808,0.0720075024283786,-0.000588380001102187,7.52959031310816,7.46634066188085
RT,VP0800,Congruent,PercentRTChange,0.0163124246724125,0.123092224677046,0.0295420173950499,0.0354378319409209,0.00589581454587097,2.99827117532014,3.60732354637678
RT,VP0801,Congruent,PercentRTChange,0.111322023281862,0.127660696290747,0.0474675444578134,0.0520986229836612,0.00463107852584774,4.86121672925621,5.34796346950019
RT,VP0802,Congruent,PercentRTChange,0.112082809487395,0.107408338948386,0.080684548163379,0.0873406886670615,0.00665614050368249,8.40288837229861,9.12683991706997
RT,VP0803,Congruent,PercentRTChange,0.111140427154875,0.0820404571096058,0.039096752138183,0.0422968263745945,0.00320007423641142,3.98710885344609,4.32040832850979
RT,VP0804,Congruent,PercentRTChange,0.000275843975347286,0.000200187426353416,0.0592395188824083,0.075706750536351,0.0164672316539427,6.10293468707008,7.86462153494074
RT,VP0805,Congruent,PercentRTChange,0.118396291072064,0.127532441720475,0.02237430674303,0.0255382343732676,0.00316392763023762,2.26264888319292,2.58671289073429
RT,VP0806,Congruent,PercentRTChange,0.0583158000247445,0.111679663813111,0.0599921720837015,0.0664435447595186,0.00645137267581713,6.18282346102832,6.87006286210718
RT,VP0807,Congruent,PercentRTChange,0.0899735442707032,0.124352938498599,0.0433389567426723,0.0354246295249436,-0.00791432721772864,4.42918046156655,3.60595568842257
RT,VP0808,Congruent,PercentRTChange,0.104583225433582,0.123588972724603,0.0229471619694629,0.0306301658685307,0.00768300389906778,2.32124735869352,3.11040958742674
RT,VP0809,Congruent,PercentRTChange,0.0651088017734856,0.0986659628744995,0.0271775879866089,0.0275750462863414,0.000397458299732527,2.75502671443504,2.79587566998238
RT,VP0810,Congruent,PercentRTChange,0.113969680791567,0.116429621346176,0.0690195227245202,0.0738317842086777,0.0048122614841575,7.14571267064816,7.66256848214382
RT,VP0811,Congruent,PercentRTChange,0.112435279715491,0.121377569146202,0.0437482543055006,0.0432938867814381,-0.000454367524062443,4.471931819034,4.4244739485134
RT,VP0812,Congruent,PercentRTChange,0.126939692069202,0.00749730937385667,0.00713365154518032,-0.00841723136409104,-0.0155508829092714,0.715915664946909,-0.838190565654096
RT,VP0813,Congruent,PercentRTChange,0.0833563017042399,0.110269834659133,0.0108400635535904,0.0116460055377694,0.000805941984179012,1.08990299162763,1.17140842854018
RT,VP0814,Congruent,PercentRTChange,0.108317898807766,0.117010657085354,0.0620991477589742,0.0612198939457256,-0.00087925381324859,6.4067839439842,6.31326649225872
RT,VP0815,Congruent,PercentRTChange,0.114063769796887,0.122837270504364,0.0272586290419734,0.0379088225114403,0.0106501934694668,2.76335442768276,3.86365282909242
RT,VP0816,Congruent,PercentRTChange,0.117727621431335,0.108636570610463,0.058007204217962,0.067843628522732,0.00983642430477005,5.97226301555942,7.01979469598961
RT,VP0817,Congruent,PercentRTChange,0.10639630008174,0.11365313718301,0.0831120348464388,0.0783279698478163,-0.00478406499862248,8.66635459121943,8.14772924553333
RT,VP0818,Congruent,PercentRTChange,0.105996054567476,0.111981039843163,0.025020198191822,0.0309392959163943,0.00591909772457237,2.53358302450599,3.14228904047229
RT,VP0819,Congruent,PercentRTChange,0.0723675354685954,0.0890463021031759,-0.0155373606252424,0.00153427625020945,0.0170716368754519,-1.54172785614998,0.153545385419496
RT,VP0820,Congruent,PercentRTChange,0.0874576208814698,0.0914793446463603,0.0360128597540672,0.0398140722178708,0.00380121246380359,3.66691777158799,4.06172765423785
RT,VP0821,Congruent,PercentRTChange,0.110794035306041,0.116607867108664,0.0297776660757685,0.0299631610761076,0.000185495000339111,3.02254544202603,3.04165738165756
RT,VP0822,Congruent,PercentRTChange,0.0403684273404548,0.117436430962287,0.0399552322480382,0.0427209978576142,0.00276576560957604,4.07641804767658,4.3646674568862
RT,VP0823,Congruent,PercentRTChange,0.0800556091116225,0.106442181166905,0.0607639395399476,0.0660667222252,0.0053027826852524,6.26480353929697,6.82979940074291
RT,VP0824,Congruent,PercentRTChange,0.109126011992536,0.0927759224764067,0.079759188267518,0.0807775143909636,0.00101832612344561,8.30262308469612,8.41296664835225
RT,VP0825,Congruent,PercentRTChange,0.114976018298056,0.0905611735250579,0.04100796331158,0.0208428464024876,-0.0201651169090924,4.18604021714506,2.10615755282841
RT,VP0826,Congruent,PercentRTChange,0.111193916668194,0.112015047504903,0.0370941825367198,0.0364064530353587,-0.00068772950136111,3.77907580016907,3.70772840478375
RT,VP0827,Congruent,PercentRTChange,0.0621662338969442,0.120890805653971,0.0501462945324014,0.0605714199819326,0.0104251254495313,5.14249028397435,6.24434745544835
RT,VP0828,Congruent,PercentRTChange,0.00027617713950861,0.00018310996544422,0.0436398451521789,0.0541314943409081,0.0104916491887292,4.46060671924295,5.56234015326456
RT,VP0829,Congruent,PercentRTChange,0.119700493547678,0.115739382934625,0.0421161091602339,0.0377992567278995,-0.00431685243233432,4.30155753829817,3.85227354999
RT,VP0830,Congruent,PercentRTChange,0.0946249676411049,0.10524774958804,0.0217402216674962,0.02055292193988,-0.00118729972761622,2.19782621746589,2.07655877088377
RT,VP0831,Congruent,PercentRTChange,0.0277168076104444,0.115122414367724,0.0671971922822494,0.078382648980346,0.0111854566980966,6.95063557813753,8.15364283122693
RT,VP0832,Congruent,PercentRTChange,0.0748385490167087,0.0683372391570655,0.0512984882354889,0.0581163603856589,0.00681787215017001,5.26370461699226,5.98383117302876
RT,VP0833,Congruent,PercentRTChange,0.0556168391573114,0.10073321661489,0.0562826173094329,0.0657434646645381,0.00946084735510524,5.78966213889391,6.79527144139525
RT,VP0834,Congruent,PercentRTChange,0.119903644328486,0.0766024209860647,0.044605947449523,0.0414398204290476,-0.0031661270204754,4.56157511642334,4.23104341693024
RT,VP0836,Congruent,PercentRTChange,0.000276377019428683,0.100130719083471,0.0559006851588507,0.0624624827783357,0.00656179761948503,5.74926538062528,6.44545227924347
RT,VP0837,Congruent,PercentRTChange,0.124666534981723,0.110640111041389,0.0212593627767853,0.0165223950329932,-0.00473696774379215,2.14869529758441,1.66596446573959
RT,VP0838,Congruent,PercentRTChange,0.0716706088770424,0.101496006103536,0.0286279855345725,0.0443270917114924,0.0156991061769199,2.90417048595728,4.53242158622811
RT,VP0839,Congruent,PercentRTChange,0.0674393270815554,0.110447594909172,0.0658176582838535,0.0680150040619316,0.00219734577807802,6.80319526305413,7.03813684266341
RT,VP0840,Congruent,PercentRTChange,0.10966617135541,0.113422434796864,0.0191470691415416,0.0187192200508762,-0.000427849090665389,1.93315498101947,1.88955230170069
RT,VP0841,Congruent,PercentRTChange,0.0751754661722051,0.0665189926665754,0.0516815211973711,0.0507574118521185,-0.000924109345252583,5.30403180837913,5.20676431831253
RT,VP0842,Congruent,PercentRTChange,0.101055630325394,0.105512989880476,0.0525590766732707,0.0516829484333015,-0.000876128239969208,5.39648249749807,5.3041821021842
RT,VP0843,Congruent,PercentRTChange,0.109713665573006,0.119813543571451,0.0300675395556308,0.0286825423041882,-0.00138499725144253,3.05241327451471,2.90978475822588
RT,VP0844,Congruent,PercentRTChange,0.117519033994175,0.103128509405733,0.0285568560971441,0.0387255045815363,0.0101686484843922,2.89685123051193,3.94851105847334
RT,VP0845,Congruent,PercentRTChange,0.0442390005598519,0.120401654948148,0.0656524373222868,0.0757500352900544,0.0100975979677676,6.78555059410908,7.8692905295646
RT,VP0846,Congruent,PercentRTChange,0.0620338857149737,0.0974498571978496,0.0525431222183732,0.0539405205648711,0.0013973983464979,5.39480096748568,5.5421824394168
RT,VP0847,Congruent,PercentRTChange,0.108468906754134,0.101998431417456,0.100384544014903,0.10128583882767,0.000901294812767045,10.5595986661191,10.6592903779613
RT,VP0848,Congruent,PercentRTChange,0.0402251130676526,0.101240256905644,0.0402312808557669,0.0440436852190224,0.00381240436325555,4.10515216379994,4.50280061686275
RT,VP0849,Congruent,PercentRTChange,0.111437144832309,0.112228045433357,0.0256614879134663,0.0184762031260861,-0.00718528478738025,2.59935784552714,1.86479442444552
RT,VP0850,Congruent,PercentRTChange,0.0645709287203586,0.122252904022451,0.043313969299681,0.0500306885203266,0.00671671922064566,4.42657107597422,5.1303358825475
RT,VP0851,Congruent,PercentRTChange,0.0848139312849655,0.0974166650578852,0.0687965805727537,0.0621458205357844,-0.0066507600369693,7.12182803745751,6.41175035995962
RT,VP0852,Congruent,PercentRTChange,0.0577251482904115,0.0885881312387105,0.0181807537088245,0.0215239792994254,0.00334322559060091,1.83470297576274,2.17572910676482
RT,VP0853,Congruent,PercentRTChange,0.100393566697228,0.109373960397387,0.0581801123427351,0.057933673919379,-0.000246438423356081,5.99058806506474,5.96447112989174
RT,VP0854,Congruent,PercentRTChange,0.000276356396310355,0.115959684701446,0.0518120262490034,0.0515329221380943,-0.000279104110909145,5.31777541327281,5.28838489090175
RT,VP0855,Congruent,PercentRTChange,0.119446339097408,0.119952620572636,0.0816400254763888,0.0880291266788426,0.0063891012024538,8.50651437106482,9.20199284787335
RT,VP0856,Congruent,PercentRTChange,0.104880156786138,0.100305198775272,0.0648690665560499,0.0557209489008585,-0.00914811765519141,6.70193067249443,5.7302601113995
RT,VP0857,Congruent,PercentRTChange,0.118388055219557,0.106801606734504,0.041972432847527,0.0425867427292987,0.000614309881771691,4.28657295159234,4.35065690558039
RT,VP0858,Congruent,PercentRTChange,0.102593681754226,0.0913900121050066,0.0418239643423668,0.0535552837324314,0.0117313193900645,4.27109082933015,5.50153153398083
RT,VP0859,Congruent,PercentRTChange,0.0878637812024279,0.0364249834051472,0.0641142043891589,0.0659586575783012,0.00184445318914239,6.62141581452884,6.81825549994741
RT,VP0860,Congruent,PercentRTChange,0.112035416967727,0.107146406504652,0.0130857249039882,0.0160074569177297,0.00292173201374146,1.31717176853603,1.6136262622356
RT,VP0861,Congruent,PercentRTChange,0.117446357744943,0.103171978998248,0.0668015039858096,0.0569660918906501,-0.00983541209515952,6.90832483482748,5.86199139871104
RT,VP0862,Congruent,PercentRTChange,0.0914914015640542,0.11660493219374,0.0584923578393214,0.0651235408022956,0.00663118296297417,6.02368831630185,6.72908702102439
RT,VP0863,Congruent,PercentRTChange,0.0920822052589933,0.116033193301995,0.0280722110042604,0.0186640922416435,-0.0094081187626169,2.8469948587887,1.88393550872077
RT,VP0864,Congruent,PercentRTChange,0.0281754356628698,0.0117572504371256,0.0527016804284608,0.0664161980522661,0.0137145176238054,5.4115135033995,6.86714035774465
RT,VP0865,Congruent,PercentRTChange,0.103760439500656,0.116271456625751,0.0309929760138981,0.0346631589311577,0.00367018291725958,3.14782587721238,3.52709282950938
RT,VP0866,Congruent,PercentRTChange,0.109154530603371,0.095835734672488,0.0568481090873825,0.0561856077541425,-0.000662501333240036,5.84950224097374,5.77940002858492
RT,VP0867,Congruent,PercentRTChange,0.0748078117958529,0.123880335137254,0.0645242008645041,0.0676496460441256,0.00312544517962143,6.66513918180986,6.99903674435909
RT,VP0868,Congruent,PercentRTChange,0.110071594630217,0.114342846445662,0.0535449824328552,0.0506992091184187,-0.00284577331443655,5.50044473669646,5.20064117521906
RT,VP0869,Congruent,PercentRTChange,0.107367445341866,0.0333472347641065,0.0381758036986948,0.04236948094229,0.00419367724359529,3.89138617241305,4.32798795802276
RT,VP0870,Congruent,PercentRTChange,0.110311160731333,0.110234383370488,0.056794269812308,0.0560397988025908,-0.000754471009717157,5.84380353391458,5.76397756956459
RT,VP0871,Congruent,PercentRTChange,0.102142927107215,0.125850247474587,0.0636776629076945,0.071827546549061,0.00814988364136648,6.57488130157495,7.44700320204696
RT,VP0872,Congruent,PercentRTChange,0.0947935091753126,0.113160453346495,0.0469231561412461,0.0500036598671438,0.00308050372589769,4.80414704345229,5.12749438956095
RT,VP0873,Congruent,PercentRTChange,0.0920909256901815,0.107240965853835,0.0489411305408659,0.0473087435525477,-0.0016323869883182,5.01585266558016,4.84456599522316
RT,VP0874,Congruent,PercentRTChange,0.0134676470605142,0.112979981250972,0.057214137901766,0.0559195245031253,-0.0012946133986407,5.88825330035161,5.75125764620901
RT,VP0875,Congruent,PercentRTChange,0.0559716563948445,0.0540388291096732,0.0540090168723073,0.0588778487408775,0.00486883186857022,5.54941193678677,6.0645673622411
RT,VP0876,Congruent,PercentRTChange,0.0140574522558965,0.1249140142017,0.0507249556601664,0.0541584716181001,0.00343351595793371,5.2033497627872,5.56518797618897
RT,VP0877,Congruent,PercentRTChange,0.0861054011503922,0.117587038869874,0.0370752200384351,0.0418449391119342,0.00476971907349912,3.77710790828036,4.27327791436956
RT,VP0878,Congruent,PercentRTChange,0.122926851278058,0.130113071133777,0.0295140325991154,0.0342462719614437,0.00473223936232826,2.99538883005079,3.48394272847876
RT,VP0879,Congruent,PercentRTChange,0.0785199772438092,0.116123403984711,0.0424841604740594,0.04227632446028,-0.000207836013779425,4.33995292888774,4.31826958236128
RT,VP0880,Congruent,PercentRTChange,0.11669410944602,0.122353780855752,0.0520340446426556,0.0506995648628344,-0.00133447977982119,5.34116049245588,5.20067859976634
RT,VP0881,Congruent,PercentRTChange,0.00845209540792635,0.10979621366285,0.126899461605392,0.142289957569555,0.0153904959641636,13.5302870515495,15.2910895317091
RT,VP0882,Congruent,PercentRTChange,0.0933558553731912,0.119334612600515,0.070003699088784,0.0853492567073188,0.0153455576185348,7.25121485645381,8.90973748450352
RT,VP0883,Congruent,PercentRTChange,0.0424130079595552,0.1224838914496,0.0344880846048991,0.0377033594739694,0.00321527486907031,3.50896947999564,3.84231487965434
RT,VP0884,Congruent,PercentRTChange,0.0974689857628426,0.107803185209928,0.050444190770539,0.0498485254368552,-0.000595665333683784,5.17381650204796,5.11118676058124
RT,VP0885,Congruent,PercentRTChange,0.0740415783669065,0.122741369021407,0.0590056548315871,0.0620392138234564,0.00303355899186926,6.07812392624574,6.4004067577635
RT,VP0886,Congruent,PercentRTChange,0.0839123083272845,0.129156519348963,0.0568711659774942,0.0608982580188395,0.00402709204134526,5.85194282945136,6.27907782469681
RT,VP0887,Congruent,PercentRTChange,0.0976084632950461,0.102706928548863,0.0464121520772225,0.0494389863385797,0.00302683426135728,4.75060537955556,5.06814843347703
RT,VP0888,Congruent,PercentRTChange,0.117651578891839,0.116506442484675,0.0784996921188705,0.0791598200286776,0.000660127909807073,8.16630221385926,8.23772938179097
RT,VP0889,Congruent,PercentRTChange,0.101523743333478,0.0977116497236669,0.0295271402872528,0.0172621656704053,-0.0122649746168475,2.99673887033511,1.74120178682482
RT,VP0890,Congruent,PercentRTChange,0.113183514711142,0.110356204863959,0.0406833307919688,0.037345928517053,-0.00333740227491573,4.15222352969626,3.80520505417381
RT,VP0891,Congruent,PercentRTChange,0.122817034457174,0.0777711334592856,0.0625213868882364,0.0582684559604334,-0.004252930927803,6.45172253853317,5.99995207067534
RT,VP0892,Congruent,PercentRTChange,0.103713564594174,0.120797529571094,0.0338511536205135,0.0419849519517061,0.00813379833119264,3.44306240153029,4.28787853423596
RT,VP0893,Congruent,PercentRTChange,0.000275742010021427,0.127737141568088,0.0237368552286331,0.0267562269764085,0.00301937174777542,2.40208167095752,2.71173887312022
RT,VP0894,Congruent,PercentRTChange,0.1192502614112,0.120869298045976,0.0404819990357183,0.0249271766114264,-0.0155548224242919,4.13125649035189,2.52404563216797
RT,VP0895,Congruent,PercentRTChange,0.107004695231612,0.115837932347207,0.0664497523260963,0.0722502781348904,0.00580052580879414,6.87072626719663,7.49243404595299
RT,VP0896,Congruent,PercentRTChange,0.0824284187242792,0.0916668197792209,0.0453842532111007,0.0422510567285498,-0.00313319648255089,4.64298767059637,4.31563372961206
RT,VP0897,Congruent,PercentRTChange,0.111819062330406,0.111057920868925,0.0585233369734768,0.061723107006944,0.00319977003346716,6.02697288924219,6.36677817929914
RT,VP0898,Congruent,PercentRTChange,0.0981182347986862,0.0809660802332007,0.0210547657000515,0.024794326787872,0.00373956108782051,2.12779811095889,2.5104262354829
RT,VP0899,Congruent,PercentRTChange,0.106406672071991,0.108971142555364,0.0292891185301174,0.0303956271795139,0.00110650864939657,2.97222632294549,3.08622904288558
RT,VP0900,Congruent,PercentRTChange,0.0893957031550448,0.0479381943728178,0.068283972180353,0.0724212978562651,0.00413732567591213,7.06693056105185,7.51081894411869
RT,VP0901,Congruent,PercentRTChange,0.0206664048371075,0.0990394120272191,0.0659723965786373,0.0645147137916895,-0.00145768278694773,6.81972308607719,6.66412724666783
RT,VP0902,Congruent,PercentRTChange,0.047085748713404,0.106954058389974,0.0796592758031299,0.0781715543755666,-0.00148772142756329,8.29180284327151,8.13081459028204
RT,VP0903,Congruent,PercentRTChange,0.0577161039739237,0.0986818464987028,0.0820412637032233,0.093910775050688,0.0118695113474646,8.55006006800598,9.84617313522653
RT,VP0904,Congruent,PercentRTChange,0.000275715905594299,0.121072724795067,0.0565578593909468,0.0505257728850401,-0.00603208650590675,5.81878391328872,5.18239715439748
RT,VP0905,Congruent,PercentRTChange,0.0493695404563695,0.128345733571031,0.0514117307218213,0.0573553823721294,0.00594365165030812,5.27562561559267,5.9032104868918
RT,VP0906,Congruent,PercentRTChange,0.115808236080354,0.116835349119623,0.0682002427800642,0.0742562815315638,0.00605603875149958,7.05796628645712,7.70828065590077
RT,VP0907,Congruent,PercentRTChange,0.104121345824355,0.0971900447028628,0.0854795284517234,0.0938351972947774,0.00835566884305394,8.92392627016714,9.83787152167821
RT,VP0908,Congruent,PercentRTChange,0.0839680303780798,0.120460924336313,0.0871303406301339,0.104568039674198,0.0174376990440645,9.10388771457731,11.0230931047258
RT,VP0909,Congruent,PercentRTChange,0.101158891725138,0.0858311422274979,0.0811476582212344,0.0859012530875802,0.00475359486634581,8.453102466633,8.9698718608223
RT,VP0910,Congruent,PercentRTChange,0.118112069909587,0.119095103873042,0.0623958753069605,0.065599873825783,0.00320399851882251,6.43836245294809,6.77993771971122
RT,VP0911,Congruent,PercentRTChange,0.113592480920158,0.0629796938773096,0.0542465396953709,0.054629883333087,0.000383343637716076,5.57448530871385,5.61496437416249
RT,VP0912,Congruent,PercentRTChange,0.0681436763561834,0.000193527515941254,0.0137751958070369,0.0034038389929746,-0.0103713568140623,1.38705109756345,0.340963863139776
RT,VP0913,Congruent,PercentRTChange,0.0743175555787418,0.110426068738765,0.045447798590028,0.0520557824255984,0.00660798383557032,4.64963746017946,5.34345040062627
RT,VP0914,Congruent,PercentRTChange,0.0923739826400789,0.115029436266786,0.0606341199640623,0.0627491463437047,0.0021150263796424,6.2510091829781,6.47597068615984
RT,VP0915,Congruent,PercentRTChange,0.122002092569113,0.124805406181259,0.0526983505706632,0.0539702491729311,0.00127189860226788,5.41116249863371,5.54532010823137
RT,VP0916,Congruent,PercentRTChange,0.109541480952891,0.111403224155835,0.0732697925351313,0.0756470930661986,0.00237730053106727,7.60208001370406,7.85818679644303
RT,VP0917,Congruent,PercentRTChange,0.121506131841367,0.126869644617526,0.0339531648655904,0.0334262863054416,-0.000526878560148804,3.45361529536821,3.39912216039207
RT,VP0918,Congruent,PercentRTChange,0.109502270310164,0.0698502291812021,0.0417116809510077,0.0363469937659987,-0.00536468718500906,4.25938357490854,3.70156220234656
RT,VP0919,Congruent,PercentRTChange,0.00509248268152399,0.000202332769660673,0.103097220708785,0.162076212310474,0.0589789916016888,10.8599182635305,17.5949859761755
RT,VP0920,Congruent,PercentRTChange,0.0897438905686961,0.118068949213868,0.0672961135678417,0.0588027087459205,-0.00849340482192113,6.96121579579958,6.05659797059817
RT,VP0921,Congruent,PercentRTChange,0.0784947838481852,0.0828558777964488,0.0442804254016869,0.0438736525470418,-0.000406772854645042,4.52754355767833,4.48503323700475
RT,VP0922,Congruent,PercentRTChange,0.112354789564497,0.120101116353457,0.041177023461691,0.0447949430136578,0.00361791955196673,4.20365541371557,4.58133865785129
RT,VP0923,Congruent,PercentRTChange,0.122245384920052,0.126986831876482,0.0431677435599931,0.0362425752569797,-0.00692516830301342,4.41130233974389,3.69073440515952
RT,VP0924,Congruent,PercentRTChange,0.119913176419853,0.0959373626719061,0.0408878179751144,0.037954077712126,-0.00293374026298832,4.17352350221567,3.86835330590487
RT,VP0925,Congruent,PercentRTChange,0.10331159074267,0.095334279650659,0.0182903520140972,0.0280899472853581,0.00979959527126098,1.84586449825763,2.84881899817624
RT,VP0926,Congruent,PercentRTChange,0.108058065020872,0.109054421802082,0.0457688418731384,0.0509842389453563,0.00521539707221789,4.6832399169989,5.23063076952837
RT,VP0927,Congruent,PercentRTChange,0.07961376436028,0.112833537296581,0.0299513541283301,0.015733029818208,-0.0142183243101221,3.04044078137213,1.58574455543152
RT,VP0928,Congruent,PercentRTChange,0.0793603770916795,0.12495727577977,0.049328973327504,0.0273212904163684,-0.0220076829111356,5.05659020588907,2.76979392246033
RT,VP0929,Congruent,PercentRTChange,0.00027602151667257,0.000196308308818542,0.0459594569103178,0.061033325678929,0.0150738687686112,4.70319601857383,6.29343366053783
RT,VP0930,Congruent,PercentRTChange,0.109414694669713,0.10726372914773,0.03295478162339,0.0299807969354062,-0.00297398468798381,3.35038048204119,3.0434746258533
RT,VP0931,Congruent,PercentRTChange,0.124406702817463,0.126690753793262,0.0577307888899766,0.0573476727323783,-0.00038311615759834,5.94297470577598,5.90239401443782
RT,VP0932,Congruent,PercentRTChange,0.0189618324330825,0.0791754872857811,0.0616062853875889,0.0697735613830609,0.00816727599547197,6.35435296580757,7.22653514790541
RT,VP0933,Congruent,PercentRTChange,0.114034555931978,0.109894980594803,-0.0795265055613823,-0.0876293550613666,-0.00810284949998429,-7.64464596608687,-8.38996382323982
RT,VP0934,Congruent,PercentRTChange,0.0826368727555479,0.107720658688395,0.0616774028813125,0.0571411109495003,-0.00453629193181218,6.36191688979755,5.88052088627309
RT,VP0935,Congruent,PercentRTChange,0.104311418116489,0.0979627148184182,0.0552721566301104,0.0537875846401224,-0.00148457198998805,5.68281983408847,5.52604248236652
RT,VP0936,Congruent,PercentRTChange,0.091754462824811,0.130161347784671,0.0715407860811847,0.0793953332606624,0.0078545471794777,7.41619606648225,8.26322380127909
RT,VP0937,Congruent,PercentRTChange,0.0881182252715983,0.103470357485981,0.0838797064431843,0.0790533053877107,-0.00482640105547362,8.74980669296674,8.22620109288348
RT,VP0938,Congruent,PercentRTChange,0.0540315602278929,0.0469154237116463,0.0780768444286593,0.0846641738559006,0.00658732942724131,8.12057401152315,8.83515084293218
RT,VP0939,Congruent,PercentRTChange,0.117107288186926,0.105723252957078,0.0474201945628828,0.0290404373798068,-0.0183797571830761,4.85625167921002,2.94662225500995
RT,VP0940,Congruent,PercentRTChange,0.0651795646401525,0.0806029583887069,0.0863114536308321,0.094646368670472,0.00833491503963986,9.01458053059112,9.92700500540165
RT,VP0941,Congruent,PercentRTChange,0.114067344764657,0.0662590294823766,0.0420011026816592,0.0587355175791206,0.0167344148974614,4.28956287320115,6.04947214343268
RT,VP0942,Congruent,PercentRTChange,0.117914461615525,0.109029115552256,0.0532759243317704,0.0431806701305925,-0.0100952542011778,5.47206280573744,4.41265202853836
RT,VP0943,Congruent,PercentRTChange,0.0370788097537291,0.104133842099208,0.0385256863877335,0.0485670274005704,0.0100413410128369,3.92774232979918,4.97657325305103
RT,VP0944,Congruent,PercentRTChange,0.0909058086095193,0.0878471643100996,0.0481427911872915,0.047881513009991,-0.000261278177300511,4.93204783444647,4.90463496159654
RT,VP0945,Congruent,PercentRTChange,0.0874882038080234,0.125182121154926,0.0419338223741098,0.0549542173907849,0.0130203950166751,4.28254647537218,5.64922445966753
RT,VP0946,Congruent,PercentRTChange,0.0886304177487133,0.0738937375949824,0.0900220521747504,0.096194478269069,0.00617242609431856,9.41984128937716,10.0973158529099
RT,VP0947,Congruent,PercentRTChange,0.115213490836096,0.122426333441114,0.102750320037219,0.0976765868626408,-0.00507373317457804,10.8214675531094,10.2606130130347
RT,VP0948,Congruent,PercentRTChange,0.092877678281974,0.080559817442321,0.0692122701427864,0.067348221812857,-0.00186404832992935,7.16636672058717,6.96678950225618
RT,VP0949,Congruent,PercentRTChange,0.0845126592411801,0.000190807008097069,0.0270707833897536,0.0199569518875023,-0.00711383150225133,2.74405259128578,2.01574232299744
RT,VP0950,Congruent,PercentRTChange,0.117031458118032,0.126501035454748,0.0579901140771651,0.0653485191983999,0.00735840512123484,5.97045195013965,6.75310146110388
RT,VP0951,Congruent,PercentRTChange,0.100967075742717,0.119703105510696,0.0386932632672447,0.0399579089797913,0.00126464571254652,3.94515967588496,4.07669663270236
RT,VP0952,Congruent,PercentRTChange,0.119081655932935,0.124715773849447,0.0189258152008138,0.022195640890121,0.00326982568930723,1.91060436358759,2.24437967190019
RT,VP0953,Congruent,PercentRTChange,0.121637518208291,0.119647033082136,0.0430786454133056,0.0371941791028308,-0.00588446631047478,4.40199990063339,3.78945387026031
RT,VP0954,Congruent,PercentRTChange,0.114199026876907,0.116598464637052,0.0431963175547458,0.0434045221398637,0.000208204585117916,4.41428583037398,4.43602762672797
RT,VP0955,Congruent,PercentRTChange,0.0993705139487738,0.122722929283436,0.040346880909611,0.0514038969554879,0.011057016045877,4.11718742062028,5.27480091417125
RT,VP0956,Congruent,PercentRTChange,0.103674928183552,0.118205074510748,0.0624863248059043,0.0648085655850542,0.00232224077914985,6.44799018490556,6.69547529736183
RT,VP0957,Congruent,PercentRTChange,0.109601480737526,0.107550760468491,0.0330346202488503,0.0451663753867223,0.012131755137872,3.35863216375676,4.62019076766624
RT,VP0958,Congruent,PercentRTChange,0.11449155766975,0.104093761366106,0.056132919991795,0.0620961198783292,0.00596319988653422,5.7738268955142,6.40646175743038
RT,VP0959,Congruent,PercentRTChange,0.116879730795556,0.121360190737388,0.0512710853999311,0.045352945924916,-0.00591813947501515,5.26082013252613,4.63971163391632
RT,VP0960,Congruent,PercentRTChange,0.0839208023512518,0.0907266675729799,0.0480063549595041,0.0508320761467145,0.00282572118721037,4.91773227826837,5.21461980041544
RT,VP0961,Congruent,PercentRTChange,0.118954527639403,0.052689272268063,0.0239366493428263,0.0243189705092434,0.000382321166417048,2.42254304811982,2.46170884072408
RT,VP0962,Congruent,PercentRTChange,0.0997373535316084,0.0956973921267437,0.0643116575252513,0.0614806818644561,-0.00283097566079529,6.64247062605692,6.34099532327559
RT,VP0963,Congruent,PercentRTChange,0.0944648901336373,0.000181292313201175,0.0159790161438696,-0.00230951438637865,-0.0182885305302482,1.61073633316606,-0.230684950994642
RT,VP0964,Congruent,PercentRTChange,0.123816469228696,0.13020170561323,0.049734628603476,0.0458614325771157,-0.00387319602636025,5.09921561100743,4.69293306061802
RT,VP0965,Congruent,PercentRTChange,0.0949891010269031,0.106386422460808,0.0385076776824115,0.0417272403667959,0.00321956268438439,3.92587074256525,4.26100580262783
RT,VP0966,Congruent,PercentRTChange,0.122812277159333,0.12226907597739,0.0363693973606556,0.0309209624945258,-0.00544843486612983,3.70388551613665,3.14039810670852
RT,VP0967,Congruent,PercentRTChange,0.111773922039198,0.11950526893631,0.0705738749770454,0.0682656376474951,-0.00230823732955023,7.31238435017973,7.06496755689094
RT,VP0968,Congruent,PercentRTChange,0.0698776580004715,0.0871919836661844,0.0512455550378529,0.0481452858587421,-0.00310026917911079,5.25813281997969,4.93230960575697
RT,VP0969,Congruent,PercentRTChange,0.106927211289429,0.119216546467634,0.0376817726063618,0.0385198409009124,0.000838068294550534,3.8400732735457,3.92713482332663
RT,VP0970,Congruent,PercentRTChange,0.00723962341390726,0.0246184292152039,0.0903477592140567,0.110633412595893,0.0202856533818358,9.45548590646112,11.6985359028315
RT,VP0971,Congruent,PercentRTChange,0.000276181120078117,0.119046750498363,0.0321438484899224,0.0310321162571857,-0.00111173223273672,3.26660420722138,3.15186318722196
RT,VP0972,Congruent,PercentRTChange,0.0206789358669062,0.124300609931026,0.0482837553878228,0.0554366601943092,0.00715290480648639,4.94684053927597,5.70020646466789
RT,VP0973,Congruent,PercentRTChange,0.115645115463942,0.11920466535929,0.0720823230196093,0.0610248091674536,-0.0110575138521557,7.47438165783885,6.29252841514507
RT,VP0974,Congruent,PercentRTChange,0.114463912224647,0.112999450048269,0.0235806078471938,0.018442504561919,-0.00513810328527481,2.38608286376094,1.86136178497209
RT,VP0975,Congruent,PercentRTChange,0.101872227231846,0.102074221261368,0.0104599341283797,-0.00220859855439966,-0.0126685326827793,1.05148304764706,-0.220616139517804
RT,VP0976,Congruent,PercentRTChange,0.119240612468538,0.0869415308331068,0.042543059514079,0.041612856601088,-0.000930202912991063,4.3460986329372,4.24908071819865
RT,VP0977,Congruent,PercentRTChange,0.099165933952608,0.117408138890665,0.0348554993925557,0.0379433312027233,0.00308783181016754,3.54700719341898,3.86723708966714
RT,VP0978,Congruent,PercentRTChange,0.121785033213753,0.0957473728587472,0.0721626115256826,0.0659942651622275,-0.00616834636345506,7.48301096179564,6.82205910766323
RT,VP0979,Congruent,PercentRTChange,0.113242542199311,0.12158449163483,0.0307573134792801,0.0379141609696549,0.00715684749037473,3.12352066315249,3.86420730234307
RT,VP0980,Congruent,PercentRTChange,0.115987735273353,0.124752952957983,0.0519627662897924,0.0534723842312347,0.00150961794144235,5.33365221563926,5.4927858721517
RT,VP0981,Congruent,PercentRTChange,0.0899677173148816,0.0666446931164739,0.0940497259337646,0.0983203079561978,0.00427058202243316,9.86143741845451,10.3316129450449
RT,VP0982,Congruent,PercentRTChange,0.104695284878601,0.113392830912867,0.0366916707913873,0.0326518503248602,-0.00403982046652707,3.73731190903197,3.31907715869579
RT,VP0983,Congruent,PercentRTChange,0.122584561456277,0.0860256214834488,0.00300597820540665,0.0108174177501433,0.00781143954473666,0.301050068825193,1.08761375547488
RT,VP0984,Congruent,PercentRTChange,0.114667037194215,0.0741303419983892,0.0214992131438367,-0.0312259699541553,-0.052725183097992,2.17319863809549,-3.07434745247565
RT,VP0985,Congruent,PercentRTChange,0.111232937979263,0.116588796531133,0.0330346761136414,0.0388061207318443,0.00577144461820291,3.35863793786531,3.95689132505299
RT,VP0986,Congruent,PercentRTChange,0.105804681561479,0.124540137326817,0.0534069299230108,0.0546409070101101,0.00123397708709934,5.48588114080448,5.61612864583583
RT,VP0987,Congruent,PercentRTChange,0.105855333429347,0.119835667153096,0.0585019587611853,0.0646247461199491,0.00612278735876378,6.02470624633562,6.67586439465158
RT,VP0988,Congruent,PercentRTChange,0.0971444028345995,0.113218348191795,0.0842807431758934,0.0893207373813826,0.00503999420548926,8.79342810643555,9.34313043836441
RT,VP0989,Congruent,PercentRTChange,0.101481704331066,0.105054525230544,0.0351070880773438,0.0296023022866215,-0.00550478579072233,3.57306172614791,3.00448060209544
RT,VP0990,Congruent,PercentRTChange,0.0811986793163762,0.0941083201423119,0.0200576715358565,0.0101094557738756,-0.0099482157619809,2.02601783015486,1.01607289575667
RT,VP0991,Congruent,PercentRTChange,0.121835736968127,0.131823672201426,0.0405943401191805,0.0449503430219547,0.00435600290277421,4.14295536564815,4.59759186158772
RT,VP0992,Congruent,PercentRTChange,0.112228137955062,0.103176986354216,0.033433517249619,0.0183080746326042,-0.0151254426170147,3.39986983637559,1.84766948965518
RT,VP0993,Congruent,PercentRTChange,0.00027585224845691,0.108941263225687,0.00267724034092967,0.012320797997332,0.00964355765640229,0.268082734923136,1.23970117119356
RT,VP0994,Congruent,PercentRTChange,0.0803134230343164,0.100103046652335,0.0575533755849035,0.0534362787513875,-0.00411709683351597,5.92418067968861,5.48897707325702
RT,VP0995,Congruent,PercentRTChange,0.0903769632609497,0.0930763054871189,0.0291274968346522,0.021633002557438,-0.00749449427721413,2.95558512196714,2.1868692448979
RT,VP0996,Congruent,PercentRTChange,0.018552070408002,0.119929879772622,0.0489053348548456,0.0527796361968321,0.00387430134198652,5.01209361837021,5.41973125923643
RT,VP0997,Congruent,PercentRTChange,0.109368712553297,0.116678972304474,0.0771435178210863,0.0657457363499037,-0.0113977814711826,8.01970928016282,6.79551404692607
RT,VP0998,Congruent,PercentRTChange,0.0780833882009454,0.11540191885306,0.0687140401036738,0.0757722373182887,0.0070581972146149,7.11298651641925,7.87168547318475
RT,VP0999,Congruent,PercentRTChange,0.104701413914645,0.0991956136896811,0.0400894642052288,0.0412790237547765,0.00118955954954777,4.09038936664627,4.21428475919732
RT,VP1000,Congruent,PercentRTChange,0.000275798128133167,0.112611000366668,0.0197631594836106,0.0267799211432802,0.00701676165966965,1.99597436256003,2.71417257103288
RT,VP0001,Incongruent,PercentRTChange,0.0835024892280635,0.0758441747568104,0.0261957583001252,0.0260703055180806,-0.000125452782044573,2.65418828995134,2.64131084421442
RT,VP0002,Incongruent,PercentRTChange,0.119885477689747,0.0961189379750682,0.0604016845846062,0.0466934772008366,-0.0137082073837696,6.22631555928812,4.78007850213316
RT,VP0003,Incongruent,PercentRTChange,0.116221428801728,0.0862809232972471,0.0165213586396254,0.023435477095103,0.00691411845547764,1.6658590998629,2.37122457277483
RT,VP0004,Incongruent,PercentRTChange,0.115236593103055,0.0755926824983589,0.0545399585950367,0.053482796917254,-0.00105716167778268,5.60546740316967,5.49388434112728
RT,VP0005,Incongruent,PercentRTChange,0.113164762385687,0.127314287834843,0.0301153628730934,0.0341699803452378,0.00405461747214448,3.05734170063592,3.4760480723885
RT,VP0006,Incongruent,PercentRTChange,0.11176620361857,0.115071243417458,0.0475026396351115,0.0484541119537602,0.000951472318648679,4.86489691682706,4.96472044557268
RT,VP0007,Incongruent,PercentRTChange,0.0944037754163439,0.0953830146663871,0.0252385452874841,0.0342798449857992,0.00904129969831513,2.55597337891269,3.4874170557299
RT,VP0008,Incongruent,PercentRTChange,0.120024582649031,0.000194326539765845,0.0066014027969853,0.0260399059907708,0.0194385031937855,0.662324008222193,2.63819064430884
RT,VP0009,Incongruent,PercentRTChange,0.109345587129842,0.111851139434454,0.0160919004235307,0.01353990552406,-0.00255199489947071,1.62220723537296,1.3631985158709
RT,VP0010,Incongruent,PercentRTChange,0.00143771793024583,0.0991563584366907,0.01980409203974,0.0300020708882322,0.0101979788484921,2.00014940395257,3.04566679118945
RT,VP0011,Incongruent,PercentRTChange,0.103029381540847,0.114913420608717,0.0635899027636772,0.0788790578515987,0.0152891550879215,6.56552868504279,8.20734458689783
RT,VP0012,Incongruent,PercentRTChange,0.121285955067578,0.110794188622175,0.0253380943183537,0.0313164350600524,0.00597834074169876,2.56618323485465,3.18119537112491
RT,VP0013,Incongruent,PercentRTChange,0.114634915556248,0.125291312332284,0.0231057543399373,0.028772672496697,0.00566691815675973,2.33747601469854,2.91906045494106
RT,VP0014,Incongruent,PercentRTChange,0.118593526712336,0.124781159813773,0.0051837147093778,0.0142218163193478,0.00903810160996995,0.51971734037668,1.43234274760344
RT,VP0015,Incongruent,PercentRTChange,0.0534825419638241,0.113684467735479,0.0417662459261158,0.0447240440009665,0.00295779807485068,4.26507264078855,4.57392420703624
RT,VP0016,Incongruent,PercentRTChange,0.106752561019029,0.128853234958535,0.0567496786659088,0.0579923985107777,0.00124271984486893,5.83908394260253,5.97069403287855
RT,VP0017,Incongruent,PercentRTChange,0.0926036642085618,0.123976461706416,0.0464513383685028,0.0485696236919014,0.00211828532339856,4.75471024771652,4.97684580317195
RT,VP0018,Incongruent,PercentRTChange,0.0985160537952339,0.0873138526027889,0.0325235155102048,0.0329381352568745,0.000414619746669752,3.3058185748654,3.34866008804737
RT,VP0019,Incongruent,PercentRTChange,0.0470154262572387,0.127399643977796,0.0360164390679508,0.0366039797328751,0.000587540664924301,3.6672888286901,3.72821547318734
RT,VP0020,Incongruent,PercentRTChange,0.108151322701947,0.121637126370869,0.0591712223332711,0.0540432588326443,-0.00512796350062682,6.09568847022626,5.55302621744358
RT,VP0021,Incongruent,PercentRTChange,0.106355375221645,0.112850122472398,0.0210118057942361,0.0148331714326501,-0.00617863436158602,2.12341080461074,1.49437288828627
RT,VP0022,Incongruent,PercentRTChange,0.115129149396381,0.111873891006597,0.0320630527549589,0.0294724903655786,-0.00259056238938024,3.25826104308784,2.99111026042609
RT,VP0023,Incongruent,PercentRTChange,0.128503821361834,0.000190333805070325,0.0370820102648257,0.00836230784911895,-0.0287197024157068,3.77781258072967,0.839736960966886
RT,VP0024,Incongruent,PercentRTChange,0.0894029127055215,0.0838977279815949,0.0293733130649384,0.0242700446487379,-0.00510326841620043,2.98089638662111,2.45669593608151
RT,VP0025,Incongruent,PercentRTChange,0.0912330527019385,0.101784243247473,0.0383171843393943,0.0446022670019595,0.00628508266256521,3.90607544151793,4.56119028373714
RT,VP0026,Incongruent,PercentRTChange,0.0636234976833177,0.0604912238612769,0.047806170464475,0.0607834562431541,0.0129772857786791,4.89673147710017,6.26687749816732
RT,VP0027,Incongruent,PercentRTChange,0.113263137199394,0.106432987331476,0.0514994763261132,0.0478805425892795,-0.00361893373683363,5.2848634942652,4.90453316001545
RT,VP0028,Incongruent,PercentRTChange,0.073287756165415,0.0733158030565925,0.0342604008862588,0.0480519147655617,0.0137915138793029,3.48540485565425,4.92251241869328
RT,VP0029,Incongruent,PercentRTChange,0.111150904560299,0.11190419577372,0.022010925162304,0.0278354113400439,0.00582448617773994,2.22549527107052,2.82264360823823
RT,VP0030,Incongruent,PercentRTChange,0.102534516846667,0.10424376953314,0.025104418678507,0.0338037143998451,0.0086992957213381,2.54221881642007,3.43815525966282
RT,VP0031,Incongruent,PercentRTChange,0.100122699245524,0.106428946154846,0.0117367141556354,0.0102615288888805,-0.00147518526675494,1.18058596340074,1.0314358927473
RT,VP0032,Incongruent,PercentRTChange,0.117795630805524,0.124274698475272,0.0199971515305068,0.0182991133929224,-0.00169803813758443,2.01984340185006,1.84675681236721
RT,VP0033,Incongruent,PercentRTChange,0.111513214390906,0.119698811170369,0.0161651248921103,0.0216776198506461,0.00551249495853581,1.62964873994045,2.19142864811839
RT,VP0034,Incongruent,PercentRTChange,0.0999600500495431,0.0776632920025348,0.0265333371025426,0.0450796348249887,0.0185462977224461,2.68884801776295,4.61111634711624
RT,VP0035,Incongruent,PercentRTChange,0.000275734147591211,0.0980951895947632,-0.0156169422891125,-0.00689356288699344,0.00872337940211905,-1.54956301749722,-0.686985678679763
RT,VP0036,Incongruent,PercentRTChange,0.116700403401896,0.131339336304454,0.0170391370823157,0.0192088978447017,0.00216976076238599,1.71851312044442,1.93945757063945
RT,VP0037,Incongruent,PercentRTChange,0.000276344251145502,0.0218293536295803,0.010649141641807,0.0196619249946374,0.00901278335283043,1.07060455639216,1.98564937484935
RT,VP0038,Incongruent,PercentRTChange,0.107822671006756,0.109661393574922,0.0170026425770033,0.0123793169175292,-0.00462332565947411,1.71480102136301,1.24562578253644
RT,VP0039,Incongruent,PercentRTChange,0.0928166909002052,0.0206842045259162,0.0168819306956186,0.0139293055056743,-0.00295262518994437,1.70252357739864,1.40267702947672
RT,VP0040,Incongruent,PercentRTChange,0.0273386383843623,0.00811147380218301,0.0384200173280458,0.057453016532649,0.0190329992046033,3.91676096319729,5.91355076271787
RT,VP0041,Incongruent,PercentRTChange,0.0638995382747053,0.12378394536091,0.0726244613769892,0.0835886460737748,0.0109641846967857,7.53266343953847,8.71815854004245
RT,VP0042,Incongruent,PercentRTChange,0.117490684869828,0.118785272497275,0.0243063970412956,0.0279957743539569,0.0036893773126613,2.46042054981124,2.83913387944521
RT,VP0043,Incongruent,PercentRTChange,0.116099946358944,0.122334156716703,0.0344251913332222,0.0490360153450425,0.0146108240118203,3.502459666971,5.0258175469462
RT,VP0044,Incongruent,PercentRTChange,0.0816747445795794,0.113474344482988,0.013524199139006,0.0248689138223863,0.0113447146833803,1.3616064789473,2.518072469334
RT,VP0045,Incongruent,PercentRTChange,0.000275854253791894,0.00949863014084819,0.0349493993229948,0.0336304543811549,-0.00131894494183994,3.55673070670308,3.42023511541634
RT,VP0046,Incongruent,PercentRTChange,0.0871565131539553,0.114674726689034,0.0408670775108771,0.0476738514694121,0.00680677395853505,4.17136291738283,4.88285256524781
RT,VP0047,Incongruent,PercentRTChange,0.106511606457724,0.114989896113211,0.127250614851049,0.125594535475884,-0.0016560793751649,13.570160580778,13.3822350329682
RT,VP0048,Incongruent,PercentRTChange,0.0814394573744506,0.000188976320361657,0.0109439403672744,0.0190707711794803,0.00812683081220583,1.10040443406478,1.92537798571617
RT,VP0049,Incongruent,PercentRTChange,0.108205107555214,0.105753850041166,0.0168044249340597,0.0295694714848947,0.012765046550835,1.6946413513192,3.00109893792748
RT,VP0050,Incongruent,PercentRTChange,0.000275735553774142,0.127430892889186,0.0348881684402714,0.0403817790708879,0.00549361063061653,3.55039003079454,4.12082098242053
RT,VP0051,Incongruent,PercentRTChange,0.0976727245962907,0.0915063110533611,0.0511856377115522,0.0587620049490916,0.00757636723753941,5.2518262230288,6.05228115223804
RT,VP0052,Incongruent,PercentRTChange,0.0597082504617575,0.0841977113495073,0.00244905797101187,0.0136848069118507,0.0112357489408388,0.245205936317894,1.3778872481899
RT,VP0053,Incongruent,PercentRTChange,0.000275760190850205,0.0931523627220478,-0.00659524490232117,-0.0045556866712851,0.00203955823103607,-0.657354400843901,-0.454532527116402
RT,VP0054,Incongruent,PercentRTChange,0.109360827376885,0.122834710390792,0.034482625054122,0.0431604904506552,0.00867786539653319,3.5084043690635,4.41054503589831
RT,VP0055,Incongruent,PercentRTChange,0.111056508601007,0.12548236059988,0.0312826594784923,0.0202561408574755,-0.0110265186210169,3.17771042509856,2.04626887424011
RT,VP0056,Incongruent,PercentRTChange,0.119016733067263,0.106568401858627,0.0252617612159553,0.0288665675298841,0.00360480631392879,2.55835433869294,2.92872449723374
RT,VP0057,Incongruent,PercentRTChange,0.000275663480308582,0.0210021239443968,0.0271185944973829,0.0436121018925673,0.0164935073951843,2.74896501567579,4.45770868171225
RT,VP0058,Incongruent,PercentRTChange,0.112071350584574,0.122938986396637,0.0277102022298476,0.0376175989215758,0.00990739669172821,2.80977008248218,3.833409687231
RT,VP0059,Incongruent,PercentRTChange,0.115069819278142,0.12360707305382,0.0209171000425369,0.0119994183271341,-0.00891768171540279,2.11373958819152,1.20717001712602
RT,VP0060,Incongruent,PercentRTChange,0.102387878523986,0.109562443818185,0.0228878367171729,0.0207572028638219,-0.00213063385335104,2.31517730493487,2.09741319463026
RT,VP0061,Incongruent,PercentRTChange,0.113041238847633,0.0899248561078457,0.0238864412848975,0.0368133967749575,0.01292695549006,2.41740074023897,3.74994020393726
RT,VP0062,Incongruent,PercentRTChange,0.112319538204346,0.117185076278733,0.0354231837362199,0.0466660966944796,0.0112429129582597,3.6058058962084,4.7772096098037
RT,VP0063,Incongruent,PercentRTChange,0.117565643630986,0.108123757972839,0.0817427576507359,0.0870945678992169,0.00535181024848101,8.51766205382003,9.09998484036876
RT,VP0064,Incongruent,PercentRTChange,0.0960356545093189,0.0788449260988621,0.051563315592293,0.0543516807933905,0.00278836520109751,5.29158501723679,5.58558610958704
RT,VP0065,Incongruent,PercentRTChange,0.0992156310974233,0.096105624276473,0.0432636775533932,0.0471257099442772,0.00386203239088403,4.4213194134147,4.82537767210907
RT,VP0066,Incongruent,PercentRTChange,0.0742477598865322,0.000191661842117106,0.00767596089902911,0.0256527372914214,0.0179767763923923,0.770549661018038,2.59846004125275
RT,VP0067,Incongruent,PercentRTChange,0.11788553972634,0.0912698470557141,0.0356224964166538,0.0371418655206381,0.00151936910398432,3.62645790512535,3.78402441415291
RT,VP0068,Incongruent,PercentRTChange,0.0936056413834839,0.115775906854992,0.0240965190268296,0.0428621570821016,0.0187656380552719,2.43891861665535,4.37940053223858
RT,VP0069,Incongruent,PercentRTChange,0.111728910453741,0.111347628088517,0.0233123488684524,0.0377594171949666,0.0144470683265143,2.35862056140383,3.84813620633322
RT,VP0070,Incongruent,PercentRTChange,0.0704290679661342,0.000192395089869585,-0.0427940021669793,0.0446640976134469,0.0874580997804262,-4.18912619364578,4.56765556594436
RT,VP0071,Incongruent,PercentRTChange,0.0530226548901819,0.0966395642832436,0.0322646930865535,0.0430383906772785,0.010773697590725,3.27908417240526,4.39779731027434
RT,VP0072,Incongruent,PercentRTChange,0.119563545636558,0.122622324034969,0.0129736558154891,0.0141189665779933,0.00114531076250414,1.30581788166837,1.42191099384765
RT,VP0073,Incongruent,PercentRTChange,0.118558847616476,0.114661863582602,0.0734761873109142,0.0682695360983742,-0.00520665121254002,7.62429081289988,7.0653849452214
RT,VP0074,Incongruent,PercentRTChange,0.000276103012031458,0.000193784763274881,-0.00115795872035656,0.00385665844400634,0.0050146171643629,-0.115728854486097,0.386410492094513
RT,VP0075,Incongruent,PercentRTChange,0.0667329794075725,0.115054132440804,0.0366914337989132,0.0439463560132703,0.00725492221435711,3.73728732407268,4.49262993723996
RT,VP0076,Incongruent,PercentRTChange,0.0762284789705665,0.118906835183414,0.0170637498866977,0.00784333164613914,-0.00922041824055858,1.72101672912017,0.787417114721278
RT,VP0077,Incongruent,PercentRTChange,0.000275661198297431,0.000192530562519737,0.022657473260988,0.0329418945810591,0.0102844213200712,2.2916103416585,3.34904860989498
RT,VP0078,Incongruent,PercentRTChange,0.0879258868366837,0.0732787903699582,0.0227343256478071,0.0270300083182487,0.0042956826704416,2.2994719981545,2.73986328060498
RT,VP0079,Incongruent,PercentRTChange,0.0883163872842785,0.0772364384991564,0.0620129003394822,0.0681432677978027,0.0061303674583205,6.39760702920089,7.05186683448673
RT,VP0080,Incongruent,PercentRTChange,0.000275377042745248,0.127831417925057,0.0279943186892043,0.031401395774461,0.00340707708525672,2.83898418025177,3.18996209160534
RT,VP0081,Incongruent,PercentRTChange,0.116029885736615,0.116716995028294,0.0158152021650181,0.0161494056908168,0.000334203525798677,1.59409243744193,1.62805121559044
RT,VP0082,Incongruent,PercentRTChange,0.11477390164791,0.0829519542918378,0.0212630126732047,0.0260039767592204,0.00474096408601566,2.14906813042204,2.63450299923877
RT,VP0083,Incongruent,PercentRTChange,0.119273042739549,0.100984734662003,0.0172792659554492,0.0207287267452374,0.00344946078978821,1.74294160525172,2.09450589797942
RT,VP0084,Incongruent,PercentRTChange,0.0966987452114068,0.116560928665371,0.0159985229489823,0.0142243831573848,-0.00177413979159747,1.61271845332944,1.43260310833315
RT,VP0085,Incongruent,PercentRTChange,0.117900972297404,0.106395671052638,0.0096603922058151,0.0110228313359756,0.00136243913016047,0.970720441460271,1.10838065752852
RT,VP0086,Incongruent,PercentRTChange,0.121239727850539,0.126862314889016,0.0333851955805148,0.0391229671842049,0.00573777160369016,3.3948735027965,3.98983491602214
RT,VP0087,Incongruent,PercentRTChange,0.115159575847784,0.118630761456963,0.0282925882379498,0.0373162407397837,0.00902365250183384,2.86966249263243,3.80212335411139
RT,VP0088,Incongruent,PercentRTChange,0.116319726592744,0.119205288983648,0.0237680811593371,0.0333851847924648,0.00961710363312774,2.40527932118828,3.39487238736744
RT,VP0089,Incongruent,PercentRTChange,0.111203093983642,0.116165010242966,0.0127007888193738,0.0233341479833151,0.0106333591639413,1.27817863854411,2.36085191305131
RT,VP0090,Incongruent,PercentRTChange,0.111804450766312,0.127698486216831,0.0214342963676856,0.0295410206020008,0.00810672423431518,2.16656609871473,2.99816850741053
RT,VP0091,Incongruent,PercentRTChange,0.0578045385929864,0.0919595177285016,0.0501068849386097,0.0698128380932831,0.0197059531546734,5.13834674279019,7.23074673616269
RT,VP0092,Incongruent,PercentRTChange,0.0800556897002509,0.0962626067688939,0.0310787346487903,0.0360147279219385,0.00493599327314814,3.15667207326515,3.66711143897398
RT,VP0093,Incongruent,PercentRTChange,0.0403482650613644,0.0875304695073595,0.0528415191963874,0.0589074769730303,0.00606595777664288,5.42625515027595,6.06770991442001
RT,VP0094,Incongruent,PercentRTChange,0.119597331471955,0.123684118839558,-0.00272346076344759,0.0173350422263166,0.0200585029897642,-0.271975550865122,1.74861660538526
RT,VP0095,Incongruent,PercentRTChange,0.105006595938681,0.102000232552263,0.108433955146329,0.133643433875541,0.0252094787292114,11.4531297051113,14.2985197174712
RT,VP0096,Incongruent,PercentRTChange,0.117746620977603,0.119986925159135,0.0301971727982209,0.0382673644504661,0.00807019165224528,3.06577315892806,3.90089898132688
RT,VP0097,Incongruent,PercentRTChange,0.115321432832902,0.0693783267035794,0.041587658290349,0.0300062022356902,-0.0115814560546589,4.24645385056492,3.04609250952241
RT,VP0098,Incongruent,PercentRTChange,0.100386138031808,0.115627896869942,0.0322464207474789,0.0475405938924931,0.0152941731450142,3.27719703920115,4.86887706164616
RT,VP0099,Incongruent,PercentRTChange,0.0385960084357673,0.0189719047896132,0.0481038070456344,0.0681777121725521,0.0200739051269177,4.92795722836421,7.05555423261031
RT,VP0100,Incongruent,PercentRTChange,0.121812250699488,0.119166577713864,0.0209759349381858,0.0214295004874159,0.000453565549230039,2.11974761614364,2.16607612127109
RT,VP0101,Incongruent,PercentRTChange,0.104729658965362,0.105461204903354,0.0215042983375694,0.0209362174593928,-0.000568080878176627,2.17371820992593,2.1156917577781
RT,VP0102,Incongruent,PercentRTChange,0.120023712843989,0.119448814762967,0.00948810856439012,0.0069990193240817,-0.00248908924030842,0.953326336468208,0.702356970260043
RT,VP0103,Incongruent,PercentRTChange,0.115897189190047,0.121876862485065,0.0345683224157064,0.0390194115012722,0.00445108908556581,3.51727514631541,3.97906673521213
RT,VP0104,Incongruent,PercentRTChange,0.0209259258587982,0.110060715591391,0.0161837285856377,0.0345677385189939,0.0183840099333562,1.63153944436589,3.51721470293642
RT,VP0105,Incongruent,PercentRTChange,0.000276527854897301,0.00593555541777597,0.0189371125021912,0.013057055462284,-0.00588005703990716,1.91175568490205,1.31426710342413
RT,VP0106,Incongruent,PercentRTChange,0.1065671640405,0.088196332139079,0.0371834565730589,0.0437783997716835,0.00659494319862464,3.78834099071763,4.47508122159159
RT,VP0107,Incongruent,PercentRTChange,0.109649607817974,0.124627623793829,0.0413656485566867,0.0567458502065801,0.0153802016498933,4.22331269198659,5.83867874274993
RT,VP0108,Incongruent,PercentRTChange,0.114575855856911,0.124028371437944,0.0253953320268974,0.0481655559453514,0.022770223918454,2.57205405617167,4.93443661431803
RT,VP0109,Incongruent,PercentRTChange,0.113944650744763,0.111210611323751,0.0597048661069482,0.0465798313245884,-0.0131250347823598,6.15232088321569,4.76817135491034
RT,VP0110,Incongruent,PercentRTChange,0.0624084840792812,0.0667813659079308,0.0518068961820397,0.0655086209141569,0.0137017247321171,5.31723512741831,6.7701941840608
RT,VP0111,Incongruent,PercentRTChange,0.120786472748592,0.123523140319199,0.0205340977470445,0.0243503824088677,0.0038162846618232,2.07463728014279,2.46492740818789
RT,VP0112,Incongruent,PercentRTChange,0.0986841821796317,0.064063259170066,0.0234197181664589,0.0292594601038555,0.00583974193739662,2.36961132466316,2.96917237405196
RT,VP0113,Incongruent,PercentRTChange,0.0213494817652357,0.108546565394362,0.0581225993731601,0.0729398816080099,0.0148172822348498,5.9844924068895,7.56658676685344
RT,VP0114,Incongruent,PercentRTChange,0.120499311196222,0.123402762314708,0.0405389546612323,0.048401721821825,0.0078627671605927,4.13718752010201,4.9592214740672
RT,VP0115,Incongruent,PercentRTChange,0.0951814378596457,0.123463080388796,0.0485602026576498,0.0628454469272648,0.0142852442696149,4.97585681737065,6.48622487800643
RT,VP0116,Incongruent,PercentRTChange,0.110616129701884,0.0893147026586728,0.0451752200315077,0.0555738442234929,0.0103986241919852,4.62111610018308,5.71470783953205
RT,VP0117,Incongruent,PercentRTChange,0.000276303729575682,0.103241522612281,0.0640827931585796,0.0644148717176256,0.000332078559046003,6.61806675725127,6.65347821059508
RT,VP0118,Incongruent,PercentRTChange,0.0422983657392124,0.0312758437814489,0.0514028944318714,0.0627169752550881,0.0113140808232167,5.27469537375003,6.47254529337096
RT,VP0119,Incongruent,PercentRTChange,0.110558562070234,0.122782054744703,0.0723722089665544,0.0703213408947878,-0.0020508680717666,7.50554148691815,7.28528773723613
RT,VP0120,Incongruent,PercentRTChange,0.0787999997896271,0.120257916416627,0.0216209121193477,0.0217445360303629,0.000123623911015169,2.18563376835039,2.19826713692353
RT,VP0121,Incongruent,PercentRTChange,0.0626218523847713,0.0469797540714842,0.0550857139580367,0.068038025113993,0.0129523111559563,5.66311788346554,7.04060100154789
RT,VP0122,Incongruent,PercentRTChange,0.0721436728687763,0.0964054837393063,0.0753787448603882,0.0897395029206256,0.0143607580602374,7.82924712866189,9.38892916213929
RT,VP0123,Incongruent,PercentRTChange,0.102796895851371,0.103533985298358,0.0265599159846025,0.0136853666067075,-0.0128745493778949,2.69157740881518,1.37794398888786
RT,VP0124,Incongruent,PercentRTChange,0.0112294833623299,0.000199641285523557,0.0322420298054678,0.0684131259944814,0.0361710961890137,3.27674355601348,7.08075955651537
RT,VP0125,Incongruent,PercentRTChange,0.000275881440972709,0.117010358346224,0.0199346991144627,0.0146022063392313,-0.00533249277523133,2.01347221509525,1.47093393786453
RT,VP0126,Incongruent,PercentRTChange,0.0983944444584681,0.105636439427047,0.0165873048155155,0.015804849453197,-0.000782455362318475,1.6725637955612,1.59304066852453
RT,VP0127,Incongruent,PercentRTChange,0.0895895284922904,0.0606828817277014,0.0225535690481871,0.0291167418175346,0.00656317276934752,2.28098236456518,2.95447783884124
RT,VP0128,Incongruent,PercentRTChange,0.0877915302033715,0.0907879774259,0.014599185678663,0.0188254476831125,0.00422626200444951,1.47062742907846,1.9003763624883
RT,VP0129,Incongruent,PercentRTChange,0.000274776130571758,0.0893242863136555,0.0501534015099441,0.0423763569697028,-0.00777704454024125,5.14323753194692,4.32870532259417
RT,VP0130,Incongruent,PercentRTChange,0.108820620176944,0.108383842541709,0.00374128056642638,0.00775139675805779,0.00401011619163141,0.374828789263071,0.778151660724591
RT,VP0131,Incongruent,PercentRTChange,0.0850911393223624,0.111838009328677,0.092096645324168,0.0966591826996488,0.00456253737548075,9.64707857348168,10.1484904529925
RT,VP0132,Incongruent,PercentRTChange,0.0981343387285328,0.125478192027909,0.0386728502059369,0.0502608355212921,0.0115879853153552,3.94303785862429,5.15453409852795
RT,VP0133,Incongruent,PercentRTChange,0.0927416888072504,0.118026654999617,0.0267583944145636,0.030413634559898,0.00365524014533439,2.7119614947033,3.08808537253809
RT,VP0134,Incongruent,PercentRTChange,0.0419301108305351,0.10447607300875,0.0753486758568696,0.0776212601631458,0.00227258430627618,7.82600485939671,8.07132719811365
RT,VP0135,Incongruent,PercentRTChange,0.0610997671105772,0.125974567985985,0.0560799702500374,0.0640414992425018,0.00796152899246443,5.76822634697047,6.61366417065088
RT,VP0136,Incongruent,PercentRTChange,0.107643507388371,0.13078219280612,0.0263128711026144,0.0345229086500927,0.00821003754747824,2.66621111362877,3.51257414379087
RT,VP0137,Incongruent,PercentRTChange,0.1245031690653,0.121942667952888,0.0653876595846991,0.0804024968551623,0.0150148372704632,6.75727990050603,8.37231750729763
RT,VP0138,Incongruent,PercentRTChange,0.118942222145322,0.120583306487171,0.0392560853377473,0.0404499000775192,0.00119381473977192,4.00367877224719,4.12791403914747
RT,VP0139,Incongruent,PercentRTChange,0.000275783679118785,0.119576606372119,0.0560598987061627,0.0507548940482802,-0.00530500465788259,5.76610343667991,5.20649942865099
RT,VP0140,Incongruent,PercentRTChange,0.112819439289055,0.104161894667396,0.0565170080197281,0.0612474096153083,0.00473040159558023,5.81446115916098,6.31619181321768
RT,VP0141,Incongruent,PercentRTChange,0.111952617126549,0.122687057511984,0.0381056645220185,0.0444210405799803,0.00631537605796179,3.88409957166422,4.54224275029285
RT,VP0142,Incongruent,PercentRTChange,0.105578713161104,0.113760701098438,0.0340774008944912,0.0344190626499173,0.000341661755426131,3.46646876012311,3.50182533511822
RT,VP0143,Incongruent,PercentRTChange,0.082827328137963,0.0961716749997225,0.045755080413332,0.0497122111650475,0.00395713075171549,4.68179933271267,5.09685958222075
RT,VP0144,Incongruent,PercentRTChange,0.119028455368964,0.104923851550597,0.0341274449638982,0.0346297982966241,0.000502353332725872,3.47164677283038,3.52363915760983
RT,VP0145,Incongruent,PercentRTChange,0.111364735362423,0.125751809490805,0.0776862082608763,0.0882137273922496,0.0105275191313732,8.07834645317556,9.22215347443431
RT,VP0146,Incongruent,PercentRTChange,0.0982487628495668,0.112028160653242,0.0427317546461611,0.0505111797219701,0.00777942507580899,4.36579009158375,5.18086222172349
RT,VP0147,Incongruent,PercentRTChange,0.120108413594402,0.124213526721609,0.0368201319989739,0.0450964251084422,0.00827629310946829,3.75063898537944,4.61287281215783
RT,VP0148,Incongruent,PercentRTChange,0.107540482926522,0.117719793244666,0.112725031161932,0.0935930483015353,-0.0191319828603963,11.9324111379528,9.81127761164362
RT,VP0149,Incongruent,PercentRTChange,0.112969205966037,0.110695360453015,0.0146607979310206,0.0182087169757939,0.00354791904477332,1.47687945558126,1.8375506465637
RT,VP0150,Incongruent,PercentRTChange,0.0819977894440546,0.0786517457881434,0.0992205407031672,0.119783697610115,0.0205631569069478,10.4309817968803,12.7252997689832
RT,VP0151,Incongruent,PercentRTChange,0.000276215180582981,0.0853042519949422,0.0321846370194893,0.0566654523567099,0.0244808153372206,3.27081638606406,5.83016988259752
RT,VP0152,Incongruent,PercentRTChange,0.100088495513594,0.0807186932336486,0.0786220418394305,0.0937443222961644,0.015122280456734,8.17953714033739,9.82789045877746
RT,VP0153,Incongruent,PercentRTChange,0.119323378695499,0.112995354979708,0.0130642279746001,0.017232252557306,0.0041680245827059,1.31499378385878,1.73815843626717
RT,VP0154,Incongruent,PercentRTChange,0.10242564894551,0.119988832789776,0.045708505631284,0.0428426807269069,-0.00286582490437709,4.67692391426102,4.37736762175571
RT,VP0155,Incongruent,PercentRTChange,0.0613522324705805,0.125567800822566,0.00562612990502184,0.0217193226476088,0.0160931927425869,0.564198629663526,2.19569040538159
RT,VP0156,Incongruent,PercentRTChange,0.00548758243232393,0.109756085443869,0.0272230754017387,0.0278758496691976,0.000652774267458918,2.75970088129895,2.82680166821683
RT,VP0157,Incongruent,PercentRTChange,0.0506140885170562,0.113767955433318,0.0485783694669361,0.059226051376933,0.0106476819099969,4.97776391106397,6.10150575483834
RT,VP0158,Incongruent,PercentRTChange,0.113712896005996,0.123723570971604,0.0143566409654931,0.0153715216155767,0.00101488065008361,1.44601924926611,1.54902711273255
RT,VP0159,Incongruent,PercentRTChange,0.103480941070327,0.10121299508165,0.0315955756597854,0.0222455532558312,-0.00935002240395426,3.2100014521683,2.24948305813015
RT,VP0160,Incongruent,PercentRTChange,0.106027221568712,0.108280017593035,0.0427610420380747,0.0394286301635634,-0.00333241187451121,4.36884673814091,4.02162561715826
RT,VP0161,Incongruent,PercentRTChange,0.0996570655062635,0.0988687694154329,0.040991623046964,0.0472577584914593,0.00626613544449527,4.1843378035876,4.83922062488926
RT,VP0162,Incongruent,PercentRTChange,0.119374771017076,0.119367819915388,0.0378331345904707,0.0429633512680916,0.00513021667762086,3.85579190263783,4.38996365516384
RT,VP0163,Incongruent,PercentRTChange,0.118469004573705,0.0633256692131988,0.0606859162832511,0.0618679538235337,0.00118203754028255,6.25651273669454,6.38218618438262
RT,VP0164,Incongruent,PercentRTChange,0.125111461321431,0.13024901739794,0.0277449149073598,0.0341855807388695,0.00644066583150965,2.81333894681821,3.47766235206155
RT,VP0165,Incongruent,PercentRTChange,0.088009045659796,0.115024501851124,0.0350785750248123,0.0418861082403755,0.00680753321556321,3.57010858409981,4.27757084270846
RT,VP0166,Incongruent,PercentRTChange,0.0489781420848503,0.0472877489142094,0.0413534675515864,0.0509424402541981,0.00958897270261167,4.22204315501524,5.22623235881698
RT,VP0167,Incongruent,PercentRTChange,0.119216391067562,0.122931010947881,0.0396998184671589,0.0384438201953567,-0.00125599827180226,4.04983889072863,3.91923450950848
RT,VP0168,Incongruent,PercentRTChange,0.113528622192842,0.100006874200557,0.0357851369242456,0.0291034922180792,-0.00668164470616636,3.64331313547344,2.95311374228462
RT,VP0169,Incongruent,PercentRTChange,0.0246648288847444,0.123801896093588,0.0644178899752031,0.0713970600839817,0.00697917010877856,6.65380011874965,7.40075867599059
RT,VP0170,Incongruent,PercentRTChange,0.000276226850875733,0.105689167685188,0.0519666016300517,0.0579919642891243,0.00602536265907262,5.33405620681098,5.97064801811855
RT,VP0171,Incongruent,PercentRTChange,0.0842033689319513,0.125879671640518,0.0299454190366293,0.0393720318583026,0.00942661282167333,3.03982922872201,4.01573833604449
RT,VP0172,Incongruent,PercentRTChange,0.000276135697061364,0.126143566003841,0.0027755483336424,0.0136900654755655,0.0109145171419231,0.27794037340434,1.37842035167095
RT,VP0173,Incongruent,PercentRTChange,0.118161368193354,0.126089943121431,0.0587825074767039,0.0718837849059895,0.0131012774292856,6.0544555143506,7.45304601488128
RT,VP0174,Incongruent,PercentRTChange,0.0906444925593465,0.121905526186759,0.0382371442118121,0.0390842400118586,0.000847095800046493,3.89775911880723,3.98580776174373
RT,VP0175,Incongruent,PercentRTChange,0.01481943987404,0.107131162115311,0.00496312776081906,0.00793009677265143,0.00296696901183237,0.497546448053221,0.796162327102312
RT,VP0176,Incongruent,PercentRTChange,0.107207692945142,0.0993912027383114,0.00713226476234962,0.0107542567371303,0.00362199197478064,0.715775993941148,1.08122916101787
RT,VP0177,Incongruent,PercentRTChange,0.11002033291358,0.101093370707328,0.0437268223359788,0.0553113698325096,0.0115845474965308,4.46969280376872,5.68696407714673
RT,VP0179,Incongruent,PercentRTChange,0.097316526236824,0.114628881318022,0.0220711965833688,0.0319237590042718,0.00985256242090308,2.23165673261772,3.24387881431827
RT,VP0180,Incongruent,PercentRTChange,0.11308481008503,0.105309785557216,0.0389053732014016,0.0453286598650182,0.00642328666361655,3.96720981530387,4.63717037847056
RT,VP0181,Incongruent,PercentRTChange,0.10433286871691,0.121074170185561,0.141029976447479,0.167246047915193,0.0262160714677139,15.1459164122564,18.2045069255997
RT,VP0182,Incongruent,PercentRTChange,0.106555042717205,0.104671517100293,0.0605269298643853,0.0698191435132723,0.00929221364888707,6.23962073708821,7.23142287318828
RT,VP0183,Incongruent,PercentRTChange,0.10878794009999,0.0828297742990591,0.0603733464023683,0.0722156418482211,0.0118422954458528,6.22330534125159,7.4887109716697
RT,VP0184,Incongruent,PercentRTChange,0.107346394096497,0.0763746130128233,0.0601487169582522,0.059544976136728,-0.000603740821524194,6.19944713894831,6.13534954860013
RT,VP0185,Incongruent,PercentRTChange,0.09304890447621,0.0666589429669421,0.0348256341503964,0.0420858080231495,0.00726017387275309,3.5439147831523,4.29839713038731
RT,VP0186,Incongruent,PercentRTChange,0.118057108929499,0.129230229763908,0.0496816876531036,0.0479454042321483,-0.00173628342095536,5.0936517059301,4.91133766105376
RT,VP0187,Incongruent,PercentRTChange,0.108758934131671,0.119947111170849,0.018927019171303,0.0218789092792415,0.00295189010793851,1.91072706102164,2.21200077280446
RT,VP0188,Incongruent,PercentRTChange,0.11806999908962,0.114957507233792,0.0428742799709953,0.0521498665489772,0.00927558657798187,4.38066591978408,5.35336201306629
RT,VP0189,Incongruent,PercentRTChange,0.105562595112941,0.112058948840942,0.0426758033684276,0.0482667618011173,0.00559095843268968,4.35995085563434,4.94505713119509
RT,VP0190,Incongruent,PercentRTChange,0.11924592321926,0.123393032711622,0.0302840744351218,0.051393899679128,0.0211098252440062,3.07473013250623,5.27374845815363
RT,VP0191,Incongruent,PercentRTChange,0.122083576374832,0.130564160959191,0.0399949576998733,0.0405698813560393,0.000574923656165967,4.08055261253208,4.14040818892056
RT,VP0192,Incongruent,PercentRTChange,0.115139226171781,0.103164390183314,0.0984837058621944,0.0938402493715249,-0.00464345649066952,10.3496423725106,9.83842643243666
RT,VP0193,Incongruent,PercentRTChange,0.122417565137027,0.116577396111209,0.0224672471052604,0.0205931311859481,-0.00187411591931225,2.27215365250428,2.08066327487213
RT,VP0194,Incongruent,PercentRTChange,0.118733123821605,0.119713105439822,0.0262302862270983,0.0264140309303759,0.000183744703277623,2.65773278745982,2.67659733518728
RT,VP0195,Incongruent,PercentRTChange,0.117269849228834,0.113826948930858,0.0225381330658035,0.0220790715357775,-0.000459061530025971,2.27940356930838,2.2324618052191
RT,VP0196,Incongruent,PercentRTChange,0.0912934064525267,0.116899472556721,0.0654244641900398,0.075470534026225,0.0100460698361852,6.76120913236649,7.83914513956676
RT,VP0197,Incongruent,PercentRTChange,0.000275775946166588,0.120287714424919,0.0229246628276721,0.0461380693244699,0.0232134064967979,2.31894524433889,4.72189897942492
RT,VP0198,Incongruent,PercentRTChange,0.00985820792215643,0.11269054568341,0.0202598443813757,0.0235385532278613,0.00327870884648562,2.04664680573565,2.38177714655943
RT,VP0199,Incongruent,PercentRTChange,0.0976848860039836,0.080421603814143,0.0338122609870459,0.042168802777043,0.00835654178999706,3.43903930665443,4.30705370940898
RT,VP0200,Incongruent,PercentRTChange,0.121828465896648,0.119727450582685,0.0164578764137848,0.0153605952072152,-0.00109728120656956,1.65940532968725,1.54791755265538
RT,VP0201,Incongruent,PercentRTChange,0.113457325217858,0.128059693726882,0.0464067498043954,0.0530687130582249,0.00666196325382958,4.75003948973505,5.45021006942488
RT,VP0202,Incongruent,PercentRTChange,0.0876966292905309,0.0632680354035262,0.049314392614288,0.0673208055386496,0.0180064129243616,5.05505841704315,6.96385691162462
RT,VP0203,Incongruent,PercentRTChange,0.0641261422385854,0.115885723069892,0.03921923298435,0.0411427570346883,0.00192352405033833,3.99984606254506,4.20008478794056
RT,VP0204,Incongruent,PercentRTChange,0.0726906679309998,0.115582472248296,0.0232119182725264,0.0257912002977239,0.00257928202519742,2.34834114033553,2.61266711602652
RT,VP0205,Incongruent,PercentRTChange,0.114938716742529,0.121525266052066,0.0351314252113835,0.0418378237923811,0.00670639858099754,3.57558242830724,4.27253597931589
RT,VP0206,Incongruent,PercentRTChange,0.0849258294724132,0.115055764245475,0.018434103036946,0.0235174534656795,0.00508335042873347,1.86050599779224,2.3796169381999
RT,VP0207,Incongruent,PercentRTChange,0.117729986551903,0.124763116787799,0.0235966810294924,0.0240618558857818,0.00046517485628934,2.38772854716129,2.43536782351172
RT,VP0208,Incongruent,PercentRTChange,0.0318207156934054,0.127637054106298,0.0346129594874408,0.0414533108358318,0.00684035134839105,3.52189595748085,4.23244954559008
RT,VP0209,Incongruent,PercentRTChange,0.120265861052517,0.121368053829583,0.0349941948753602,0.0372459035922694,0.00225170871690914,3.56136969155842,3.79482246561358
RT,VP0210,Incongruent,PercentRTChange,0.105169846797189,0.1095665757332,0.0449959153927643,0.0416161096383279,-0.00337980575443641,4.60235873044776,4.24941984489207
RT,VP0211,Incongruent,PercentRTChange,0.119817270770543,0.114613783013315,0.0815920296342039,0.091645819465476,0.0100537898312722,8.50130663450088,9.5976579760094
RT,VP0212,Incongruent,PercentRTChange,0.0998166717357599,0.121043667575355,0.0254462773945151,0.0271584472078408,0.00171216981332572,2.57727976028443,2.75305992202441
RT,VP0213,Incongruent,PercentRTChange,0.0404806348750171,0.0907314470156139,0.0208640431248754,0.0286290956382867,0.00776505251341132,2.1083218916425,2.90428472032256
RT,VP0214,Incongruent,PercentRTChange,0.0740615027967374,0.0842852056556561,0.0406588540187542,0.0415263254603114,0.000867471441557209,4.14967425054031,4.24006031659765
RT,VP0215,Incongruent,PercentRTChange,0.101490902257714,0.107016062178119,0.0360957664697972,0.0333377965865843,-0.0027579698832129,3.67551281155862,3.38997280595987
RT,VP0216,Incongruent,PercentRTChange,0.0543942027480426,0.126364345938326,0.036978869961756,0.0396507628905987,0.00267189292884273,3.76710945765935,4.04473479108414
RT,VP0217,Incongruent,PercentRTChange,0.0714448754142642,0.126044084621485,0.0204265358726918,0.0273854277175392,0.00695889184484737,2.06365853129107,2.77638551106549
RT,VP0218,Incongruent,PercentRTChange,0.0961189150860365,0.0941107528864072,0.0344503461073984,0.0475093633175094,0.013059017210111,3.50506328071714,4.86560199745898
RT,VP0219,Incongruent,PercentRTChange,0.115977022253929,0.0950114714402341,0.0279145362250427,0.0201795308786936,-0.00773500534634901,2.83077975997079,2.03845141119854
RT,VP0220,Incongruent,PercentRTChange,0.0914240250326648,0.105127361882823,0.0178225812130186,0.0121436270860523,-0.00567895412696629,1.79823511732005,1.22176602991897
RT,VP0221,Incongruent,PercentRTChange,0.0791917767005934,0.0870376087811792,0.0340972111736208,0.0360295485720415,0.00193233739842073,3.4685184800525,3.6686478643452
RT,VP0222,Incongruent,PercentRTChange,0.0981174343400085,0.0647298541077001,0.115300340087981,0.125225747780563,0.00992540769258192,12.2210431742778,13.3404287691117
RT,VP0223,Incongruent,PercentRTChange,0.000275808182450742,0.119533249830757,-0.000410171124049285,0.0250590737312728,0.025469244855322,-0.0410087015373817,2.53756915033878
RT,VP0224,Incongruent,PercentRTChange,0.119059883957064,0.118723921612472,0.0212639676538366,0.0258557113491597,0.00459174369532311,2.14916568085024,2.61928698059772
RT,VP0225,Incongruent,PercentRTChange,0.116772016175572,0.11836232886891,0.0263630512535825,0.030960426492753,0.00459737523917042,2.67136304886315,3.14446851951342
RT,VP0226,Incongruent,PercentRTChange,0.0814858780854645,0.103338752716308,0.0188184458839913,0.021692745625942,0.00287429974195064,1.89966287902048,2.19297438439547
RT,VP0227,Incongruent,PercentRTChange,0.116523182651833,0.122683504779598,0.0428478858383035,0.0478900452255892,0.0050421593872857,4.37791091899542,4.90553003437775
RT,VP0228,Incongruent,PercentRTChange,0.101504204259935,0.0915423194828496,0.00238636543078271,0.0198397324363851,0.0174533670056024,0.238921506707435,2.00378479451817
RT,VP0229,Incongruent,PercentRTChange,0.120797556323986,0.127980199578716,0.065039856867327,0.0868603955241763,0.0218205386568493,6.72015588474839,9.07443962890995
RT,VP0230,Incongruent,PercentRTChange,0.108737941779638,0.111601396683813,0.0398778422794773,0.0434682575604527,0.00359041528097537,4.06836388861551,4.44268411299813
RT,VP0231,Incongruent,PercentRTChange,0.114851691743871,0.0977790531752308,0.0311102502480062,0.0315544684502624,0.000444218202256194,3.15992316882849,3.20575886421481
RT,VP0232,Incongruent,PercentRTChange,0.0985563771222916,0.121355240218985,0.0362690272249388,0.0282141301996057,-0.00805489702533306,3.69347726542053,2.86159185731538
RT,VP0233,Incongruent,PercentRTChange,0.11090181516112,0.114730444218095,0.0159790676451844,0.0126549661274792,-0.00332410151770521,1.61074156625274,1.27353790609495
RT,VP0234,Incongruent,PercentRTChange,0.112693500823404,0.109424202800472,0.057735557021398,0.0666506838095251,0.00891512678812706,5.94347985700687,6.89220211827566
RT,VP0235,Incongruent,PercentRTChange,0.0259402726783895,0.0167406632543891,0.0744574092205885,0.097754892338843,0.0232974831182544,7.72994595215037,10.269247360897
RT,VP0236,Incongruent,PercentRTChange,0.120240591746472,0.12382385544519,0.0789920110723558,0.0779422418835907,-0.00104976918876519,8.21956764528242,8.10602168649888
RT,VP0237,Incongruent,PercentRTChange,0.110659621121375,0.0859978280681995,0.0684116014097887,0.0673110373694359,-0.00110056404035286,7.08059630295292,6.96281207567364
RT,VP0238,Incongruent,PercentRTChange,0.000276275366657242,0.116360664515387,0.0287714098332287,0.0385472923822116,0.00977588254898281,2.91893050288528,3.92998781628398
RT,VP0239,Incongruent,PercentRTChange,0.11708483435325,0.117663407646089,0.0519874535254515,0.0616614407026953,0.00967398717724384,5.33625264443289,6.36021913543205
RT,VP0240,Incongruent,PercentRTChange,0.116401059674946,0.113229980292717,0.0350552840717573,0.0333527430350518,-0.00170254103670545,3.56769636565439,3.39151813040899
RT,VP0241,Incongruent,PercentRTChange,0.116011729299959,0.121073619395337,0.0547673628455466,0.065070273110388,0.0103029102648414,5.6294852661128,6.72340196031576
RT,VP0242,Incongruent,PercentRTChange,0.0920178344179349,0.0874505941185084,0.0512300555881762,0.0582599727842356,0.00702991719605942,5.25650138949014,5.99905285821907
RT,VP0243,Incongruent,PercentRTChange,0.106520887309013,0.11766931000862,0.0331414384307404,0.0391837279971209,0.00604228956638053,3.36967333461553,3.99615361488934
RT,VP0244,Incongruent,PercentRTChange,0.117930155099363,0.119149742730714,0.0426778085234135,0.0458883078027324,0.00321049927931885,4.36016011371994,4.69574674462352
RT,VP0245,Incongruent,PercentRTChange,0.104327398884251,0.113726201846962,0.00493122405477616,0.00840591344492443,0.00347468939014827,0.494340255018288,0.844134233650085
RT,VP0246,Incongruent,PercentRTChange,0.0716694724022355,0.102859184826348,0.0552356790790502,0.0834186359120476,0.0281829568329974,5.67896485394233,8.69967691940254
RT,VP0247,Incongruent,PercentRTChange,0.117936890820553,0.0990224883230768,0.0491035177663581,0.0510191314472917,0.00191561368093355,5.03290728321577,5.23430259357534
RT,VP0248,Incongruent,PercentRTChange,0.104986349373686,0.0909049611133473,0.0886365837785738,0.100808028855853,0.0121714450772793,9.26834852580696,10.6064288954219
RT,VP0249,Incongruent,PercentRTChange,0.0967940968248557,0.0813807106245208,0.0251214049196167,0.03168905566795,0.00656765074833328,2.54396063806628,3.21964997491169
RT,VP0250,Incongruent,PercentRTChange,0.0412479704602532,0.125263975719799,0.0615055371612494,0.0672197134448223,0.00571417628357294,6.34363849312389,6.9530442579117
RT,VP0251,Incongruent,PercentRTChange,0.0336663974684024,0.120910445042029,0.0682264184329631,0.0937354599442007,0.0255090415112376,7.06076863529919,9.82691712966977
RT,VP0252,Incongruent,PercentRTChange,0.106122211974308,0.106781783787455,0.037249954156707,0.0576391878470599,0.0203892336903528,3.79524289408175,5.93327066326024
RT,VP0253,Incongruent,PercentRTChange,0.117667483005348,0.0934502405261238,0.066259171525504,0.068326880894614,0.00206770936910995,6.85036069932949,7.07152476394706
RT,VP0254,Incongruent,PercentRTChange,0.0932375968875184,0.10619322195402,0.0904619095364591,0.100039942063415,0.0095780325269558,9.46798099861188,10.5215061764131
RT,VP0255,Incongruent,PercentRTChange,0.11795199353057,0.0971463027351072,0.0275825438920317,0.0323741163774974,0.00479157248546563,2.79664639581405,3.29038592800743
RT,VP0256,Incongruent,PercentRTChange,0.0425397241171236,0.0684028048288506,0.0357976843659863,0.0474617073663428,0.0116640230003566,3.64461360206556,4.86060464652884
RT,VP0257,Incongruent,PercentRTChange,0.118739005341639,0.11985052779133,0.0082010831130272,0.00859244636481307,0.00039136325178587,0.823480411501953,0.86294673898355
RT,VP0258,Incongruent,PercentRTChange,0.118743423676675,0.124269934013296,0.060618672267733,0.0624965983121887,0.00187792604445568,6.2493678623309,6.44908378461921
RT,VP0259,Incongruent,PercentRTChange,0.119761053911508,0.0601076857651,0.0287082927805866,0.049412736806063,0.0207044440254764,2.91243476832883,5.06539047989589
RT,VP0260,Incongruent,PercentRTChange,0.111477594484715,0.0968702094860328,0.0806016929537055,0.0774459408486983,-0.00315575210500724,8.39390700033518,8.05238186790753
RT,VP0261,Incongruent,PercentRTChange,0.0994083837780948,0.105356243208183,0.0675055954535081,0.0755604421492741,0.00805484669576594,6.98362458001289,7.84884119056781
RT,VP0262,Incongruent,PercentRTChange,0.0486918694216796,0.121280265012068,0.0581354581464757,0.0640232645506283,0.00588780640415254,5.98585524621453,6.61172012105984
RT,VP0263,Incongruent,PercentRTChange,0.117424744536159,0.0434476406049725,0.0275079380620796,0.0348853536749967,0.00737741561291711,2.78897745277087,3.55009856116271
RT,VP0264,Incongruent,PercentRTChange,0.128527969836922,0.11682439780672,0.035900605900094,0.0430221568778343,0.00712155097774029,3.65528141366385,4.39610255112661
RT,VP0265,Incongruent,PercentRTChange,0.114378177132255,0.109394903774416,0.051416918956299,0.0522935609695318,0.000876642013232821,5.27617181164004,5.368501791099
RT,VP0266,Incongruent,PercentRTChange,0.0618425133782609,0.100105696318594,0.0163388874497995,0.0317841928863188,0.0154453054365192,1.64730970200508,3.2294704724313
RT,VP0267,Incongruent,PercentRTChange,0.116665779665688,0.114304140528911,0.0725708003141475,0.0935222472672186,0.0209514469530711,7.52689327734601,9.80350313483282
RT,VP0268,Incongruent,PercentRTChange,0.108933342109053,0.0680279753101569,0.0179501697448001,0.0206547957861331,0.00270462604133291,1.81122423329012,2.08695823224561
RT,VP0269,Incongruent,PercentRTChange,0.118783793684264,0.111667557631269,0.100332589316189,0.101548885832278,0.00121629651608886,10.5538547246941,10.6884028016272
RT,VP0270,Incongruent,PercentRTChange,0.0396650044888252,0.104567354183183,0.0216565161594012,0.0331234358281866,0.0114669196687854,2.18927205451644,3.367812428221
RT,VP0271,Incongruent,PercentRTChange,0.122863371583095,0.127194040632695,0.0401210841873075,0.0391679857602569,-0.000953098427050568,4.09368075492915,3.99451649569218
RT,VP0272,Incongruent,PercentRTChange,0.104092996808316,0.125897824428934,0.0120445548909178,0.0216536458414443,0.00960909095052653,1.21173826410756,2.1889787392348
RT,VP0273,Incongruent,PercentRTChange,0.115553863841542,0.0875389492609848,0.118522090610055,0.151594674340752,0.033072583730697,12.5831744137335,16.3688468033188
RT,VP0274,Incongruent,PercentRTChange,0.112923861793267,0.119750177698072,0.0779050542652556,0.0588410949270124,-0.0190639593382432,8.10200155577467,6.060669156512
RT,VP0275,Incongruent,PercentRTChange,0.0865622780171112,0.0672779799005977,0.0864602982491471,0.115900443852499,0.0294401456033514,9.03080797187465,12.2884076555626
RT,VP0276,Incongruent,PercentRTChange,0.000275705694231451,0.000189488988466399,0.04011731280643,0.0551119976387103,0.0149946848322803,4.09328817875236,5.66589513561302
RT,VP0277,Incongruent,PercentRTChange,0.102981522787809,0.0704533612814376,0.0383767773505457,0.0546239653483844,0.0162471879978386,3.91226770193631,5.6143393482684
RT,VP0278,Incongruent,PercentRTChange,0.0841584483215999,0.102936922474336,0.0541338929694301,0.0635310678723475,0.00939717490291737,5.56259335840816,6.55925909818014
RT,VP0279,Incongruent,PercentRTChange,0.0835683882489263,0.10777465173698,0.0299470046037482,0.0421284456665131,0.0121814410627649,3.0399926054167,4.30284426305449
RT,VP0280,Incongruent,PercentRTChange,0.0710854799063708,0.119025235812612,0.051182756374797,0.0599797518060359,0.00879699543123883,5.25152295751026,6.18150464906764
RT,VP0281,Incongruent,PercentRTChange,0.000276057806628783,0.000191765702933516,0.0382448726239565,0.0485128492437307,0.0102679766197741,3.89856208661341,4.9708859698655
RT,VP0282,Incongruent,PercentRTChange,0.112673867682121,0.107458473412637,0.0211688585712606,0.0282595776577871,0.00709071908652649,2.13945082940905,2.86626676144024
RT,VP0283,Incongruent,PercentRTChange,0.00156637887150289,0.000195786059007573,0.0501535135702297,0.102655128604906,0.0525016150346768,5.14324931432879,10.8109188009655
RT,VP0284,Incongruent,PercentRTChange,0.0642337590936572,0.0267256848751745,0.0788795554907905,0.122243117252317,0.043363561761526,8.20739843512674,13.0028797883665
RT,VP0285,Incongruent,PercentRTChange,0.0715272165898685,0.114553657792955,0.0534933020539645,0.0655224996019205,0.012029197547956,5.49499257462545,6.77167602453133
RT,VP0286,Incongruent,PercentRTChange,0.0711000358769403,0.0832531058220244,0.0470673301020089,0.0479170022928994,0.000849672190890438,4.81925816172462,4.90835801792899
RT,VP0287,Incongruent,PercentRTChange,0.0922400563374683,0.0355884589010387,0.0393717750840002,0.0603256340531406,0.0209538589691404,4.01571162747927,6.21823729871611
RT,VP0288,Incongruent,PercentRTChange,0.034667394346903,0.100296988213306,0.023550666444242,0.0363330721541696,0.0127824057099276,2.38301732669073,3.70011851950074
RT,VP0289,Incongruent,PercentRTChange,0.121585375591279,0.0798427111928296,0.0494772815664669,0.0507307175544523,0.00125343598798543,5.07217211920845,5.2039559351134
RT,VP0290,Incongruent,PercentRTChange,0.11898119837124,0.123649376384888,0.068007864677012,0.0746820849861305,0.00667422030911842,7.03737265893132,7.75415297949333
RT,VP0291,Incongruent,PercentRTChange,0.116808506570152,0.0997614138254746,0.0675359137916503,0.071356237526057,0.0038203237344067,6.98686819488885,7.39637439178784
RT,VP0292,Incongruent,PercentRTChange,0.117499152216674,0.117227475887104,0.0161656330714137,0.023535008347293,0.00736937527587933,1.62970038603767,2.38141421603035
RT,VP0293,Incongruent,PercentRTChange,0.103057187137455,0.119059383627336,0.0287519453865599,0.0408729955810709,0.012121050194511,2.91692726234734,4.171979412645
RT,VP0294,Incongruent,PercentRTChange,0.118512677288237,0.111378342024406,0.0137601520852343,0.0200917621376553,0.00633161005242103,1.38552587044491,2.02949601778823
RT,VP0295,Incongruent,PercentRTChange,0.0813325271738528,0.122029414858875,0.0437192278591238,0.0483961458995654,0.00467691804044154,4.46889941411737,4.95863623123944
RT,VP0296,Incongruent,PercentRTChange,0.0532667702055723,0.0320101016915446,0.0786272373161366,0.0996721568575058,0.0210449195413692,8.18009918606273,10.480865475489
RT,VP0297,Incongruent,PercentRTChange,0.000275967269178181,0.00019431996964532,0.0487391185675906,0.0705078744145344,0.0217687558469437,4.99464034860113,7.30530190617344
RT,VP0298,Incongruent,PercentRTChange,0.108679271272882,0.117285337487125,0.0235052898245058,0.0375110770204405,0.0140057871959347,2.37837163684969,3.82234974410331
RT,VP0299,Incongruent,PercentRTChange,0.0285549388419785,0.0422685536343632,0.0434526152433939,0.0669246492866518,0.0234720340432579,4.44105040019633,6.92149090330489
RT,VP0300,Incongruent,PercentRTChange,0.101048122781888,0.117846086795362,0.025211467335205,0.0376481506911274,0.0124366833559224,2.55319641075709,3.83658203009563
RT,VP0301,Incongruent,PercentRTChange,0.115399617768987,0.0955656801714971,0.0599800639212953,0.0625557829738748,0.00257571905257953,6.18153778994068,6.4553841240697
RT,VP0302,Incongruent,PercentRTChange,0.081137144606295,0.113390234384912,0.0963561004155249,0.114253745119486,0.0178976447039613,10.1151114554601,12.1036546349749
RT,VP0303,Incongruent,PercentRTChange,0.0857053354695268,0.00687820909601138,0.0235875340667643,0.0215189149571667,-0.0020686191095976,2.38679201470766,2.17521165521237
RT,VP0304,Incongruent,PercentRTChange,0.0460646928609627,0.0799132073896028,0.0527786030538356,0.0668542985480635,0.014075695494228,5.41962234563564,6.91396916203202
RT,VP0305,Incongruent,PercentRTChange,0.0699901828068446,0.100372291149597,0.0625318379054129,0.0677845513168674,0.00525271341145442,6.45283507312744,7.01347245229884
RT,VP0306,Incongruent,PercentRTChange,0.0760763722154699,0.0641674135018412,0.0338958301582844,0.0413420670396258,0.00744623688134145,3.44768398265216,4.22085497713864
RT,VP0307,Incongruent,PercentRTChange,0.102997880332798,0.0870971574309196,0.00749447043189104,0.00480004085608436,-0.00269442957580668,0.752262426415862,0.481157950680555
RT,VP0308,Incongruent,PercentRTChange,0.123518497779354,0.0963149890083271,0.0538614084835564,0.0571474639969526,0.00328605551339626,5.53383310796838,5.8811935523833
RT,VP0309,Incongruent,PercentRTChange,0.0395500743065568,0.124505323022953,0.0350498348628052,0.0514787723915889,0.0164289375287837,3.56713200517387,5.28268370591018
RT,VP0310,Incongruent,PercentRTChange,0.000275867678231381,0.000182327482429346,0.0423195491156004,0.0576992039540836,0.0153796548384832,4.3227788010616,5.93962855655583
RT,VP0311,Incongruent,PercentRTChange,0.0541757829897069,0.106979585231377,0.0288740933453396,0.0358561098246238,0.00698201647928412,2.92949912273421,3.65066926305122
RT,VP0312,Incongruent,PercentRTChange,0.112891117454362,0.0854438423950613,0.0748030053054835,0.0885608191354971,0.0137578138300136,7.76718343389069,9.26007016198893
RT,VP0313,Incongruent,PercentRTChange,0.117286916084485,0.121976417111276,0.0868915652554883,0.104663459460287,0.0177718942047986,9.07783950287249,11.0336874099659
RT,VP0314,Incongruent,PercentRTChange,0.0744191371196701,0.107368797964133,0.0489634208261193,0.0500468790557416,0.00108345822962226,5.01819352498132,5.13203801275295
RT,VP0315,Incongruent,PercentRTChange,0.0862822606071549,0.128043350221563,0.0251709728680227,0.0288173566589731,0.00364638379095042,2.54904365779292,2.92365940968919
RT,VP0316,Incongruent,PercentRTChange,0.119333128893671,0.11846763864766,0.0740267995392311,0.0765139202365841,0.00248712069735305,7.68356638091412,7.95172173676377
RT,VP0317,Incongruent,PercentRTChange,0.115075077163522,0.125938658713693,0.0361991091900035,0.0399026373448739,0.00370352815487045,3.68622747470304,4.07094430249448
RT,VP0318,Incongruent,PercentRTChange,0.111495589699216,0.0856836678305305,0.0465294880500057,0.0587632355994741,0.0122337475494684,4.76289711485467,6.05241166559871
RT,VP0319,Incongruent,PercentRTChange,0.0878126118051905,0.0934979959886533,0.0544516986683449,0.0526521319185585,-0.0017995667497864,5.59614708366982,5.40629064937226
RT,VP0320,Incongruent,PercentRTChange,0.0522699594118294,0.0638908207834662,0.00677678717577153,0.00932783147099403,0.0025510442952225,0.67998015564652,0.937147127367255
RT,VP0321,Incongruent,PercentRTChange,0.099197344464604,0.104920672761302,0.0278031418873155,0.0422003004158579,0.0143971585285423,2.81932563133585,4.31033918705468
RT,VP0322,Incongruent,PercentRTChange,0.105456596490665,0.110850578092195,0.0179530702119493,0.0156815712070507,-0.00227149900489851,1.81151953382968,1.58051722859995
RT,VP0323,Incongruent,PercentRTChange,0.068751571278912,0.109500186349744,0.0379856842608711,0.0395276621029234,0.00154197784205231,3.87163627795812,4.03192759058228
RT,VP0324,Incongruent,PercentRTChange,0.0632511095658167,0.109188105243806,0.0274056451042659,0.0386789464454892,0.0112733013412232,2.77846340200243,3.94367152221435
RT,VP0325,Incongruent,PercentRTChange,0.0426096975797859,0.120705928146239,0.0190852384616944,0.0231184379322337,0.00403319947053925,1.92685257959093,2.33877402975269
RT,VP0326,Incongruent,PercentRTChange,0.0876489318875286,0.114691798060273,0.00808042659235161,0.0120673413859868,0.0039869147936352,0.811316135017504,1.21404455115846
RT,VP0327,Incongruent,PercentRTChange,0.0583163647937269,0.0948240545373951,0.0624087608190327,0.0739778865445721,0.0115691257255395,6.43973397458877,7.6782993840202
RT,VP0328,Incongruent,PercentRTChange,0.055101101467607,0.000178108274342546,-0.0331956521831592,-0.0178016655243022,0.015393986658857,-3.26507229250699,-1.76441519295982
RT,VP0329,Incongruent,PercentRTChange,0.0840222286202226,0.105617803393814,0.0432683307252909,0.053667571153853,0.0103992404285621,4.42180530489418,5.51337869404389
RT,VP0330,Incongruent,PercentRTChange,0.0959700277716784,0.0243182963840912,0.0439288298167644,0.0774306005560647,0.0335017707393004,4.49079859492252,8.05072432546354
RT,VP0331,Incongruent,PercentRTChange,0.12624151867588,0.0863985121324604,0.0230442757480782,0.0216964907459644,-0.00134778500211386,2.33118464417303,2.19335711006667
RT,VP0332,Incongruent,PercentRTChange,0.107088298525898,0.0737125763530509,0.0350276462731673,0.0379331917724179,0.00290554549925063,3.56483402207644,3.86618394039482
RT,VP0333,Incongruent,PercentRTChange,0.114674870249261,0.119110130912468,0.0264680036986953,0.0275581698975106,0.00109016619881528,2.68213922494129,2.79414086145306
RT,VP0334,Incongruent,PercentRTChange,0.122287317995151,0.124937842985556,0.0542281519627103,0.0459896707869098,-0.0082384811758005,5.57254405114993,4.70635955580825
RT,VP0335,Incongruent,PercentRTChange,0.0807501171532141,0.114900068708968,0.0191276892341374,0.0186087808264017,-0.000518908407735684,1.93117954505648,1.87830031990395
RT,VP0336,Incongruent,PercentRTChange,0.0749618041602214,0.120649697882,0.0344057497595462,0.0279034297987284,-0.0065023199608178,3.50044743583626,2.82963768383475
RT,VP0337,Incongruent,PercentRTChange,0.109649284291349,0.119667163173032,0.022506424590403,0.0261614604407372,0.00365503585033411,2.27616049677304,2.65066753141336
RT,VP0338,Incongruent,PercentRTChange,0.110275622105269,0.120317238909367,0.0407658752203087,0.0507775762694094,0.0100117010491007,4.16082107028251,5.20888577279894
RT,VP0339,Incongruent,PercentRTChange,0.00679102103306848,0.122021453963422,0.0386437242994755,0.0427958442871098,0.00415211998763432,3.94001046751429,4.37247907194294
RT,VP0340,Incongruent,PercentRTChange,0.107387709104412,0.096350961610751,0.015259709406254,0.0250805767359362,0.00982086732968221,1.5376733264143,2.5397740398722
RT,VP0341,Incongruent,PercentRTChange,0.109004320823221,0.106909606561833,0.0602964541816734,0.0660921336073368,0.00579567942566341,6.21513790942436,6.8325141280914
RT,VP0342,Incongruent,PercentRTChange,0.0756092347711646,0.117388254076106,0.0120346352174556,0.026160437466506,0.0141258022490504,1.21073428169305,2.65056252247937
RT,VP0343,Incongruent,PercentRTChange,0.0238176691226225,0.110625892932832,0.0357480173928421,0.0560277675337102,0.0202797501408681,3.63946601565881,5.76270510236729
RT,VP0344,Incongruent,PercentRTChange,0.0900119567675592,0.0539837614667355,0.0436306398532079,0.0546892393283844,0.0110585994751765,4.45964513255326,5.62123344154275
RT,VP0345,Incongruent,PercentRTChange,0.117290058772179,0.117519067840376,0.0249880525141319,0.0242376866976488,-0.000750365816483009,2.53028706596936,2.45338070096306
RT,VP0346,Incongruent,PercentRTChange,0.104750143992841,0.118068522353717,0.00816364202565865,0.019537691126443,0.0113740491007843,0.819705541431115,1.97298009012061
RT,VP0347,Incongruent,PercentRTChange,0.102827797069773,0.0807967138656693,0.085212795244682,0.108061055160182,0.0228482599155,8.89487651642877,11.4115765826491
RT,VP0348,Incongruent,PercentRTChange,0.111459345615088,0.0937419030833335,0.0345119563775035,0.0500334960824043,0.0155215397049008,3.5114404520707,5.13063104290605
RT,VP0349,Incongruent,PercentRTChange,0.120146486287991,0.101920352476397,0.0549130033394286,0.0497204401747146,-0.00519256316471392,5.64487031683145,5.09772442885266
RT,VP0350,Incongruent,PercentRTChange,0.106809774155825,0.10821409487636,0.0739495579697838,0.0795582785547874,0.00560872058500352,7.67524905446899,8.28086622145994
RT,VP0351,Incongruent,PercentRTChange,0.0699836152052209,0.0847070274090478,0.0273862097673357,0.029193766331361,0.00180755656402538,2.7764658873483,2.96240816285378
RT,VP0352,Incongruent,PercentRTChange,0.0889126857422553,0.080390916239254,0.103960622167959,0.105580118541185,0.00161949637322591,10.9556762115506,11.1355141108708
RT,VP0353,Incongruent,PercentRTChange,0.10490918402381,0.108753690734999,0.0134365845023011,0.0109344851243543,-0.00250209937794679,1.35272610765076,1.09944850970078
RT,VP0354,Incongruent,PercentRTChange,0.019611857052601,0.0114021489780464,0.0781825196289863,0.112323604596651,0.0341410849676645,8.13200027856718,11.8874875119778
RT,VP0355,Incongruent,PercentRTChange,0.106584932985135,0.111501893236596,0.0250503167694075,0.0223342857924954,-0.0027160309769121,2.53667123668748,2.2585563166752
RT,VP0356,Incongruent,PercentRTChange,0.100880118602977,0.108511401221861,0.0237053482150649,0.0372267085690534,0.0135213603539885,2.39885533800726,3.79283014070808
RT,VP0357,Incongruent,PercentRTChange,0.0686725309552752,0.12088169299496,0.0103564471071989,-0.00589471432835282,-0.0162511614355517,1.04102607177052,-0.587737458751592
RT,VP0358,Incongruent,PercentRTChange,0.0954353513430341,0.115207365550205,0.0602721212151175,0.0673991582784256,0.0071270370633081,6.21255341147027,6.97223815121291
RT,VP0359,Incongruent,PercentRTChange,0.113615711272409,0.110618618015734,0.0588503418653654,0.0628348447769368,0.00398450291157137,6.06164989751579,6.48509590102722
RT,VP0360,Incongruent,PercentRTChange,0.104755633945956,0.117989433366296,0.0368099292742187,0.0372892224598055,0.000479293185586788,3.74958045156666,3.79931883716706
RT,VP0361,Incongruent,PercentRTChange,0.107852761618464,0.0324069818771919,0.0437972362303687,0.0591022917179298,0.0153050554875611,4.47704918067728,6.08837548118224
RT,VP0362,Incongruent,PercentRTChange,0.114351329941563,0.107290118750754,0.020443171966108,0.0361192728390412,0.0156761008729332,2.06535648597241,3.67794987508747
RT,VP0363,Incongruent,PercentRTChange,0.0875930124221474,0.0929783122825821,0.0270702177987007,0.033666378722085,0.00659616092338433,2.74399448018534,3.42395048593742
RT,VP0364,Incongruent,PercentRTChange,0.116731914412415,0.113913656110411,0.0906563524463304,0.0972580444090164,0.00660169196268605,9.4892683408943,10.2144739217839
RT,VP0365,Incongruent,PercentRTChange,0.0954577620742132,0.101981699698511,0.0280974175146028,0.0420187631231589,0.0139213456085561,2.84958730530143,4.29140468918889
RT,VP0366,Incongruent,PercentRTChange,0.107800722699183,0.101572742878088,0.00723571340641638,0.0100083471208191,0.00277263371440274,0.726195443333499,1.00585981301335
RT,VP0367,Incongruent,PercentRTChange,0.0813561461734071,0.120352600843839,0.0541882822953224,0.0554909822817208,0.0013026999863984,5.56833499284075,5.70594847648052
RT,VP0368,Incongruent,PercentRTChange,0.0826936731234195,0.0967937856851504,0.0521018760586699,0.061478561697276,0.00937668563860613,5.3483061748848,6.34076986282641
RT,VP0369,Incongruent,PercentRTChange,0.11604655314855,0.0970395146895601,0.0551710872827005,0.0489984172303145,-0.00617267005238595,5.67213908021289,5.02186884844094
RT,VP0370,Incongruent,PercentRTChange,0.0903130274775946,0.122223048263578,0.0426477649541657,0.0483298981324165,0.00568213317825076,4.35702480912095,4.95168318626054
RT,VP0371,Incongruent,PercentRTChange,0.0748422492135436,0.105250041792115,0.0563396100967009,0.0646496317257017,0.00831002162900081,5.79569155841844,6.67851912118833
RT,VP0372,Incongruent,PercentRTChange,0.120592983339801,0.122148652325277,0.0445052810626862,0.0444484916089319,-5.67894537542649e-05,4.55104981023557,4.54511258181498
RT,VP0373,Incongruent,PercentRTChange,0.10744445484604,0.115038929221717,0.022369391194453,0.024212581062917,0.00184318986846401,2.26214620741021,2.4508085760977
RT,VP0374,Incongruent,PercentRTChange,0.0320337968636179,0.123126948704118,0.021995376722771,0.0264659687287142,0.0044705920059432,2.22390583649521,2.68193027008299
RT,VP0375,Incongruent,PercentRTChange,0.10921853312031,0.099966060041072,0.0396663625207717,0.07447987624307,0.0348135137222983,4.04635786312795,7.73236635045746
RT,VP0376,Incongruent,PercentRTChange,0.000275446719302285,0.000192296867748626,0.0448630781949642,0.0549933783998425,0.0101303002048783,4.58846456908188,5.65336187091561
RT,VP0377,Incongruent,PercentRTChange,0.0459195413299187,0.0444742796059946,0.0253460640497279,0.0258460142486821,0.000499950198954147,2.56700066304045,2.61829187588576
RT,VP0378,Incongruent,PercentRTChange,0.111764147077903,0.12657800711731,0.0108870767432436,0.0116187309005972,0.000731654157353568,1.09465566212723,1.16864905271374
RT,VP0379,Incongruent,PercentRTChange,0.1035398631123,0.0938092099112116,0.101205077278169,0.101476519005313,0.000271441727143884,10.6503537230776,10.6803929229629
RT,VP0380,Incongruent,PercentRTChange,0.000275493907481578,0.000192518368143855,0.0513032822847419,0.0943260531589679,0.043022770874226,5.26420925758637,9.89179931932993
RT,VP0381,Incongruent,PercentRTChange,0.0962723894804152,0.117781078225343,0.0705056470794532,0.0699987952331668,-0.000506851846286419,7.30506290157629,7.25068891327096
RT,VP0382,Incongruent,PercentRTChange,0.0703645995607047,0.0828783254331712,0.043680204356432,0.0527398132148246,0.00905960885839265,4.46482275128322,5.41553321476513
RT,VP0383,Incongruent,PercentRTChange,0.0758235297561795,0.0199928710831883,0.0226364779417799,0.0502271730148089,0.027590695073029,2.28946271919215,5.15099439292015
RT,VP0384,Incongruent,PercentRTChange,0.10392737274996,0.0858824399386371,0.0752887838245979,0.0788364715832278,0.0035476877586299,7.81954713421902,8.20273653800205
RT,VP0385,Incongruent,PercentRTChange,0.0733588338165073,0.0761728254580861,0.023115126674445,0.0364587356458809,0.0133436089714359,2.33843516025114,3.7131506572996
RT,VP0386,Incongruent,PercentRTChange,0.106650786341289,0.127519034805034,0.0550969167490223,0.0609772639015861,0.00588034715256381,5.6643016119206,6.28747482875984
RT,VP0387,Incongruent,PercentRTChange,0.091021349112523,0.0988272233637859,0.0414657481226462,0.0602798895924589,0.0188141414698127,4.23374592252213,6.21337851386841
RT,VP0388,Incongruent,PercentRTChange,0.105376109148768,0.111622679379464,0.0420410203035637,0.0466780840138064,0.00463706371024272,4.29372594762998,4.7784656152015
RT,VP0389,Incongruent,PercentRTChange,0.119800980158074,0.106880571720561,0.0226534735971091,0.0281207586884644,0.00546728509135522,2.2912012104177,2.85198796341728
RT,VP0390,Incongruent,PercentRTChange,0.000275334945671841,0.110863090821502,0.00741934833771419,0.0307717562635085,0.0233524079257943,0.744693989751299,3.12501006466583
RT,VP0391,Incongruent,PercentRTChange,0.108541588869762,0.0815746034091098,0.0184312756364413,0.0255641927362037,0.00713291709976235,1.86021799775331,2.58937590842356
RT,VP0392,Incongruent,PercentRTChange,0.107871954890787,0.0907377688799139,0.0285397041556507,0.0401960181765318,0.0116563140208811,2.89508636487525,4.10148120193681
RT,VP0393,Incongruent,PercentRTChange,0.0973597137841592,0.10756865525463,0.051155581081536,0.0465727311679748,-0.00458284991356121,5.24866275537132,4.76742748712637
RT,VP0394,Incongruent,PercentRTChange,0.0209625425633796,0.0115103320462138,0.0240601775755522,0.039725980089099,0.0156658025135468,2.4351959053303,4.05256103888436
RT,VP0395,Incongruent,PercentRTChange,0.000275966258963542,0.000195130435455402,-0.00163005433530992,-0.0168769966375589,-0.015246942302249,-0.162872651831114,-1.67353779484156
RT,VP0396,Incongruent,PercentRTChange,0.082692487690988,0.0272333047235127,0.0427574171466685,0.0776664661021838,0.0349090489555153,4.368468413091,8.07621277437043
RT,VP0397,Incongruent,PercentRTChange,0.114529406602349,0.0967912660997771,0.100993572500227,0.0900696058796035,-0.0109239666206236,10.6269531193411,9.42504473193542
RT,VP0398,Incongruent,PercentRTChange,0.113149973826104,0.113906186579434,0.0190863600497302,0.0366541125086618,0.0175677524589316,1.92696689959342,3.7334157869084
RT,VP0399,Incongruent,PercentRTChange,0.000276150097642554,0.000189490632071392,-0.0246734852972742,-0.0144970459607673,0.0101764393365069,-2.43715829502194,-1.43924697486055
RT,VP0400,Incongruent,PercentRTChange,0.115050846739171,0.126817394269043,0.0157402405988336,0.0242891149337626,0.00854887433492902,1.58647707059119,2.45864983310633
RT,VP0401,Incongruent,PercentRTChange,0.0166156451030575,0.00406673248795144,0.0997910802298118,0.145560623444428,0.0457695432146161,10.4940050138703,15.6687854858591
RT,VP0402,Incongruent,PercentRTChange,0.120385248517732,0.112528892712712,0.0302182973970851,0.0321508059903271,0.00193250859324203,3.06795040503933,3.26732268716134
RT,VP0403,Incongruent,PercentRTChange,0.117392163251035,0.120015958313727,0.026564779566896,0.029238994458128,0.00267421489123199,2.69207685896733,2.9670650650131
RT,VP0404,Incongruent,PercentRTChange,0.0728019132216798,0.100413215542749,0.0416562131604053,0.0427847861006397,0.00112857294023442,4.25360069763525,4.37132490798851
RT,VP0405,Incongruent,PercentRTChange,0.107844640859706,0.0988099940934503,0.0577170995030502,0.0611089626809498,0.00339186317789964,5.94152442132987,6.30147368125211
RT,VP0406,Incongruent,PercentRTChange,0.118976452703431,0.122292844251504,0.0115501298835351,0.0185802144221235,0.00703008453858841,1.16170901854336,1.87539006475779
RT,VP0407,Incongruent,PercentRTChange,0.118546076909592,0.08485075295557,0.0195131169812028,0.02068029923746,0.00116718225625721,1.97047422208723,2.08956183521629
RT,VP0408,Incongruent,PercentRTChange,0.100945804947793,0.125051388389797,0.0333661056102546,0.0414373603862231,0.00807125477596848,3.3928997165761,4.23078700441519
RT,VP0409,Incongruent,PercentRTChange,0.0865244924144161,0.112865650626385,0.0190196504102504,0.0334323720808371,0.0144127216705867,1.92016761516971,3.3997514261404
RT,VP0410,Incongruent,PercentRTChange,0.117577968264437,0.118923608059829,0.0511222398541113,0.0563163371260156,0.00519409727190435,5.24515369426877,5.79322940704106
RT,VP0411,Incongruent,PercentRTChange,0.119685463460925,0.122187954754709,0.0327308837904173,0.0292931136208634,-0.00343777016955384,3.3272431461107,2.97263770715575
RT,VP0412,Incongruent,PercentRTChange,0.0335362044152182,0.12465064480938,0.0632652237358138,0.0762496358229503,0.0129844120871365,6.53093470905872,7.92319554896326
RT,VP0413,Incongruent,PercentRTChange,0.109363425557054,0.109492171563879,0.0372354562063326,0.0428867127859263,0.00565125657959373,3.79373808670951,4.38196367335317
RT,VP0414,Incongruent,PercentRTChange,0.119655714313336,0.121350193085546,0.0308803622230339,0.0410554247250812,0.0101750625020473,3.13621066354985,4.19098515122671
RT,VP0415,Incongruent,PercentRTChange,0.118305803828982,0.126244838297431,0.0319816962760187,0.0361852703341937,0.00420357405817497,3.24986065626547,3.68479258588019
RT,VP0416,Incongruent,PercentRTChange,0.0671868590257288,0.117890246569281,0.0409003790302304,0.0510571324523308,0.0101567534221004,4.17483203980429,5.23830167882264
RT,VP0417,Incongruent,PercentRTChange,0.10887469291461,0.122890490186372,0.0531008158376859,0.0590985946086102,0.00599777877092433,5.45359536860131,6.08798326158559
RT,VP0418,Incongruent,PercentRTChange,0.0750826397926559,0.082779271268219,0.0011679327091567,-6.08800655329252e-05,-0.00122881277468962,0.116861500816379,-0.00608782123793228
RT,VP0419,Incongruent,PercentRTChange,0.0651984128561583,0.12216572286941,0.0204875455844462,0.0225680817827201,0.00208053619827385,2.06988559563244,2.28246675208124
RT,VP0420,Incongruent,PercentRTChange,0.112241585249168,0.11419384410135,0.0586203381321869,0.0532868926184239,-0.005333445513763,6.03725812729892,5.4732196599006
RT,VP0421,Incongruent,PercentRTChange,0.0982796377070208,0.102980432090529,0.01571012015164,0.0146925758651416,-0.00101754428649843,1.58341728655427,1.4801042324095
RT,VP0422,Incongruent,PercentRTChange,0.11293340022757,0.110411335971984,0.0591894555832841,0.0651269747266527,0.00593751914336853,6.09762295707537,6.72945352126519
RT,VP0423,Incongruent,PercentRTChange,0.120722607600453,0.122568893257656,0.0309318501752273,0.0266835229527696,-0.0042483272224577,3.14152107254377,2.70427158788331
RT,VP0424,Incongruent,PercentRTChange,0.0623481068982411,0.107466594205284,0.105632091952934,0.108726180605613,0.00309408865267963,11.1412903528098,11.4857039064017
RT,VP0425,Incongruent,PercentRTChange,0.0526821471293814,0.0521770258201055,0.0755793919892403,0.0934086203099179,0.0178292283206776,7.85088492821311,9.79102720568501
RT,VP0426,Incongruent,PercentRTChange,0.119079084114527,0.118548401979642,0.050222551921756,0.0565139401495742,0.00629138822781816,5.15050848151317,5.8141365346317
RT,VP0427,Incongruent,PercentRTChange,0.0680630233969459,0.122368081901266,0.0209270076772681,0.0221647727304652,0.00123776505319702,2.11475129883623,2.2412236247755
RT,VP0428,Incongruent,PercentRTChange,0.102510188465465,0.109632384998953,0.0557396991322957,0.0595309329416047,0.00379123380930908,5.73224259683247,6.13385907964243
RT,VP0429,Incongruent,PercentRTChange,0.119641131307202,0.0864222619412353,0.03996862031009,0.0418606190064719,0.00189199869638192,4.07781143854691,4.27491292118869
RT,VP0430,Incongruent,PercentRTChange,0.0595039712653426,0.0935137299790885,0.0702605412099726,0.0638569599082713,-0.00640358130170128,7.27876502384788,6.59399157128497
RT,VP0431,Incongruent,PercentRTChange,0.110095986775763,0.0958874681293632,0.0336067997491958,0.0369164772835387,0.00330967753434285,3.4177887767513,3.76063535175992
RT,VP0432,Incongruent,PercentRTChange,0.10940294552512,0.120897854445991,0.0183194212999142,0.0152559683069769,-0.00306345299293729,1.84882512783349,1.53729346460858
RT,VP0433,Incongruent,PercentRTChange,0.09096042865348,0.0998569993958854,0.0240755429518391,0.0277604478712453,0.00368490491940628,2.43676987275268,2.81493595510214
RT,VP0434,Incongruent,PercentRTChange,0.0660076999320193,0.116236594456028,0.000541549231369599,0.0183309446481294,0.0177893954167598,0.0541695895628802,1.8499987740729
RT,VP0435,Incongruent,PercentRTChange,0.000275362897771278,0.000194350828305333,0.0116029553140284,0.021061952890406,0.00945899757637761,1.16705307052136,2.12853212552215
RT,VP0436,Incongruent,PercentRTChange,0.119234802529063,0.12151871131072,0.0763318748031159,0.0826166720160568,0.0062847972129409,7.93207140746719,8.61253864855112
RT,VP0437,Incongruent,PercentRTChange,0.0681118835564729,0.0415779599205838,0.0348913226446725,0.0449373296434115,0.010046006998739,3.55071665040563,4.59623070238677
RT,VP0438,Incongruent,PercentRTChange,0.0960541247167521,0.105271496168314,0.0484262514406784,0.051185082909545,0.00275883146886659,4.96179611534244,5.25176782912056
RT,VP0439,Incongruent,PercentRTChange,0.117524883465079,0.122709207181098,0.0322456395445482,0.0342921462068896,0.00204650666234136,3.27711635878367,3.48869008515706
RT,VP0440,Incongruent,PercentRTChange,0.0912346298046738,0.113449553051993,0.105818759226105,0.0974347382819223,-0.00838402094418221,11.162038730878,10.2339498646206
RT,VP0441,Incongruent,PercentRTChange,0.115080155715127,0.118589916000235,0.0524367907931919,0.0797323459526745,0.0272955551594826,5.38359478388741,8.29971603060511
RT,VP0442,Incongruent,PercentRTChange,0.107214149236919,0.104914220102502,0.063568393087902,0.0768675436669888,0.0132991505790868,6.56323651972393,7.98990274537417
RT,VP0443,Incongruent,PercentRTChange,0.000276570653502222,0.124142698480988,0.0110341476104563,0.0210527616112732,0.0100186140008169,1.10952483419025,2.12759343798985
RT,VP0444,Incongruent,PercentRTChange,0.107589033975745,0.000197614579166029,0.0197969539382343,0.0281121755416822,0.00831522160344796,1.99942131913109,2.85110517349632
RT,VP0445,Incongruent,PercentRTChange,0.0551259456153086,0.0782569347165945,0.027913605285855,0.0353824275057513,0.0074688222198963,2.83068403081277,3.60158340015251
RT,VP0446,Incongruent,PercentRTChange,0.106008619350046,0.118841580960716,0.0126197164774937,0.0113712511184944,-0.0012484653589993,1.26996811224833,1.14361495533479
RT,VP0447,Incongruent,PercentRTChange,0.118031140627217,0.130461090839481,-0.000871802394496323,0.00967610381843355,0.0105479062129299,-0.0871422485198781,0.972306866768258
RT,VP0448,Incongruent,PercentRTChange,0.0871808512568186,0.115805208641448,0.0254235155041006,0.0202774120094923,-0.00514610349460835,2.57494493405614,2.04843953902427
RT,VP0449,Incongruent,PercentRTChange,0.112108751085513,0.102256497606796,0.0197472306875381,0.0241264035034152,0.00437917281587704,1.99434970242367,2.44197999586382
RT,VP0450,Incongruent,PercentRTChange,0.118090561000048,0.115490663269923,0.0375855282792438,0.0401890154852086,0.00260348720596483,3.83007973648393,4.10075221395012
RT,VP0451,Incongruent,PercentRTChange,0.0935474411398162,0.10949460713511,0.069377888155154,0.0759183831520288,0.0065404949968748,7.18411687106784,7.88745162264566
RT,VP0452,Incongruent,PercentRTChange,0.121585294640581,0.0990412776621492,0.0549162915257521,0.0511884876819819,-0.00372780384377021,5.6452176974203,5.25212618804867
RT,VP0453,Incongruent,PercentRTChange,0.117759076977223,0.0880009847769006,0.0217365234160201,0.0235502646625687,0.00181374124654857,2.19744826490311,2.38297619107897
RT,VP0454,Incongruent,PercentRTChange,0.107366055914289,0.113670309778613,0.0802003466985118,0.0979488411399795,0.0177484944414677,8.35041224048809,10.2906360233105
RT,VP0455,Incongruent,PercentRTChange,0.108281024870719,0.0813448014855981,0.0984504300954809,0.102175411719921,0.00372498162443997,10.3459704646472,10.7577736805009
RT,VP0456,Incongruent,PercentRTChange,0.0933640919541093,0.105422267395468,0.0356921207711148,0.0404459905836386,0.0047538698125238,3.63367308153515,4.12750695250048
RT,VP0457,Incongruent,PercentRTChange,0.113654100737605,0.0882928112705465,0.0451452863995445,0.0453106228675376,0.000165336467993091,4.61798445706911,4.63528305511296
RT,VP0458,Incongruent,PercentRTChange,0.0885346333052004,0.0899772757994574,0.0545057068207281,0.0628886467610426,0.00838293994031451,5.60185029048104,6.49082516458588
RT,VP0459,Incongruent,PercentRTChange,0.000275791327912332,0.00287686728059472,0.0290349962888051,0.0504763744918071,0.0214413782030021,2.94606211459383,5.17720144131264
RT,VP0460,Incongruent,PercentRTChange,0.097581555832634,0.0969594056695797,0.0285577916125597,0.0237827663403217,-0.00477502527223794,2.89694749214751,2.40678317229104
RT,VP0461,Incongruent,PercentRTChange,0.0768674711672683,0.100880354300478,0.000783206277924712,0.00915889733427426,0.00837569105634955,0.0783513064048558,0.920096837782869
RT,VP0462,Incongruent,PercentRTChange,0.0883781299333065,0.09655664572272,0.0667844813602993,0.0801190616122438,0.0133345802519446,6.90650498993919,8.34160532582222
RT,VP0463,Incongruent,PercentRTChange,0.0913198195761132,0.0629869468447398,0.0453750759578566,0.0537234297777731,0.00834835381991646,4.64202733980492,5.51927269079664
RT,VP0464,Incongruent,PercentRTChange,0.111992760080427,0.129926456583485,0.0378889052142164,0.0448792072436892,0.0069903020294728,3.86158416644942,4.5901514951272
RT,VP0465,Incongruent,PercentRTChange,0.0278004572863823,0.00319628037413058,0.0382171138331575,0.067021368468838,0.0288042546356805,3.89567802819331,6.93183276258322
RT,VP0466,Incongruent,PercentRTChange,0.0884291542035218,0.122367946750062,0.0676003763120934,0.0737842142912811,0.00618383797918771,6.99376506035927,7.65744710446712
RT,VP0467,Incongruent,PercentRTChange,0.0961911290492199,0.117056118849584,0.0690230504474874,0.0723422692396874,0.00331921879220001,7.14609065170628,7.50232284855215
RT,VP0468,Incongruent,PercentRTChange,0.0616165963143389,0.0929921974594919,0.118535841646237,0.129543701238953,0.0110078595927164,12.5847225596825,13.8308855883144
RT,VP0469,Incongruent,PercentRTChange,0.073453696062473,0.0946250794028081,0.0369303919528769,0.0497563696409958,0.0128259776881189,3.76207915673616,5.10150060183627
RT,VP0470,Incongruent,PercentRTChange,0.117222984462982,0.124425115572416,0.0473118695959392,0.061788585932341,0.0144767163364018,4.84489374439809,6.37374318966049
RT,VP0471,Incongruent,PercentRTChange,0.0780922035446881,0.125072944787686,0.01737071066907,0.0202765524377563,0.00290584176868637,1.75224588481686,2.04835182110765
RT,VP0472,Incongruent,PercentRTChange,0.118989116546769,0.124869172503601,0.0191187142158395,0.0316735358440717,0.0125548216282323,1.93026471496025,3.21804803655423
RT,VP0473,Incongruent,PercentRTChange,0.0785745801142996,0.125599978621919,0.0418663960436929,0.0452320988376472,0.00336570279395434,4.27551532298189,4.62706699360209
RT,VP0474,Incongruent,PercentRTChange,0.113076399579401,0.121965901834445,0.0351626210142381,0.044134951917295,0.00897233090305684,3.57881360215648,4.51233867768233
RT,VP0475,Incongruent,PercentRTChange,0.102654233137746,0.107036384700423,0.0809786698393298,0.102120837477452,0.0211421676381219,8.434776700799,10.7517293238393
RT,VP0476,Incongruent,PercentRTChange,0.0925905667766046,0.123197308653942,0.0426644320246199,0.0504908764587547,0.00782644443413474,4.35876414950065,5.17872672867139
RT,VP0477,Incongruent,PercentRTChange,0.105061850190075,0.113605349646716,0.023514869338012,0.0255926688764128,0.0020777995384008,2.37935237654101,2.59229729947066
RT,VP0478,Incongruent,PercentRTChange,0.120237234160812,0.123391548398572,0.0523047562738234,0.0614353598556583,0.00913060358183486,5.36968143014249,6.33617584496502
RT,VP0479,Incongruent,PercentRTChange,0.0668381808787868,0.110646896591991,0.0830188065624468,0.0832406233192458,0.000221816756799054,8.65622428567605,8.68032873023916
RT,VP0480,Incongruent,PercentRTChange,0.0956326017373735,0.0989256711064456,0.0224051832835631,0.00859419305414438,-0.0138109902294188,2.26580644876331,0.863122915370407
RT,VP0481,Incongruent,PercentRTChange,0.00810651398625531,0.098851202558525,0.0554080131966906,0.0614053792802686,0.00599736608357808,5.69717851447606,6.3329878730173
RT,VP0482,Incongruent,PercentRTChange,0.114813272919874,0.118606071119765,0.014159358361913,0.0226702383748217,0.00851088001290867,1.42600768849708,2.2929161140429
RT,VP0483,Incongruent,PercentRTChange,0.0884876656388652,0.0398902228898741,0.0313864049553038,0.0681772124491696,0.0367908074938658,3.18841520113937,7.05550073446
RT,VP0484,Incongruent,PercentRTChange,0.0869550408752084,0.118326234080974,0.0279148355681574,0.0395990405288297,0.0116842049606724,2.8308105416613,4.0393534908391
RT,VP0485,Incongruent,PercentRTChange,0.0573138500472021,0.094087356687947,0.0606220929862092,0.0744645492039243,0.0138424562177151,6.24973131212827,7.73071514491523
RT,VP0486,Incongruent,PercentRTChange,0.0343062797677591,0.0967340053190513,0.0122387025144269,0.0291728880792206,0.0169341855647936,1.23139019018843,2.96025851017574
RT,VP0487,Incongruent,PercentRTChange,0.109287873244212,0.10807875798379,0.0406996314753199,0.0429084375748216,0.00220880609950172,4.15392129594967,4.38423137411104
RT,VP0488,Incongruent,PercentRTChange,0.108827758521728,0.103684339542983,0.0752827682865438,0.0863099227474868,0.011027154460943,7.81889854358107,9.01441364211313
RT,VP0489,Incongruent,PercentRTChange,0.121757412277991,0.125580195709091,0.066643444541518,0.0846871683297896,0.0180437237882717,6.89142829977758,8.83765347873973
RT,VP0490,Incongruent,PercentRTChange,0.0667297904165159,0.11980251347533,0.0516172126682148,0.0710522653225836,0.0194350526543688,5.29726007872162,7.36373384038043
RT,VP0491,Incongruent,PercentRTChange,0.120527080667324,0.129500781247059,0.044147290617524,0.0467863342671613,0.00263904364963732,4.51362823205519,4.78980852457582
RT,VP0492,Incongruent,PercentRTChange,0.0455854784973549,0.0857765771447793,0.0469217065011854,0.0593464158691049,0.0124247093679195,4.80399511527232,6.1142773773067
RT,VP0493,Incongruent,PercentRTChange,0.117148829080541,0.120748492560483,0.0183104535105172,0.0155599860919151,-0.00275046741860207,1.84791177311481,1.56816730051612
RT,VP0494,Incongruent,PercentRTChange,0.101291748637488,0.0744284131054969,0.0424378405066991,0.0516715143339102,0.00923367382721115,4.3351200176047,5.30297805058335
RT,VP0495,Incongruent,PercentRTChange,0.118853511926044,0.124054746574861,0.0225107624785543,0.0273258720300958,0.00481510955154147,2.2766041602801,2.77026477503757
RT,VP0496,Incongruent,PercentRTChange,0.082408392503141,0.119815871019984,0.0472503669238454,0.0501189732016012,0.00286860627775578,4.83844570156537,5.13961769045785
RT,VP0497,Incongruent,PercentRTChange,0.114535114777858,0.118960796644676,0.0208888673898903,0.017684624732353,-0.00320424265753735,2.11085668714746,1.78419235973228
RT,VP0498,Incongruent,PercentRTChange,0.000276145837174325,0.106701921907561,0.00670843356712159,0.0155778448098427,0.00886941124272112,0.673098550878026,1.56998119396321
RT,VP0499,Incongruent,PercentRTChange,0.102940892307797,0.0926097301898081,0.0270176111219122,0.0284501635641364,0.00143255244222419,2.73858960224334,2.88587349044749
RT,VP0500,Incongruent,PercentRTChange,0.12230092919937,0.0894641998455872,0.00740552725651001,0.00874158301497631,0.0013360557584663,0.74330159877698,0.8779902227253
RT,VP0501,Incongruent,PercentRTChange,0.0133640875615085,0.12332574221926,0.0207612215036727,0.0254226292750506,0.00466140777137792,2.09782348818799,2.57485402920044
RT,VP0502,Incongruent,PercentRTChange,0.0916462832463875,0.105981602531553,0.0606643822263228,0.0553827058055598,-0.00528167642076298,6.25422462753649,5.69450362848531
RT,VP0503,Incongruent,PercentRTChange,0.0101863285780525,0.00322769680353633,0.0762969508305169,0.0933367106834701,0.0170397598529532,7.92830205658355,9.7831324577889
RT,VP0504,Incongruent,PercentRTChange,0.0541755881931865,0.106650597014526,0.0431713367531056,0.047367707844912,0.0041963710918064,4.41167751039035,4.85074826313003
RT,VP0505,Incongruent,PercentRTChange,0.119053063971132,0.104335276799919,0.0369937820596403,0.0356923547126232,-0.00130142734701708,3.76865685449017,3.6336973257558
RT,VP0506,Incongruent,PercentRTChange,0.0861204537306129,0.0514235939716597,0.0884253925781608,0.0964988779702334,0.00807348539207259,9.24527444872143,10.1308345442355
RT,VP0507,Incongruent,PercentRTChange,0.113099886387297,0.127746536312448,0.0706775538102188,0.0710365378581077,0.000358984047888866,7.32351094976069,7.36204529434874
RT,VP0508,Incongruent,PercentRTChange,0.0597562335396068,0.0673030730317694,0.0778246882384487,0.0932574551804603,0.0154327669420117,8.09331417650951,9.77443188519267
RT,VP0509,Incongruent,PercentRTChange,0.111315516902154,0.0759441399825481,0.0382891261966037,0.0298182394024461,-0.00847088679415757,3.90316007091651,3.02672549421614
RT,VP0510,Incongruent,PercentRTChange,0.0553784235593311,0.0487620629093878,0.0570953295655852,0.0673977373641047,0.0103024077985196,5.87567364045491,6.97208615293579
RT,VP0511,Incongruent,PercentRTChange,0.119298250902817,0.108729036527683,0.0412135440151127,0.0477602597222374,0.00654671570712469,4.20746105837155,4.89191570084853
RT,VP0512,Incongruent,PercentRTChange,0.12563884131198,0.109630419352966,0.0346868838070114,0.0339985482620608,-0.000688335544950638,3.52954902607061,3.45831047834833
RT,VP0513,Incongruent,PercentRTChange,0.116272519871515,0.123018283950669,0.0568370924092701,0.0817748887880318,0.0249377963787616,5.84833613750251,8.52114890573647
RT,VP0514,Incongruent,PercentRTChange,0.113348378788778,0.106218823854738,0.0377702358608112,0.0377268430016123,-4.33928591988542e-05,3.84925971069481,3.84475349215982
RT,VP0515,Incongruent,PercentRTChange,0.0709292837698983,0.0568431151400042,0.0772896593204333,0.103267610761047,0.0259779514406136,8.03549659599896,10.8788093001739
RT,VP0516,Incongruent,PercentRTChange,0.108523155462238,0.125689650193637,0.0290072873415775,0.0285062883589223,-0.000500998982655227,2.94320962711132,2.89164810103142
RT,VP0517,Incongruent,PercentRTChange,0.0469433869468116,0.120052216697328,0.00470280027358702,0.0122078365696755,0.00750503629608843,0.47138757939742,1.22826563591312
RT,VP0518,Incongruent,PercentRTChange,0.0618698647696456,0.00744732671953369,0.123813651145177,0.202611657288371,0.0787980061431941,13.1804940791884,22.4596812647908
RT,VP0519,Incongruent,PercentRTChange,0.000276004472401441,0.102538303773551,0.0484888490607355,0.0817302771203845,0.033241428059649,4.96836667962488,8.51630770429663
RT,VP0520,Incongruent,PercentRTChange,0.113099972473189,0.102433561803998,0.0365424878324843,0.0421201540924191,0.0055776662599348,3.7218372242011,4.30197943187849
RT,VP0521,Incongruent,PercentRTChange,0.0880327549130692,0.0752284296547465,-0.00577268082300886,0.0110090375268057,0.0167817183498146,-0.575605091616926,1.10698599743912
RT,VP0522,Incongruent,PercentRTChange,0.103588379444588,0.110712713885478,0.039829491791157,0.053968313288685,0.014138821497528,4.06333225404478,5.54511578490668
RT,VP0523,Incongruent,PercentRTChange,0.0824796678459894,0.122694534191181,0.0718723075152002,0.0771767838469924,0.00530447633179223,7.45181274135807,8.02330272637961
RT,VP0524,Incongruent,PercentRTChange,0.0856370194471772,0.0905427288973226,0.0241184547694946,0.0349037723679243,0.0107853175984297,2.44116571505879,3.55200583619544
RT,VP0525,Incongruent,PercentRTChange,0.118425847606131,0.121002303273134,0.0413179590728124,0.0464701137629691,0.00515215469015665,4.2183424545116,4.75667707718754
RT,VP0526,Incongruent,PercentRTChange,0.102893273449542,0.0665622785785198,0.0288277725945692,0.028801088143676,-2.66844508932176e-05,2.92473146148011,2.92198500818168
RT,VP0527,Incongruent,PercentRTChange,0.117294128990288,0.115750663757399,0.038356972960423,0.0357515990508647,-0.00260537390955826,3.91020980322598,3.63983721744849
RT,VP0528,Incongruent,PercentRTChange,0.0985589211139642,0.124777572253244,0.0562678193532167,0.074273879554562,0.0180060602013453,5.78809667968827,7.71017612537905
RT,VP0529,Incongruent,PercentRTChange,0.0808196966340053,0.0576654021389477,0.024087875639095,0.0369578731148872,0.0128699974757921,2.43803320118914,3.76493069842565
RT,VP0530,Incongruent,PercentRTChange,0.106033267960721,0.0595363708255111,0.0111474641354792,0.0182876124204445,0.00714014828496531,1.12098286337092,1.84558548235589
RT,VP0531,Incongruent,PercentRTChange,0.1042136343047,0.115060038987217,0.0428993763515277,0.0498720687326882,0.00697269238116057,4.38328552956744,5.1136614534776
RT,VP0532,Incongruent,PercentRTChange,0.0633929767583286,0.086211720471101,0.00766906633273088,0.00605033551858157,-0.00161873081414931,0.769854894177535,0.606867576808945
RT,VP0533,Incongruent,PercentRTChange,0.114519692395134,0.109894730328064,0.0152767385687821,0.0180238395673659,0.00274710099858374,1.53940244267876,1.8187249243985
RT,VP0534,Incongruent,PercentRTChange,0.114055888096279,0.000193545579152654,-0.020092374256505,-0.0106365923108686,0.00945578194563642,-1.98918676350281,-1.05802237962015
RT,VP0535,Incongruent,PercentRTChange,0.118467023226213,0.133001206941324,-0.0123773929784599,-0.002277119020683,0.0101002739577769,-1.2301108110285,-0.227452835195929
RT,VP0536,Incongruent,PercentRTChange,0.0939400394679828,0.119201534210964,0.0203423693750993,0.0172006409551214,-0.00314172841997792,2.05506855212032,1.7349423809083
RT,VP0537,Incongruent,PercentRTChange,0.12082640713307,0.105840125441393,0.031392453026212,0.0211678368161256,-0.0102246162100864,3.1890392938787,2.139346467954
RT,VP0538,Incongruent,PercentRTChange,0.0826522530243753,0.0870737694514271,0.0354996128774779,0.0458305730416822,0.0103309601642044,3.61372470159227,4.68970233519019
RT,VP0539,Incongruent,PercentRTChange,0.0930737788442694,0.11077516312055,0.0150502642747685,0.0225305354173967,0.00748027114262819,1.51640898200815,2.27862648931278
RT,VP0540,Incongruent,PercentRTChange,0.0504717101583664,0.0325526400512226,0.0234218373330361,0.0660221229313438,0.0426002855983078,2.36982826315184,6.82503497337268
RT,VP0541,Incongruent,PercentRTChange,0.000274756655099619,0.116058181464302,0.0584247833836674,0.0708956140096047,0.0124708306259373,6.01652406534035,7.34691648777257
RT,VP0542,Incongruent,PercentRTChange,0.0972630470486246,0.113667128769044,0.0462336929522705,0.0530198149949901,0.00678612204271966,4.73191334611291,5.44505388444954
RT,VP0543,Incongruent,PercentRTChange,0.112634301631657,0.118930266598742,0.0308302143796788,0.0419219488273276,0.0110917344476488,3.13103873469489,4.28130827902895
RT,VP0544,Incongruent,PercentRTChange,0.115962953806206,0.122641793623557,0.0641523383525023,0.075941584441915,0.0117892460894127,6.62548178921651,7.88995477972396
RT,VP0545,Incongruent,PercentRTChange,0.000275435331629027,0.123137713751925,0.0696141354575063,0.0656050876859216,-0.00400904777158473,7.2094418208914,6.78049445682347
RT,VP0546,Incongruent,PercentRTChange,0.107577641334434,0.107554943916544,0.0655946508931549,0.0740533189918423,0.00845866809868741,6.77938001674689,7.68642212801602
RT,VP0547,Incongruent,PercentRTChange,0.106417344607132,0.124427816185104,0.0219484167866194,0.031629443341898,0.00968102655527866,2.21910552111608,3.21349699488096
RT,VP0548,Incongruent,PercentRTChange,0.119893359959892,0.0840429504054021,0.0573621535346568,0.0573267465112335,-3.54070234233478e-05,5.90392757716993,5.90017790070843
RT,VP0549,Incongruent,PercentRTChange,0.0612776678755345,0.117398129406867,-0.0211553896857046,0.0149737791934558,0.0361291688791604,-2.09331841362049,1.50864478813888
RT,VP0550,Incongruent,PercentRTChange,0.0968364898615019,0.113558881433014,0.0335813624357335,0.0273883390630535,-0.00619302337268001,3.41515813949893,2.77668472907
RT,VP0551,Incongruent,PercentRTChange,0.11123047290812,0.0986866156166196,0.0770860046844066,0.0816072008645654,0.00452119618015878,8.01349690650717,8.5029527453051
RT,VP0552,Incongruent,PercentRTChange,0.119487311518946,0.117256902691044,0.0443049229146378,0.0433044236141155,-0.0010004993005223,4.53010425389557,4.4255742575197
RT,VP0553,Incongruent,PercentRTChange,0.0484358838470441,0.118099814654399,0.0121947238910063,0.0205449780733233,0.00835025418231693,1.22693827089626,2.0757478915431
RT,VP0554,Incongruent,PercentRTChange,0.000275385850566173,0.000193598231230728,0.0305409302319084,0.0367581351367266,0.00621720490481823,3.10120887490666,3.74420697069062
RT,VP0555,Incongruent,PercentRTChange,0.118461928160537,0.124526645873053,-0.0021562768391943,0.00198727560115501,0.00414355244034931,-0.215395374433591,0.19892515420088
RT,VP0556,Incongruent,PercentRTChange,0.0421151583417561,0.105414402517403,0.0624246977850176,0.0718375376066547,0.00941283982163706,6.4414303145258,7.44807671660699
RT,VP0557,Incongruent,PercentRTChange,0.0861105339383294,0.109497965389173,0.0261838390099547,0.0337389913433125,0.00755515233335783,2.65296473218588,3.43146064274269
RT,VP0558,Incongruent,PercentRTChange,0.117430950889136,0.122857553059975,0.0357649917541954,0.0398822069362174,0.00411721518202203,3.64122524433628,4.06881811229265
RT,VP0559,Incongruent,PercentRTChange,0.110304225591811,0.120774260222628,0.00171897338468225,0.000852184492762255,-0.00086678889191999,0.172045166635182,0.0852547705134432
RT,VP0560,Incongruent,PercentRTChange,0.0920294839490682,0.102499531514645,0.052287785586798,0.0505587917506726,-0.00172899383612535,5.36789324943034,5.18587021517396
RT,VP0561,Incongruent,PercentRTChange,0.101350796822902,0.058801193787725,0.0246404088197258,0.0291019809423044,0.00446157212257856,2.49464925317462,2.95295815185546
RT,VP0562,Incongruent,PercentRTChange,0.0989581004284148,0.119668961349412,0.00960584336910891,0.0177915283923438,0.00818568502323488,0.965212756339073,1.79507404406032
RT,VP0563,Incongruent,PercentRTChange,0.108825685441499,0.0759234501624326,0.0396700828834304,0.041616612724078,0.00194652984064753,4.04674495403259,4.24947229130281
RT,VP0564,Incongruent,PercentRTChange,0.118965906846597,0.126900943432303,0.0312050988561312,0.0359309634651507,0.00472586460901943,3.16970820799669,3.65842818337672
RT,VP0565,Incongruent,PercentRTChange,0.0879282948255428,0.101698738438226,0.0337449898428705,0.0231883112241446,-0.0105566786187259,3.43208107817448,2.34592502661319
RT,VP0566,Incongruent,PercentRTChange,0.117851906098397,0.118707864369095,0.042382718095394,0.049206346880139,0.00682362878474505,4.3293689727127,5.04370827930842
RT,VP0567,Incongruent,PercentRTChange,0.109253901826381,0.102378921235284,0.0559885547761062,0.0593909098362643,0.00340235506015803,5.75855793636002,6.11899892751895
RT,VP0568,Incongruent,PercentRTChange,0.0767956751083424,0.086649710491494,0.0274388231314342,0.0414565897112454,0.0140177665798112,2.78187344522245,4.23279131136649
RT,VP0569,Incongruent,PercentRTChange,0.0918467387915791,0.113218731885793,0.0287875119983827,0.02832341307493,-0.000464098923452696,2.92058773384416,2.87283348208134
RT,VP0570,Incongruent,PercentRTChange,0.117649556319418,0.116528885029708,0.0351509014454984,0.0366868791901014,0.00153597774460301,3.57759971024365,3.73681484238573
RT,VP0571,Incongruent,PercentRTChange,0.0476304111622468,0.109235167812887,0.0110101919509654,0.0297733175754922,0.0187631256245268,1.10710271785384,3.02209744943276
RT,VP0572,Incongruent,PercentRTChange,0.0463184008780587,0.116723770667524,0.0139188840490454,0.0230581691696181,0.00913928512057276,1.40162027138249,2.33260638433437
RT,VP0573,Incongruent,PercentRTChange,0.120335328572025,0.124691850366755,0.0648510871892477,0.0767935046334507,0.011942417444203,6.70001225659038,7.98190757332409
RT,VP0574,Incongruent,PercentRTChange,0.0592503135865425,0.0900809108325623,0.0396579259307518,0.0473402246774984,0.00768229874674659,4.0454800703664,4.84786667205988
RT,VP0575,Incongruent,PercentRTChange,0.116238491586713,0.111291223164499,0.0281228124081116,0.0292337367583976,0.001110924350286,2.85219919278261,2.96652369652604
RT,VP0576,Incongruent,PercentRTChange,0.101347474570198,0.122285837412925,0.0199540095091376,0.0234914312745057,0.0035374217653681,2.01544215452598,2.37695283089874
RT,VP0577,Incongruent,PercentRTChange,0.0768862069695895,0.0696107448294522,0.0387831383163901,0.0328995267990451,-0.00588361151734501,3.95450217204161,3.34467003268806
RT,VP0578,Incongruent,PercentRTChange,0.109396132174811,0.121816744733212,0.00326976695430128,0.00971687986005118,0.0064471129057499,0.327511847341944,0.976424201699033
RT,VP0579,Incongruent,PercentRTChange,0.117155331937244,0.122556978293561,0.0347329461749779,0.0374638924854487,0.00273094631047079,3.53431795208643,3.81745105038107
RT,VP0580,Incongruent,PercentRTChange,0.0731250407623356,0.0413296687685031,0.0250626733853136,0.0417330112274981,0.0166703378421845,2.53793825077824,4.26160748010507
RT,VP0581,Incongruent,PercentRTChange,0.102250494002819,0.0906872496463036,0.0722231110030469,0.0851760804090686,0.0129529694060217,7.48951382449228,8.89087853233144
RT,VP0582,Incongruent,PercentRTChange,0.0333640368231702,0.0275363616566642,0.0503629496034787,0.0668325641063812,0.0164696145029025,5.16527240552203,6.91164547185639
RT,VP0583,Incongruent,PercentRTChange,0.0509519617859786,0.0816541553428851,0.0493027287416233,0.0523835872113424,0.00308085846971912,5.05383307536511,5.3779881483246
RT,VP0584,Incongruent,PercentRTChange,0.110627440760099,0.107717356452191,0.097897999695969,0.0969865336720193,-0.000911466023949717,10.2850288306543,10.1845535707737
RT,VP0585,Incongruent,PercentRTChange,0.0376725239399884,0.0324936421076846,0.024314625984653,0.0301391363884469,0.00582451040379395,2.46126369427742,3.05979176505435
RT,VP0586,Incongruent,PercentRTChange,0.113134780250358,0.112296375746641,0.0264958209035084,0.0294221435933738,0.0029263226898654,2.68499559476669,2.9859251209873
RT,VP0587,Incongruent,PercentRTChange,0.108521488304076,0.121421882569243,0.0359319720660637,0.045162672871834,0.0092307008057703,3.65853273341474,4.6198034105694
RT,VP0588,Incongruent,PercentRTChange,0.116493966589604,0.121330572364062,0.0734348741636625,0.0845911963492568,0.0111563221855943,7.61984460656968,8.82720861479398
RT,VP0589,Incongruent,PercentRTChange,0.0792228290786904,0.109407560093312,0.0155373020293542,0.0255302527360185,0.00999295070666432,1.56586334798647,2.58589408407313
RT,VP0590,Incongruent,PercentRTChange,0.0337344247277265,0.123128374058908,0.0151273100783572,0.0203042908181044,0.00517698073974724,1.52423069662688,2.05118251636363
RT,VP0591,Incongruent,PercentRTChange,0.122995998078186,0.103370284342743,0.022848053900177,0.0232977574053539,0.00044970350517683,2.31110699992487,2.35712701026569
RT,VP0592,Incongruent,PercentRTChange,0.108632677987148,0.114890658060099,0.0175440112936003,0.021048326713939,0.00350431542033872,1.76988114063235,2.1271405136023
RT,VP0593,Incongruent,PercentRTChange,0.116826507562004,0.115865126711379,0.088862157340929,0.105552230560523,0.0166900732195941,9.29299935661994,11.1324148090193
RT,VP0594,Incongruent,PercentRTChange,0.0611283020746312,0.125002902346123,0.0230835766333254,0.0269245920187648,0.00384101538543942,2.33520642934728,2.72903339524169
RT,VP0595,Incongruent,PercentRTChange,0.121176522139111,0.105914726755887,0.0381720164196948,0.0508340001270274,0.0126619837073326,3.890992707493,5.21482223146732
RT,VP0596,Incongruent,PercentRTChange,0.0551541455681604,0.0973320204492407,0.0706277646503655,0.0887604979325895,0.018132733282224,7.31816753534116,9.28188925970221
RT,VP0597,Incongruent,PercentRTChange,0.117427089907699,0.115284066993268,0.0419072888770513,0.051006383381074,0.00909909450402267,4.27977953144056,5.23296106826845
RT,VP0598,Incongruent,PercentRTChange,0.0864195421953119,0.0579138987182393,0.0352504235879686,0.0416524066995781,0.00640198311160955,3.58790848784605,4.25320386114338
RT,VP0599,Incongruent,PercentRTChange,0.060805725292191,0.116420954951111,0.0303170440013903,0.0365848009788803,0.00626775697749002,3.07812851767328,3.72622611433724
RT,VP0600,Incongruent,PercentRTChange,0.000275860218641069,0.124639516548275,0.0307003243882112,0.025505307788053,-0.00519501660015819,3.11764391489895,2.58333511620001
RT,VP0601,Incongruent,PercentRTChange,0.0346164017253359,0.126426525073353,0.0380255472937275,0.041291261667105,0.00326571437337745,3.87577699893822,4.2155601322815
RT,VP0602,Incongruent,PercentRTChange,0.104684818159332,0.125407046409156,0.0498356769375281,0.0486449322648309,-0.00119074467269713,5.10983624824493,4.98475175730935
RT,VP0603,Incongruent,PercentRTChange,0.114184339122708,0.121705753611407,0.0654405153213795,0.0569176544212011,-0.00852286090017834,6.76292278430923,5.85686383592094
RT,VP0604,Incongruent,PercentRTChange,0.108840871992793,0.0892520852483869,0.0200051356559156,0.0188568688288448,-0.0011482668270708,2.02065794432569,1.90357823936722
RT,VP0605,Incongruent,PercentRTChange,0.113046265771695,0.0891690577328349,0.0555918985942361,0.0475243261291117,-0.00806757246512436,5.71661646928989,4.86717109344423
RT,VP0606,Incongruent,PercentRTChange,0.109491635479169,0.110801673835525,0.0446129019596773,0.0528796796932697,0.00826677773359238,4.56230229348782,5.43027834531999
RT,VP0607,Incongruent,PercentRTChange,0.0615009053713995,0.126794637476909,0.0132074641872335,0.00707848458976831,-0.00612897959746522,1.32950679922124,0.710359627774393
RT,VP0608,Incongruent,PercentRTChange,0.0645202971201608,0.121838253700284,0.0539679645647934,0.0607306831795959,0.00676271861480256,5.5450789788096,6.26126961746079
RT,VP0609,Incongruent,PercentRTChange,0.117588987784322,0.11772577920908,0.0300238539594007,0.0362876025739382,0.0062637486145375,3.04791146673065,3.69540342583918
RT,VP0610,Incongruent,PercentRTChange,0.0619807307745094,0.114303021865814,0.0348422300007119,0.0393493585868624,0.0045071285861505,3.54563319672234,4.01337998571101
RT,VP0611,Incongruent,PercentRTChange,0.0805934181420365,0.112718490567481,0.0645562764287374,0.0702230341306444,0.00566675770190704,6.66856058120451,7.2747413861558
RT,VP0612,Incongruent,PercentRTChange,0.0431044663018798,0.0908049855136233,0.0295462687540211,0.0365747677533225,0.00702849899930133,2.99870905887512,3.72518541093518
RT,VP0613,Incongruent,PercentRTChange,0.000275717706148678,0.000192648035191209,-0.00576063987348619,-0.0177933358110171,-0.0120326959375309,-0.574407920288977,-1.76359691529598
RT,VP0614,Incongruent,PercentRTChange,0.0855155112718744,0.0722962184142909,0.121646183048941,0.137796167389815,0.0161499843408743,12.9354446335185,14.7741579267608
RT,VP0615,Incongruent,PercentRTChange,0.100528003852202,0.123145293893382,0.0443172466590349,0.0511464177742367,0.00682917111520187,4.53139246411998,5.24769833395031
RT,VP0616,Incongruent,PercentRTChange,0.114179892331852,0.125398833970734,0.0522805169249623,0.0608854306963031,0.00860491377134076,5.36712736862945,6.27771455743025
RT,VP0617,Incongruent,PercentRTChange,0.118059956614599,0.11648367089357,0.0491887205481461,0.0513548914216329,0.00216617087348683,5.04185676035032,5.26964199275985
RT,VP0618,Incongruent,PercentRTChange,0.109676363034349,0.0492380741132567,0.0114991839595469,0.0150014727336588,0.00350228877411195,1.1565553730849,1.51145596079976
RT,VP0619,Incongruent,PercentRTChange,0.106024551691351,0.109331621664372,0.0460620562080427,0.0491011373522364,0.00303908114419368,4.7139390440589,5.03265726169759
RT,VP0620,Incongruent,PercentRTChange,0.0959681172776196,0.103957048378733,0.0128954137637781,0.015384760855135,0.00248934709135691,1.29789181670688,1.55037155352908
RT,VP0621,Incongruent,PercentRTChange,0.0492770481482311,0.0510282833910584,0.0951328007729984,0.118317923038522,0.0231851222655232,9.98049003693442,12.5601909267391
RT,VP0622,Incongruent,PercentRTChange,0.114428474591192,0.118314398436911,0.0190572980548435,0.0192125429243169,0.00015524486947336,1.92400474164589,1.93982914875543
RT,VP0623,Incongruent,PercentRTChange,0.125609225677855,0.118298120088507,0.0371098830508371,0.0366306233422813,-0.000479259708555856,3.78070519780491,3.73097920406253
RT,VP0624,Incongruent,PercentRTChange,0.0985774518952714,0.0599350384028401,0.0164484781160952,0.0147462582354393,-0.00170221988065594,1.65844990882269,1.48555207116789
RT,VP0625,Incongruent,PercentRTChange,0.0726689907484823,0.112808567199843,0.0420533018398978,0.0474740910755357,0.00542078923563784,4.29500684268027,4.86190321780311
RT,VP0626,Incongruent,PercentRTChange,0.0842567643270866,0.0942227376965469,0.0140889296004902,0.0165267643198113,0.00243783471932118,1.41886463194079,1.66640867446843
RT,VP0627,Incongruent,PercentRTChange,0.113533039835164,0.097366933081775,0.0309489948637972,0.0180899863984433,-0.012859008465354,3.14328941696,1.82546013315048
RT,VP0628,Incongruent,PercentRTChange,0.0747238569708704,0.0640500180100498,0.0474142428693254,0.0593732959828206,0.0119590531134951,4.85562760878957,6.11712977948573
RT,VP0629,Incongruent,PercentRTChange,0.0722610953326317,0.12572502408441,0.0396665752823252,0.0483382870883565,0.00867171180603124,4.04638000019506,4.95256362499958
RT,VP0630,Incongruent,PercentRTChange,0.109864389060233,0.115234986169115,0.0591229311212578,0.0592413745432015,0.000118443421943691,6.0905651045484,6.10313157830871
RT,VP0631,Incongruent,PercentRTChange,0.113754523908807,0.118328798115595,0.0591934012287716,0.0584761976482874,-0.000717203580484167,6.09804158150848,6.02197496708858
RT,VP0632,Incongruent,PercentRTChange,0.076834535530539,0.106224574597545,0.0694436194302803,0.088611966499208,0.0191683470689277,7.19116245129801,9.26565866945408
RT,VP0633,Incongruent,PercentRTChange,0.0874455279356659,0.0962484622342766,0.011820525762863,0.0194139004715872,0.00759337470872415,1.18906642630621,1.96035756942883
RT,VP0634,Incongruent,PercentRTChange,0.106185112680666,0.0658750026592787,0.00596524006560995,0.0110568058644131,0.00509156579880315,0.598306754089162,1.1118158254362
RT,VP0635,Incongruent,PercentRTChange,0.0760483477611942,0.0618447971851304,0.0437979365029331,0.0585181684077459,0.0147202319048128,4.47712234311406,6.02642488327978
RT,VP0636,Incongruent,PercentRTChange,0.0923611249562869,0.103784504809524,0.0879236500879648,0.100962942930649,0.0130392928426844,9.19047520138243,10.6235647152763
RT,VP0637,Incongruent,PercentRTChange,0.124542623348565,0.118279754553589,0.0221055507969133,0.0327027797135701,0.0105972289166568,2.2351688811123,3.32433927013447
RT,VP0638,Incongruent,PercentRTChange,0.116602545632179,0.0930460570803079,0.0403877767785487,0.0403605171454318,-2.72596331168939e-05,4.12144547053892,4.11860719682113
RT,VP0639,Incongruent,PercentRTChange,0.0533935987031802,0.0430736469879897,0.0364926883537424,0.0547824042255762,0.0182897158718338,3.71667205938548,5.63107409129204
RT,VP0640,Incongruent,PercentRTChange,0.0972775013479815,0.0970282135878176,0.0880200035520573,0.0873459506435346,-0.000674052908522682,9.2009965887919,9.12741414144498
RT,VP0641,Incongruent,PercentRTChange,0.105884255264459,0.126494209261619,0.0352589879516294,0.0296737056777756,-0.00558528227385381,3.58879565616421,3.01183573390205
RT,VP0642,Incongruent,PercentRTChange,0.117109235953909,0.112238080936016,0.0430199011239688,0.0360328467096564,-0.00698705441431231,4.39586705948034,3.66898977837604
RT,VP0643,Incongruent,PercentRTChange,0.103003772981364,0.11208151420409,0.0429916136327443,0.04639724510579,0.00340563147304574,4.39291400407447,4.74904387691231
RT,VP0644,Incongruent,PercentRTChange,0.114224105961438,0.120859929577247,0.0304783082565231,0.0369311063615039,0.00645279810498084,3.09475267569437,3.76215328528715
RT,VP0645,Incongruent,PercentRTChange,0.037330081220491,0.0314376923017304,0.0664734471372933,0.0862252014900559,0.0197517543527626,6.87325857887922,9.00517819513613
RT,VP0646,Incongruent,PercentRTChange,0.0247101895109017,0.0121925802740089,0.0594456913801556,0.104141178099977,0.0446954867198211,6.12481244935179,10.9757117257927
RT,VP0647,Incongruent,PercentRTChange,0.120265326165516,0.124782391536481,0.0307242696440245,0.0221222301355811,-0.00860203950844336,3.12011312282414,2.23687411033886
RT,VP0648,Incongruent,PercentRTChange,0.116207472315801,0.113808578381991,0.0425451193779914,0.0616159078674112,0.0190707884894199,4.34631357192155,6.3553763633468
RT,VP0649,Incongruent,PercentRTChange,0.116881722857706,0.121445960788354,0.0290435749699256,0.0301376726053609,0.00109409763543523,2.94694525982144,3.05964090798472
RT,VP0650,Incongruent,PercentRTChange,0.0793188819193343,0.117257858559937,0.0308524349324548,0.041884543122292,0.0110321081898373,3.13333038884474,4.27740763612436
RT,VP0651,Incongruent,PercentRTChange,0.118781964209714,0.127104432161631,0.0355137460276358,0.0377593950328976,0.00224564900526181,3.61518910027017,3.84813390484366
RT,VP0652,Incongruent,PercentRTChange,0.113183781625625,0.119659739317019,0.0191854735573875,0.0258549082926872,0.00666943473529971,1.93706973946339,2.61920457154821
RT,VP0653,Incongruent,PercentRTChange,0.121502407143936,0.0806681434374488,0.0147689324694573,-0.0176505789700104,-0.0324195114394677,1.48785320441311,-1.74957199566695
RT,VP0654,Incongruent,PercentRTChange,0.115571408691421,0.117814549981,0.0205570594339577,0.0227839501389898,0.00222689070503204,2.07698111291488,2.30454868336358
RT,VP0655,Incongruent,PercentRTChange,0.118339244676209,0.118566074360587,0.0331598295181588,0.0316866033816055,-0.00147322613655335,3.37157443279581,3.21939685108394
RT,VP0656,Incongruent,PercentRTChange,0.0541376593916891,0.103587882457445,0.0599902527149825,0.0689852260161795,0.00899497330119697,6.18261965723406,7.14203798840585
RT,VP0657,Incongruent,PercentRTChange,0.0241935729142446,0.119652512818022,0.0826052390133277,0.079348700709181,-0.00325653830414671,8.61129688819888,8.25817532863413
RT,VP0658,Incongruent,PercentRTChange,0.10213704521687,0.124970095797673,0.0680142064317537,0.0781711192058415,0.0101569127740878,7.03805146584933,8.13076753503543
RT,VP0659,Incongruent,PercentRTChange,0.0966157146164073,0.1149269334803,0.0520201898824777,0.04197514148031,-0.0100450484021677,5.3397010260507,4.28685542600522
RT,VP0660,Incongruent,PercentRTChange,0.0966346878584313,0.0631025545139908,0.0535348055048278,0.0616843681782711,0.00814956267344331,5.49937107172684,6.36265773471387
RT,VP0661,Incongruent,PercentRTChange,0.120190849225103,0.105816836656632,0.0269848619930448,0.0165812372973853,-0.0104036246956594,2.73522505802604,1.67194689730856
RT,VP0662,Incongruent,PercentRTChange,0.0765142893530469,0.11847124400915,0.0131793421766781,0.013609315749853,0.000429973573174883,1.32665724982917,1.3702344025454
RT,VP0663,Incongruent,PercentRTChange,0.106240437870826,0.105754887406405,0.0152018631618955,0.0156879622439403,0.000486099082044817,1.53179992323027,1.58116643550739
RT,VP0664,Incongruent,PercentRTChange,0.124926328954347,0.119481842397586,0.0329743173472637,0.0435683753879845,0.0105940580407208,3.35239952625821,4.45314121109537
RT,VP0665,Incongruent,PercentRTChange,0.0835517477641167,0.102755106905938,0.0568835754909583,0.0643261443839702,0.00744256889301193,5.85325640871153,6.64401555165284
RT,VP0666,Incongruent,PercentRTChange,0.000276149979890232,0.000192017116498557,0.0338762731947016,0.0630923554501438,0.0292160822554422,3.44566087984672,6.51252048066864
RT,VP0667,Incongruent,PercentRTChange,0.114367357867695,0.114717035180024,0.0506306558117684,0.055601005026625,0.00497034921485663,5.19342957059725,5.71757917489355
RT,VP0668,Incongruent,PercentRTChange,0.0966978455137939,0.109117360086981,0.0141350315232546,0.0224080002672542,0.00827296874399958,1.42354034438374,2.26609453027797
RT,VP0669,Incongruent,PercentRTChange,0.104823864407415,0.113865233009469,0.0643491468982131,0.0721173081159412,0.00776816121772818,6.64646866035321,7.47814172520715
RT,VP0670,Incongruent,PercentRTChange,0.11715716790285,0.119713571585784,0.030239086474449,0.0292910103136805,-0.000948076160768436,3.07009311490645,2.97242112429499
RT,VP0671,Incongruent,PercentRTChange,0.0904931253611046,0.122515152200319,0.0458910250085318,0.0592858097130285,0.0133947847044967,4.69603122490023,6.10784639373061
RT,VP0672,Incongruent,PercentRTChange,0.000274380355175233,0.126084171958672,-0.0082337993613348,0.0148998403215597,0.0231336396828945,-0.819999447987052,1.5011396309204
RT,VP0673,Incongruent,PercentRTChange,0.122768946714813,0.108705753936884,0.02230242426962,0.0228941684971618,0.000591744227541872,2.25529825524757,2.31582514417807
RT,VP0674,Incongruent,PercentRTChange,0.115142240467763,0.122383208704924,0.0535731022648741,0.0632474132415939,0.00967431097671976,5.50341143319171,6.52903735735828
RT,VP0675,Incongruent,PercentRTChange,0.0361604735845177,0.0101567837999287,0.0334461517675118,0.0498877085828107,0.0164415568152989,3.4011762521341,5.11530542824428
RT,VP0676,Incongruent,PercentRTChange,0.000274211965072441,0.115923173774409,0.0602531742626171,0.0745542649224817,0.0143010906598645,6.21054102633019,7.74038071700556
RT,VP0677,Incongruent,PercentRTChange,0.0945682090591985,0.0754218991527969,0.0307728705145103,0.0327543607441779,0.0019814902296676,3.12512497187563,3.32966898349578
RT,VP0678,Incongruent,PercentRTChange,0.121380569840132,0.127921038562787,0.0116484594857299,0.0272654169586509,0.015616957472921,1.17165669821617,2.76405197913758
RT,VP0679,Incongruent,PercentRTChange,0.114537137375294,0.120200784271827,0.0413359126239945,0.0490459583456264,0.00771004572163193,4.22021356065343,5.02686182390302
RT,VP0680,Incongruent,PercentRTChange,0.105657782204124,0.108528701977419,0.0420553518177836,0.029836699973247,-0.0122186518445366,4.29522064535706,3.028627443932
RT,VP0681,Incongruent,PercentRTChange,0.000275932473296687,0.114652803134603,0.0102349802978325,0.0260530687339426,0.0158180884361101,1.02875368607735,2.63954165334337
RT,VP0682,Incongruent,PercentRTChange,0.110110090358198,0.120132557661667,0.00389457455057289,0.0187804859535982,0.0148859114030253,0.390216826092793,1.89579484832605
RT,VP0683,Incongruent,PercentRTChange,0.000276001390157443,0.111103655228095,0.028443785751782,0.0465522453513864,0.0181084595996044,2.88521730574496,4.76528126280611
RT,VP0684,Incongruent,PercentRTChange,0.0945345152716232,0.094017856408029,0.0194302198389214,0.0314562306517671,0.0120260108128457,1.96202151153473,3.19562065565775
RT,VP0685,Incongruent,PercentRTChange,0.0852231747161969,0.122046623258879,0.0707649977034261,0.080040204174233,0.00927520647080698,7.33289614572386,8.33306212124829
RT,VP0686,Incongruent,PercentRTChange,0.100499510491748,0.12532646567724,0.0364005686935057,0.0525123333723072,0.0161117646788015,3.70711815485247,5.3915560331367
RT,VP0687,Incongruent,PercentRTChange,0.0857321767906066,0.065852193457271,0.0751055434769487,0.0872715503202948,0.0121660068433461,7.79979205293801,9.11929532858342
RT,VP0688,Incongruent,PercentRTChange,0.121997210476072,0.119592861501558,0.0180563120991687,0.0241149866061285,0.00605867450695979,1.82203128986447,2.44081043297677
RT,VP0689,Incongruent,PercentRTChange,0.0758542343037581,0.103291407271388,0.0639291054261439,0.0719283347820333,0.0079992293558894,6.60168212742525,7.45783314139394
RT,VP0690,Incongruent,PercentRTChange,0.0782388531039152,0.0670291708437179,0.0510830942914346,0.0509312380583854,-0.00015185623304912,5.24103389414488,5.22505360055983
RT,VP0691,Incongruent,PercentRTChange,0.108736767744746,0.128120874228667,0.04736252126615,0.0521069433330076,0.00474442206685763,4.85020444787618,5.34884000500573
RT,VP0692,Incongruent,PercentRTChange,0.118839558937571,0.123201160746025,0.0568410594301519,0.0600306699116489,0.00318961048149696,5.84875604089514,6.18691134778377
RT,VP0693,Incongruent,PercentRTChange,0.103767801571348,0.0748059084338185,0.0622904801743054,0.0815335248907487,0.0192430447164433,6.4271449587628,8.49495897907748
RT,VP0694,Incongruent,PercentRTChange,0.117930634589486,0.113164317566987,0.0235848471860822,0.0378909126972801,0.0143060655111979,2.38651691398368,3.86179266702988
RT,VP0695,Incongruent,PercentRTChange,0.113896176121306,0.0945691479402995,0.018088945258025,0.0193397189246383,0.00125077366661329,1.82535411860352,1.95279427290886
RT,VP0696,Incongruent,PercentRTChange,0.0299089744209795,0.100527919598038,0.054803470537498,0.0663872459485362,0.0115837754110382,5.63329937188664,6.86404637400058
RT,VP0697,Incongruent,PercentRTChange,0.115236556138229,0.117598812722983,0.039645060752114,0.0379395509447648,-0.0017055098073492,4.04414151528922,3.86684444545966
RT,VP0698,Incongruent,PercentRTChange,0.090789143675582,0.107512319348525,0.0369451482579168,0.0410440245898609,0.00409887633194413,3.76361031292485,4.18979736667771
RT,VP0699,Incongruent,PercentRTChange,0.0970230605438726,0.0641666866553256,0.0447545204665779,0.0624679907729037,0.0177134703063258,4.57711129920659,6.44603858183108
RT,VP0700,Incongruent,PercentRTChange,0.122902929894916,0.122259890436235,0.00859747450802833,0.0175421001521619,0.00894462564413355,0.863453893599897,1.76968664418118
RT,VP0701,Incongruent,PercentRTChange,0.0725584075420291,0.126439885653147,0.0208183575229276,0.0225256501672118,0.00170729264428422,2.10365711805029,2.27812683385429
RT,VP0702,Incongruent,PercentRTChange,0.118130519388487,0.128160984362798,0.0112984591086082,0.0124302826131859,0.00113182350457771,1.13625277627218,1.25078596778174
RT,VP0703,Incongruent,PercentRTChange,0.12081849224939,0.121720447551892,0.0389321355538184,0.043885989196581,0.00495385364276257,3.96999225964494,4.48632224019285
RT,VP0704,Incongruent,PercentRTChange,0.00027598398268584,0.116789478594397,0.0266335766692199,0.0304281163224209,0.00379453965320101,2.69914201931534,3.08957828051932
RT,VP0705,Incongruent,PercentRTChange,0.0294351271938351,0.0194025859361887,0.0613284317330293,0.0861162285037566,0.0247877967707273,6.32480612519659,8.99330022254696
RT,VP0706,Incongruent,PercentRTChange,0.0982171615436074,0.0979480580617337,0.0761421886095749,0.0545426468092761,-0.0215995418002988,7.9116001253021,5.60575129367249
RT,VP0707,Incongruent,PercentRTChange,0.116426689517889,0.0644144836568796,0.0511517042265517,0.060078662194173,0.0089269579676213,5.24825472235946,6.19200762232348
RT,VP0708,Incongruent,PercentRTChange,0.120642759966349,0.124024686544245,0.0329371816715214,0.0408846180212927,0.00794743634977128,3.34856153632583,4.17319015228437
RT,VP0709,Incongruent,PercentRTChange,0.0862882350440328,0.074914721660021,0.0322860229418643,0.0389384891643771,0.00665246622251277,3.28128712382152,3.97065284658411
RT,VP0710,Incongruent,PercentRTChange,0.000276060057850325,0.000194037730807039,0.0167515556128196,0.0109209911120276,-0.00583056450079199,1.68926496678137,1.09808428170084
RT,VP0711,Incongruent,PercentRTChange,0.0998513070601444,0.104002444594975,0.0243158584728896,0.027985131819229,0.00366927334633941,2.46138997665744,2.83803941621543
RT,VP0712,Incongruent,PercentRTChange,0.125819673659554,0.129683920510653,0.02948827901483,0.032122320382911,0.00263404136808098,2.99273636377897,3.26438109664506
RT,VP0713,Incongruent,PercentRTChange,0.0579687311277755,0.127407445357932,0.0294776233878006,0.0413575984130993,0.0118799750252987,2.99163891744054,4.22247368273134
RT,VP0714,Incongruent,PercentRTChange,0.0543714326613836,0.0511183112927947,0.0678659703576305,0.0852628755394441,0.0173969051818136,7.02218574128364,8.90033014050122
RT,VP0715,Incongruent,PercentRTChange,0.0845324060314604,0.114372506647878,0.0313945060499571,0.03438517256475,0.00299066651479295,3.18925114364406,3.49831770887987
RT,VP0716,Incongruent,PercentRTChange,0.054465793083904,0.090534483783258,0.0949338354932859,0.122292682738049,0.0273588472447629,9.95860991473581,13.0084809698038
RT,VP0717,Incongruent,PercentRTChange,0.0847468529167134,0.0862370116813299,0.0984390307099907,0.114181629710162,0.0157425990001716,10.3447125955621,12.0955705255322
RT,VP0718,Incongruent,PercentRTChange,0.111832166153148,0.0952147561314381,0.0690563036123656,0.06803354314122,-0.00102276047114558,7.14965365756506,7.0401212495637
RT,VP0719,Incongruent,PercentRTChange,0.0965907673608553,0.113513256900076,0.0270982796659615,0.0351034278506279,0.0080051481846664,2.74687770897448,3.57268262595412
RT,VP0720,Incongruent,PercentRTChange,0.0900175389023844,0.0818013122383515,0.0360178518574022,0.042635228024975,0.00661737616757285,3.66743528884568,4.35571650069146
RT,VP0721,Incongruent,PercentRTChange,0.0917878595228076,0.066934220444316,0.0287724957135904,0.0489432808793112,0.0201707851657207,2.91904226059143,5.01607848544829
RT,VP0722,Incongruent,PercentRTChange,0.0935183096248249,0.118427699869433,0.0234571415493633,0.0268203096943218,0.00336316814495852,2.37344241351123,2.71832113141106
RT,VP0723,Incongruent,PercentRTChange,0.123312935811921,0.127858107630316,0.0295258249034784,0.0240110892291317,-0.00551473567434662,2.99660339018508,2.43016765436332
RT,VP0724,Incongruent,PercentRTChange,0.118213935880805,0.118910385190908,0.0478062911447142,0.06121191956583,0.0134056284211159,4.89674413606358,6.31241871326402
RT,VP0725,Incongruent,PercentRTChange,0.114599317965074,0.106784023747873,0.0221236325176413,0.0128241439894929,-0.00929948852814846,2.23701748559753,1.29067259608071
RT,VP0726,Incongruent,PercentRTChange,0.0969517383455085,0.107539818915698,0.045636477684692,0.043696727980919,-0.001939749703773,4.66938452190264,4.46654890304756
RT,VP0727,Incongruent,PercentRTChange,0.0877898970369489,0.122955611452239,0.0272763709063043,0.0266848524823386,-0.000591518423965674,2.76517765734892,2.70440813634003
RT,VP0728,Incongruent,PercentRTChange,0.046842881147246,0.11789891720369,0.00769560959507287,0.0319517079855904,0.0242560983905176,0.772529690370916,3.24676441588314
RT,VP0729,Incongruent,PercentRTChange,0.115785883659689,0.120095871757837,0.0349699001888218,0.0341691267300418,-0.000800773458779984,3.55885373110663,3.47595974369914
RT,VP0730,Incongruent,PercentRTChange,0.0325545071180612,0.0291453579664483,0.0480309616742382,0.0683291689198174,0.0202982072455792,4.92031399074069,7.07176974657455
RT,VP0731,Incongruent,PercentRTChange,0.00577836919332329,0.119704042209056,0.0335469136248509,0.0227801006251266,-0.0107668129997243,3.41159567163554,2.30415486134317
RT,VP0732,Incongruent,PercentRTChange,0.119773461112316,0.126309050874497,0.016593834242986,0.0203081101990221,0.00371427595603609,1.67322766135958,2.0515722894471
RT,VP0733,Incongruent,PercentRTChange,0.11091226382115,0.115679075478325,0.0439651063392277,0.0310712449864194,-0.0128938613528082,4.49458922648001,3.15589946751329
RT,VP0734,Incongruent,PercentRTChange,0.0920411028557124,0.121030428967265,0.0532992610495461,0.06987649443548,0.0165772333859339,5.47452420622077,7.23757287053202
RT,VP0735,Incongruent,PercentRTChange,0.107738838317305,0.130194058534504,0.073309179274482,0.0622614395846588,-0.0110477396898232,7.60631819224662,6.42405429659634
RT,VP0736,Incongruent,PercentRTChange,0.118898838140896,0.131258693857171,0.0493918465461776,0.0519395287563327,0.00254768221015506,5.06319565950908,5.33120454981042
RT,VP0737,Incongruent,PercentRTChange,0.0596985106124061,0.102730288698402,0.0441882199965644,0.0512901923851929,0.00710197238862851,4.51790599750255,5.26283136867933
RT,VP0738,Incongruent,PercentRTChange,0.0111137176984845,0.000189926887298176,0.0479454205321809,0.0826843412411701,0.0347389207089892,4.91133937111199,8.61988862355982
RT,VP0739,Incongruent,PercentRTChange,0.106924459013482,0.119678928205837,0.0263907545082066,0.028456939225846,0.00206618471763936,2.67420741917526,2.88657061268269
RT,VP0740,Incongruent,PercentRTChange,0.0502634127404015,0.0516710705964176,0.015596699157564,0.0172724709592478,0.00167577180168384,1.57189624776017,1.74225026469883
RT,VP0741,Incongruent,PercentRTChange,0.0749115633394322,0.102293733088133,0.0234962910528572,0.0103486386489098,-0.0131476524039474,2.37745036140675,1.0402371002133
RT,VP0742,Incongruent,PercentRTChange,0.119079066978866,0.0941053895138766,0.0482630656536096,0.0700769845441743,0.0218139188905647,4.94466923950059,7.25907509859294
RT,VP0743,Incongruent,PercentRTChange,0.0490281992937371,0.0451271065106507,0.0414457646803888,0.0611159182802279,0.0196701535998391,4.23166299429132,6.30221307427716
RT,VP0744,Incongruent,PercentRTChange,0.0243437550632942,0.00341503868086852,0.0177698111886526,0.0218127657944866,0.00404295460583396,1.79286336370752,2.20524033847138
RT,VP0745,Incongruent,PercentRTChange,0.114408048125055,0.124037028644472,0.0229109338862272,0.0250900334099244,0.00217909952369717,2.31754052317361,2.54074372967112
RT,VP0746,Incongruent,PercentRTChange,0.062815671629304,0.119872130427029,0.0436215470975706,0.0421067656111893,-0.00151478148638123,4.45869531084437,4.30058299613274
RT,VP0747,Incongruent,PercentRTChange,0.120164244003077,0.126153887972332,0.0270721506728697,0.037625795903455,0.0105536452305853,2.74419307159022,3.83426081129699
RT,VP0748,Incongruent,PercentRTChange,0.100279240825758,0.107499058156879,0.0381830228709301,0.0470842418515744,0.00890121898064428,3.89213618493083,4.82103085375791
RT,VP0749,Incongruent,PercentRTChange,0.103654198703593,0.100278865469023,0.0419015525061485,0.0518372705574213,0.00993571805127281,4.27918134566321,5.32043412123568
RT,VP0750,Incongruent,PercentRTChange,0.0877373108500648,0.0809164463112772,0.0265779960830301,0.0361894404626514,0.00961144437962132,2.69343409942695,3.68522496568593
RT,VP0751,Incongruent,PercentRTChange,0.0553759144214437,0.0501410863858784,0.0192707459748982,0.0268798503111772,0.00760910433627904,1.9457625304564,2.72443722568978
RT,VP0752,Incongruent,PercentRTChange,0.117820264396922,0.0966942503445866,0.0555428096455504,0.0627545920541507,0.00721178240860029,5.71142707910071,6.47655052504446
RT,VP0753,Incongruent,PercentRTChange,0.11451549275311,0.0939102049609254,0.0204566546092423,0.0250435840206039,0.00458692941136153,2.06673260602714,2.53598088536087
RT,VP0754,Incongruent,PercentRTChange,0.0988512674155217,0.087500686386657,0.0700026993062876,0.0901215371297095,0.0201188378234218,7.25110762862009,9.43072745885551
RT,VP0755,Incongruent,PercentRTChange,0.0874750653874997,0.116798947877004,0.0337059938621845,0.0513726119780345,0.01766661811585,3.4280477213813,5.27150744591656
RT,VP0756,Incongruent,PercentRTChange,0.0318054458506658,0.0264534824812218,0.0630609589094064,0.0561896411788106,-0.00687131773059575,6.50917640847675,5.77982668268682
RT,VP0757,Incongruent,PercentRTChange,0.00027522581292088,0.122956268559156,0.0484412797156974,0.0520603716308955,0.00361909191519802,4.96337352193379,5.34393384445617
RT,VP0758,Incongruent,PercentRTChange,0.114094794539873,0.122182235573794,0.0777093025825013,0.0922753302973406,0.0145660277148393,8.08084247809113,9.66667260930278
RT,VP0759,Incongruent,PercentRTChange,0.117614757271696,0.118714494076645,0.0579273674252458,0.0620360687773374,0.0041087013520916,5.96380286768343,6.40007212410338
RT,VP0760,Incongruent,PercentRTChange,0.047815764273776,0.0997817788189859,0.0810005079194345,0.0899957554450838,0.00899524752564931,8.43714473399528,9.41696394322318
RT,VP0761,Incongruent,PercentRTChange,0.104478620914031,0.0515594118146912,0.0306079761364989,0.031882568605444,0.00127459246894515,3.10812162045309,3.2396262453565
RT,VP0762,Incongruent,PercentRTChange,0.112889796481379,0.121045430276095,0.0215629119255325,0.021213752834149,-0.000349159091383451,2.17970715366076,2.14403640769818
RT,VP0763,Incongruent,PercentRTChange,0.0613958620889972,0.0984185536989585,0.047331039448945,0.0568074368881081,0.00947639743916307,4.84690362486409,5.84519719647389
RT,VP0764,Incongruent,PercentRTChange,0.0980288722193329,0.122904174534924,0.0332628502986763,0.0599997415934461,0.0267368912947698,3.38222440165183,6.18362721598722
RT,VP0765,Incongruent,PercentRTChange,0.000276475657120594,0.000194991896743614,0.0244395355462752,0.0346375752407873,0.0101980396945121,2.47406288516274,3.52444425830174
RT,VP0766,Incongruent,PercentRTChange,0.0429347217244869,0.0115812339263635,0.0256660010277486,0.035045926322502,0.0093799252947534,2.59982088919926,3.56672720965543
RT,VP0767,Incongruent,PercentRTChange,0.100234527866365,0.0713214088797267,0.116873032216345,0.125575296217248,0.00870226400090351,12.3976711798464,13.3800536638077
RT,VP0768,Incongruent,PercentRTChange,0.101092876552707,0.112747497253957,0.0324287495672814,0.0417130418162595,0.00928429224897803,3.29602916541734,4.25952545797734
RT,VP0769,Incongruent,PercentRTChange,0.000276117586257382,0.121188569946495,0.0151583311449153,0.0239164384561319,0.0087581073112166,1.52738013539382,2.42047301862596
RT,VP0770,Incongruent,PercentRTChange,0.000276020276593894,0.000193286970237744,0.0305170859616922,0.0497863604511755,0.0192692744894833,3.09875053113144,5.10465272825762
RT,VP0771,Incongruent,PercentRTChange,0.108810160408915,0.123278843639352,0.0304133312414285,0.0436629529605578,0.0132496217191292,3.08805410402255,4.46302060281583
RT,VP0772,Incongruent,PercentRTChange,0.118016653786414,0.122970020032066,0.0299323963459606,0.0432867817122048,0.0133543853662441,3.03848738163666,4.42373200803212
RT,VP0773,Incongruent,PercentRTChange,0.109372066770763,0.119346733318967,0.0500808910035755,0.0513805421021153,0.00129965109853986,5.13561381895522,5.27234226534288
RT,VP0774,Incongruent,PercentRTChange,0.115195547406934,0.110200769407138,0.0035621178750955,0.00662723793479067,0.00306512005969517,0.35684697567846,0.664924666828792
RT,VP0775,Incongruent,PercentRTChange,0.115041721793287,0.115186697289596,0.0224054004360106,0.0325315217992767,0.0101261213632661,2.26582865603588,3.30664567442274
RT,VP0776,Incongruent,PercentRTChange,0.029584510385807,0.0758611045514688,0.127730798961882,0.162884530549861,0.0351537315879787,13.6247082627706,17.6900785755642
RT,VP0777,Incongruent,PercentRTChange,0.113925772114668,0.118522761786084,0.0332806411301909,0.0382693277741806,0.00498868664398971,3.38406367374882,3.90110297262605
RT,VP0778,Incongruent,PercentRTChange,0.120243414436707,0.102240226838963,0.0731956980447781,0.0624771922237574,-0.0107185058210207,7.59410758778456,6.4470180443299
RT,VP0779,Incongruent,PercentRTChange,0.120896525147242,0.0587707902457047,0.041584441389957,0.0491889828127491,0.0076045414227921,4.24611850064605,5.04188430911481
RT,VP0780,Incongruent,PercentRTChange,0.0515508538719009,0.0653345681801462,0.0367786248326516,0.04651784763768,0.00973922280502841,3.74633267972293,4.76167763863342
RT,VP0781,Incongruent,PercentRTChange,0.0956509884674568,0.121830682531628,0.0213257617348137,0.0261651646542718,0.0048394029194581,2.1554780896988,2.6510477721096
RT,VP0782,Incongruent,PercentRTChange,0.115794787126513,0.112053469137281,0.0475724968040321,0.0516889349682403,0.00411643816420815,4.87222273752239,5.30481251123653
RT,VP0783,Incongruent,PercentRTChange,0.0797873957336688,0.120773461919121,0.0680946457761881,0.0774234264523821,0.00932878067619404,7.04666188284229,8.04994916114481
RT,VP0784,Incongruent,PercentRTChange,0.110707217648065,0.115029448593409,0.0327200727247193,0.042275536089274,0.00955546336455465,3.32612607453504,4.31818734089455
RT,VP0785,Incongruent,PercentRTChange,0.107440788809402,0.0900577568555663,0.0481600910784168,0.0640055118030799,0.0158454207246631,4.93386316315201,6.60982748690662
RT,VP0786,Incongruent,PercentRTChange,0.125888537713059,0.123099646899881,0.0671937283859941,0.0761468798948636,0.00895315150886958,6.95026511287309,7.91210637059172
RT,VP0787,Incongruent,PercentRTChange,0.0541013388639971,0.118471804574493,0.0253657671229753,-0.00572550183078775,-0.031091268953763,2.56902156807624,-0.570914238208953
RT,VP0788,Incongruent,PercentRTChange,0.09893691979351,0.0981928262083066,0.0674282296435707,0.0777497953818329,0.0103215657382621,6.97534802541253,8.08521906256665
RT,VP0789,Incongruent,PercentRTChange,0.000275759934868499,0.115308118133262,-0.00865667448808327,-0.0128237932583609,-0.00416711877027758,-0.861931336690158,-1.27419187757599
RT,VP0790,Incongruent,PercentRTChange,0.112284882977708,0.123588126941182,0.0444921304618418,0.059454298178629,0.0149621677167872,4.54967491015206,6.12572584815629
RT,VP0791,Incongruent,PercentRTChange,0.000274729910771472,0.000183567383733696,0.00613075150488744,0.0183848700081686,0.0122541185032811,0.614958302601765,1.85549122001651
RT,VP0792,Incongruent,PercentRTChange,0.000275599981372528,0.0992667998171318,0.0790369344573388,0.0687306540622483,-0.0103062803950905,8.2244293437836,7.11476610192296
RT,VP0793,Incongruent,PercentRTChange,0.119803584415508,0.123798711533761,0.0419645228329364,0.0514634310927814,0.00949890825984502,4.2857480465412,5.28106854518957
RT,VP0794,Incongruent,PercentRTChange,0.120482559913157,0.0991028113110737,0.042714847573537,0.037733438660049,-0.00498140891348801,4.36402558650755,3.84543841894307
RT,VP0795,Incongruent,PercentRTChange,0.111154802565539,0.0945298819090958,0.0322213905378812,0.0442949409357889,0.0120735503979078,3.2746120216645,4.52906084181353
RT,VP0796,Incongruent,PercentRTChange,0.0664258416967158,0.102724150061303,0.0440087430474883,0.0525617493550643,0.00855300630757599,4.49914912587368,5.39676418913437
RT,VP0797,Incongruent,PercentRTChange,0.0994106222109402,0.11213358644746,0.0494186081755642,0.0606984446406069,0.0112798364650427,5.06600735943616,6.25784396459652
RT,VP0798,Incongruent,PercentRTChange,0.0984228766012078,0.114927726081251,0.0180123367658439,0.0223660000999205,0.00435366333407658,1.81755373055048,2.26179942739331
RT,VP0799,Incongruent,PercentRTChange,0.0399374299040626,0.122924641601491,0.02552310152264,0.0439937971108203,0.0184706955881803,2.58516047307802,4.49758729988048
RT,VP0800,Incongruent,PercentRTChange,0.0163124246724125,0.123092224677046,0.00433926278293782,0.0104954144226139,0.00615615163967606,0.434869101594826,1.05506844760355
RT,VP0801,Incongruent,PercentRTChange,0.111322023281862,0.127660696290747,0.0386412812565365,0.04862129550724,0.00998001425070342,3.93975653791581,4.98227028750837
RT,VP0802,Incongruent,PercentRTChange,0.112082809487395,0.107408338948386,0.0927645465974965,0.101598159272971,0.00883361267547485,9.72033645867174,10.693856934449
RT,VP0803,Incongruent,PercentRTChange,0.111140427154875,0.0820404571096058,0.0425247412657113,0.0429484674783788,0.000423726212667487,4.34418721269323,4.38840994845924
RT,VP0804,Incongruent,PercentRTChange,0.000275843975347286,0.000200187426353416,0.059838528734285,0.098121907738207,0.0382833790039221,6.16651042960774,10.3097253003139
RT,VP0805,Incongruent,PercentRTChange,0.118396291072064,0.127532441720475,0.024994629928879,0.0165461134110444,-0.00844851651783465,2.53096145240941,1.66837584611663
RT,VP0806,Incongruent,PercentRTChange,0.0583158000247445,0.111679663813111,0.0348091065264617,0.0381456776544322,0.00333657112797049,3.5422034624101,3.88825638305903
RT,VP0807,Incongruent,PercentRTChange,0.0899735442707032,0.124352938498599,0.0163264540119717,0.0402348420841152,0.0239083880721436,1.64604588435635,4.10552290667918
RT,VP0808,Incongruent,PercentRTChange,0.104583225433582,0.123588972724603,0.0349051301497196,0.036842309754564,0.00193717960484439,3.55214643731927,3.75293996720838
RT,VP0809,Incongruent,PercentRTChange,0.0651088017734856,0.0986659628744995,0.0122727181018423,0.0160799762327872,0.00380725813094494,1.23483369395669,1.62099548001473
RT,VP0810,Incongruent,PercentRTChange,0.113969680791567,0.116429621346176,0.0703428934812418,0.0741350745571403,0.0037921810758985,7.28760003759328,7.69522645222835
RT,VP0811,Incongruent,PercentRTChange,0.112435279715491,0.121377569146202,0.0383450950817,0.0423915382183899,0.00404644313668991,3.90897557768586,4.33028917463727
RT,VP0812,Incongruent,PercentRTChange,0.126939692069202,0.00749730937385667,0.0242736860829765,0.034536508958927,0.0102628228759505,2.45706902608136,3.51398195634078
RT,VP0813,Incongruent,PercentRTChange,0.0833563017042399,0.110269834659133,0.0253079508681781,0.0278019437232025,0.00249399285502435,2.56309158281738,2.81920243698355
RT,VP0814,Incongruent,PercentRTChange,0.108317898807766,0.117010657085354,0.0563652421065515,0.0643385671747572,0.00797332506820571,5.79840334938078,6.64534037617572
RT,VP0815,Incongruent,PercentRTChange,0.114063769796887,0.122837270504364,0.0126958177227376,0.0253417044122397,0.0126458866895021,1.27767517618236,2.56655350907402
RT,VP0816,Incongruent,PercentRTChange,0.117727621431335,0.108636570610463,0.0612467317162171,0.059684483342784,-0.00156224837343315,6.3161197415923,6.15015722754437
RT,VP0817,Incongruent,PercentRTChange,0.10639630008174,0.11365313718301,0.0631152060660558,0.0844537274172474,0.0213385213511917,6.51495438517198,8.81224928289739
RT,VP0818,Incongruent,PercentRTChange,0.105996054567476,0.111981039843163,0.0511678821931519,0.0643460193741656,0.0131781371810137,5.2499574388823,6.64613512147947
RT,VP0819,Incongruent,PercentRTChange,0.0723675354685954,0.0890463021031759,-0.00396926513214321,-0.0172279820212229,-0.0132587168890797,-0.396139801163631,-1.70804289015667
RT,VP0820,Incongruent,PercentRTChange,0.0874576208814698,0.0914793446463603,0.0144746954913658,0.014924822987427,0.000450127496061143,1.45799611791813,1.50367543165233
RT,VP0821,Incongruent,PercentRTChange,0.110794035306041,0.116607867108664,0.0161297422715967,0.00427387468593391,-0.0118558675856628,1.62605288026199,0.428302071336595
RT,VP0822,Incongruent,PercentRTChange,0.0403684273404548,0.117436430962287,0.0380293469215117,0.0391157301581101,0.00108638323659845,3.87617168897645,3.98908234159647
RT,VP0823,Incongruent,PercentRTChange,0.0800556091116225,0.106442181166905,0.0707119732484005,0.0785347160702121,0.00782274282181164,7.32720502828494,8.17009069150814
RT,VP0824,Incongruent,PercentRTChange,0.109126011992536,0.0927759224764067,0.0584307874024495,0.0751984738406678,0.0167676864382183,6.0171605924529,7.80981039231909
RT,VP0825,Incongruent,PercentRTChange,0.114976018298056,0.0905611735250579,0.0108300342683168,0.0320863842893743,0.0212563500210575,1.08888913723637,3.26067024486412
RT,VP0826,Incongruent,PercentRTChange,0.111193916668194,0.112015047504903,0.0238444398458606,0.0322092128531799,0.00836477300731931,2.41309915236254,3.27335438365923
RT,VP0827,Incongruent,PercentRTChange,0.0621662338969442,0.120890805653971,0.02712441118573,0.0402633002791627,0.0131388890934327,2.74956267612148,4.10848560411188
RT,VP0828,Incongruent,PercentRTChange,0.00027617713950861,0.00018310996544422,0.0207039321500616,0.0322044230559375,0.0115004909058759,2.09197453741816,3.27285972641584
RT,VP0829,Incongruent,PercentRTChange,0.119700493547678,0.115739382934625,0.0346560106346674,0.0402690179802892,0.00561300734562176,3.52635278980007,4.10908086701907
RT,VP0830,Incongruent,PercentRTChange,0.0946249676411049,0.10524774958804,0.0227225589324796,0.00893521998081008,-0.0137873389516695,2.29826827647128,0.897525822017498
RT,VP0831,Incongruent,PercentRTChange,0.0277168076104444,0.115122414367724,0.121017527209919,0.127075521118578,0.00605799390865844,12.8644694186463,13.5502768982694
RT,VP0832,Incongruent,PercentRTChange,0.0748385490167087,0.0683372391570655,0.0359418235555466,0.0431568294064099,0.00721500585086331,3.65955392938992,4.41016278497297
RT,VP0833,Incongruent,PercentRTChange,0.0556168391573114,0.10073321661489,0.0558846442303043,0.058683376499258,0.0027987322689537,5.74756907782066,6.0439427535917
RT,VP0834,Incongruent,PercentRTChange,0.119903644328486,0.0766024209860647,0.0331352126138196,0.0207602594430738,-0.0123749531707459,3.36902977595754,2.09772526394203
RT,VP0836,Incongruent,PercentRTChange,0.000276377019428683,0.100130719083471,0.0296745293842208,0.0349079764513675,0.00523344706714676,3.01192058545001,3.55244117838378
RT,VP0837,Incongruent,PercentRTChange,0.124666534981723,0.110640111041389,0.0294431985198685,0.0318813204031559,0.00243812188328743,2.98809350489821,3.2394973814992
RT,VP0838,Incongruent,PercentRTChange,0.0716706088770424,0.101496006103536,0.0125905296478844,0.00359404722451313,-0.00899648242337129,1.26701240607856,0.360051355668611
RT,VP0839,Incongruent,PercentRTChange,0.0674393270815554,0.110447594909172,0.0271615804241905,0.031920525191296,0.00475894476710551,2.75338187009613,3.24354494346313
RT,VP0840,Incongruent,PercentRTChange,0.10966617135541,0.113422434796864,0.00429805562211191,0.0104970615321054,0.00619900590999351,0.430730551060776,1.05523489650303
RT,VP0841,Incongruent,PercentRTChange,0.0751754661722051,0.0665189926665754,0.0335154120016957,0.0481513903617046,0.0146359783600089,3.40833808982861,4.93295016730697
RT,VP0842,Incongruent,PercentRTChange,0.101055630325394,0.105512989880476,0.028779480297692,0.0381857699537011,0.00940628965600906,2.91976110980818,3.89242158562018
RT,VP0843,Incongruent,PercentRTChange,0.109713665573006,0.119813543571451,0.00625893506510198,0.00908947121738374,0.00283053615228177,0.627856312806618,0.913090590554289
RT,VP0844,Incongruent,PercentRTChange,0.117519033994175,0.103128509405733,0.0322290561402832,0.0426398667099222,0.010410810569639,3.27540368681276,4.35620057510548
RT,VP0845,Incongruent,PercentRTChange,0.0442390005598519,0.120401654948148,0.0689641157917583,0.0756331295367572,0.00666901374499894,7.13977621981228,7.85668072599126
RT,VP0846,Incongruent,PercentRTChange,0.0620338857149737,0.0974498571978496,0.0305124725166069,0.0388974623243259,0.00838498980771906,3.09827489180468,3.96638734674033
RT,VP0847,Incongruent,PercentRTChange,0.108468906754134,0.101998431417456,0.0876406063712057,0.101408286704574,0.0137676803333684,9.15957389686308,10.6728412027457
RT,VP0848,Incongruent,PercentRTChange,0.0402251130676526,0.101240256905644,0.0165713449876228,0.028172616343046,0.0116012713554232,1.67094113189037,2.85732176458013
RT,VP0849,Incongruent,PercentRTChange,0.111437144832309,0.112228045433357,0.0176297317151485,0.0168056604153109,-0.000824071299837543,1.77860527165739,1.69476699321958
RT,VP0850,Incongruent,PercentRTChange,0.0645709287203586,0.122252904022451,0.0393638815023286,0.0443488462017466,0.00498496469941796,4.01489057420494,4.53469566051032
RT,VP0851,Incongruent,PercentRTChange,0.0848139312849655,0.0974166650578852,0.0551751663317367,0.0405112833010097,-0.014663883030727,5.6725701229291,4.13430594234234
RT,VP0852,Incongruent,PercentRTChange,0.0577251482904115,0.0885881312387105,-0.00764525894903797,0.0123990616517376,0.0200443206007756,-0.761610829225079,1.24762487024295
RT,VP0853,Incongruent,PercentRTChange,0.100393566697228,0.109373960397387,0.0310861714560856,0.0395760985509537,0.00848992709486811,3.15743923240919,4.03696664967261
RT,VP0854,Incongruent,PercentRTChange,0.000276356396310355,0.115959684701446,0.0485607353328294,0.0739592464525762,0.0253985111197467,4.97591273541893,7.67629226932018
RT,VP0855,Incongruent,PercentRTChange,0.119446339097408,0.119952620572636,0.0742642311458095,0.0742747089330852,1.04777872756562e-05,7.70913689858646,7.7102654579229
RT,VP0856,Incongruent,PercentRTChange,0.104880156786138,0.100305198775272,0.0177517157951335,0.0320187540645271,0.0142670382693935,1.79102139845313,3.25368693866153
RT,VP0857,Incongruent,PercentRTChange,0.118388055219557,0.106801606734504,0.0515979188831694,0.0486618411763894,-0.00293607770678,5.29522851561812,4.98652695020005
RT,VP0858,Incongruent,PercentRTChange,0.102593681754226,0.0913900121050066,0.0385061246101857,0.0325545476835747,-0.00595157692661098,3.9257093383072,3.3090244286796
RT,VP0859,Incongruent,PercentRTChange,0.0878637812024279,0.0364249834051472,0.0331488395275595,0.0705521142096764,0.0374032746821168,3.37043838640716,7.31004917575577
RT,VP0860,Incongruent,PercentRTChange,0.112035416967727,0.107146406504652,0.0207751733339459,0.0207809693642915,5.79603034559298e-06,2.09924794962948,2.09983972168382
RT,VP0861,Incongruent,PercentRTChange,0.117446357744943,0.103171978998248,0.0534098619199625,0.0588517230687918,0.00544186114882934,5.48619042553984,6.0617963903312
RT,VP0862,Incongruent,PercentRTChange,0.0914914015640542,0.11660493219374,-0.00447489589708971,0.0029269564742352,0.00740185237132491,-0.446489846848819,0.293124419363844
RT,VP0863,Incongruent,PercentRTChange,0.0920822052589933,0.116033193301995,0.0311195108714823,0.0335926715996122,0.00247316072812989,3.16087849845825,3.41632768508315
RT,VP0864,Incongruent,PercentRTChange,0.0281754356628698,0.0117572504371256,0.0516702604066705,0.0745003539694457,0.0228300935627753,5.30284600839352,7.73457248696565
RT,VP0865,Incongruent,PercentRTChange,0.103760439500656,0.116271456625751,0.0299533054972454,0.0383140343878236,0.00836072889057818,3.04064185148147,3.90574814292788
RT,VP0866,Incongruent,PercentRTChange,0.109154530603371,0.095835734672488,0.0383608545370512,0.0476472984679235,0.00928644393087232,3.91061313945058,4.88006764768165
RT,VP0867,Incongruent,PercentRTChange,0.0748078117958529,0.123880335137254,0.0258792536332396,0.0383711727730301,0.0124919191397905,2.62170290144192,3.91168531920916
RT,VP0868,Incongruent,PercentRTChange,0.110071594630217,0.114342846445662,0.0312454023176788,0.038575043833209,0.00732964151553012,3.17386638815829,3.93287206426887
RT,VP0869,Incongruent,PercentRTChange,0.107367445341866,0.0333472347641065,0.0301968400530473,-0.000329144497864614,-0.0305259845509119,3.0657388642952,-0.0329090335756899
RT,VP0870,Incongruent,PercentRTChange,0.110311160731333,0.110234383370488,0.0181663762896006,0.0216032947233522,0.00343691843375166,1.83323886607158,2.18383353943297
RT,VP0871,Incongruent,PercentRTChange,0.102142927107215,0.125850247474587,0.0256191091875336,0.0391340996380629,0.0135149904505293,2.59500990759081,3.99099258450488
RT,VP0872,Incongruent,PercentRTChange,0.0947935091753126,0.113160453346495,0.00113030531687979,0.00543297727957118,0.00430267196269139,0.113094435268035,0.544776266472469
RT,VP0873,Incongruent,PercentRTChange,0.0920909256901815,0.107240965853835,0.0351200658741151,0.0502728187319938,0.0151527528578786,3.57440588501605,5.15579419501628
RT,VP0874,Incongruent,PercentRTChange,0.0134676470605142,0.112979981250972,0.013221507418756,0.0252473069385035,0.0120257995197475,1.33092980293703,2.55687194249785
RT,VP0875,Incongruent,PercentRTChange,0.0559716563948445,0.0540388291096732,0.0226572671225868,0.0315272363574777,0.00886996923489091,2.29158925543167,3.20294839368118
RT,VP0876,Incongruent,PercentRTChange,0.0140574522558965,0.1249140142017,0.0416061561146005,0.044862200033957,0.00325604391935656,4.24838220098218,4.58837272361083
RT,VP0877,Incongruent,PercentRTChange,0.0861054011503922,0.117587038869874,0.0149325954365153,0.0234492195821838,0.00851662414566845,1.50446436686789,2.37263141767272
RT,VP0878,Incongruent,PercentRTChange,0.122926851278058,0.130113071133777,0.0391294391504026,0.041334788213511,0.00220534906310847,3.9905079368965,4.2200963744186
RT,VP0879,Incongruent,PercentRTChange,0.0785199772438092,0.116123403984711,0.057107501395493,0.0664693157619616,0.00936181436646867,5.8769623489888,6.87281704624718
RT,VP0880,Incongruent,PercentRTChange,0.11669410944602,0.122353780855752,0.0538115761518928,0.0553776329067164,0.0015660567548236,5.52857424202706,5.69396745232009
RT,VP0881,Incongruent,PercentRTChange,0.00845209540792635,0.10979621366285,0.0963602990902622,0.102341383633119,0.00598108454285641,10.1155737939673,10.7761578856888
RT,VP0882,Incongruent,PercentRTChange,0.0933558553731912,0.119334612600515,0.0535361523211798,0.058727706215665,0.0051915538944852,5.4995131601006,6.04864375569691
RT,VP0883,Incongruent,PercentRTChange,0.0424130079595552,0.1224838914496,0.0306476048196453,0.0376286732133821,0.00698106839373679,3.11220774049785,3.83455957507621
RT,VP0884,Incongruent,PercentRTChange,0.0974689857628426,0.107803185209928,0.0525278219643235,0.0673397618538032,0.0148119398894797,5.39318841259164,6.96588457142471
RT,VP0885,Incongruent,PercentRTChange,0.0740415783669065,0.122741369021407,0.0633729214620544,0.0688561779360266,0.00548325647397217,6.54240846633887,7.12821240620138
RT,VP0886,Incongruent,PercentRTChange,0.0839123083272845,0.129156519348963,0.0237374573463464,0.0346351457749031,0.0108976884285567,2.40214332908335,3.52419274950175
RT,VP0887,Incongruent,PercentRTChange,0.0976084632950461,0.102706928548863,0.0381575041420217,0.045227821644768,0.00707031750274629,3.88948502349908,4.62661948441321
RT,VP0888,Incongruent,PercentRTChange,0.117651578891839,0.116506442484675,0.0727383192474342,0.0816773935210842,0.00893907427365005,7.54490757663342,8.5105691231022
RT,VP0889,Incongruent,PercentRTChange,0.101523743333478,0.0977116497236669,0.03127512028981,0.0370491830093409,0.00577406271953088,3.17693255180413,3.77440589587879
RT,VP0890,Incongruent,PercentRTChange,0.113183514711142,0.110356204863959,0.035392085762933,0.0458363006604802,0.0104442148975472,3.60258401572151,4.69030195961444
RT,VP0891,Incongruent,PercentRTChange,0.122817034457174,0.0777711334592856,0.057521363219631,0.063431158384749,0.00590979516511798,5.92078985040001,6.54861334901931
RT,VP0892,Incongruent,PercentRTChange,0.103713564594174,0.120797529571094,0.0448463575829994,0.0510409791172114,0.00619462153421192,4.58671580057011,5.23660174299807
RT,VP0893,Incongruent,PercentRTChange,0.000275742010021427,0.127737141568088,0.0237629833425746,0.0271806340029079,0.00341765066033331,2.40475727916942,2.75533970839792
RT,VP0894,Incongruent,PercentRTChange,0.1192502614112,0.120869298045976,0.0330229855993044,0.046076877724344,0.0130538921250397,3.35742962928953,4.71549107491511
RT,VP0895,Incongruent,PercentRTChange,0.107004695231612,0.115837932347207,0.0420083468050372,0.0539144403503952,0.011906093545358,4.29031836239806,5.53942991255594
RT,VP0896,Incongruent,PercentRTChange,0.0824284187242792,0.0916668197792209,0.00921603485668036,0.0202293046217519,0.0110132697650716,0.925863326817056,2.04353037325959
RT,VP0897,Incongruent,PercentRTChange,0.111819062330406,0.111057920868925,0.055191377577843,0.0598435858563726,0.00465220827852959,5.67428322085572,6.1670473279702
RT,VP0898,Incongruent,PercentRTChange,0.0981182347986862,0.0809660802332007,0.0299955815216718,0.012517885543595,-0.0174776959780768,3.04499809225491,1.25965622186319
RT,VP0899,Incongruent,PercentRTChange,0.106406672071991,0.108971142555364,0.0196218566457589,0.0316372863895371,0.0120154297437783,1.98156306013608,3.2143065064294
RT,VP0900,Incongruent,PercentRTChange,0.0893957031550448,0.0479381943728178,0.0331749885889586,0.0549236902692253,0.0217487016802667,3.37314146168866,5.64599934217682
RT,VP0901,Incongruent,PercentRTChange,0.0206664048371075,0.0990394120272191,0.0483639908152913,0.0674417306954786,0.0190777398801873,4.95526133170652,6.97679231488877
RT,VP0902,Incongruent,PercentRTChange,0.047085748713404,0.106954058389974,0.0515043821685716,0.0690285051693271,0.0175241230007555,5.28538000648573,7.14667510542102
RT,VP0903,Incongruent,PercentRTChange,0.0577161039739237,0.0986818464987028,0.051850618548151,0.0567645808109659,0.00491396226281495,5.32183994679645,5.84066118373627
RT,VP0904,Incongruent,PercentRTChange,0.000275715905594299,0.121072724795067,0.00745305681672483,0.0233774561612658,0.0159243993445409,0.748089997390888,2.36528507103644
RT,VP0905,Incongruent,PercentRTChange,0.0493695404563695,0.128345733571031,0.0244820459525738,0.0246959450239498,0.000213899071375992,2.47841919180458,2.50034157501091
RT,VP0906,Incongruent,PercentRTChange,0.115808236080354,0.116835349119623,0.0153792330522221,0.0153265915794931,-5.26414727290373e-05,1.54981020464091,1.54446461377751
RT,VP0907,Incongruent,PercentRTChange,0.104121345824355,0.0971900447028628,0.0432979654681855,0.0483987094340014,0.0051007439658159,4.4248998641,4.95890529666267
RT,VP0908,Incongruent,PercentRTChange,0.0839680303780798,0.120460924336313,0.0738895852994403,0.0846034960601128,0.0107139107606725,7.66879167588834,8.8285471662251
RT,VP0909,Incongruent,PercentRTChange,0.101158891725138,0.0858311422274979,0.0282009678514085,0.0360433487654031,0.00784238091399462,2.86023796613744,3.6700785216029
RT,VP0910,Incongruent,PercentRTChange,0.118112069909587,0.119095103873042,0.0567037741454186,0.0641091482553815,0.00740537410996293,5.83422556171671,6.6208767237498
RT,VP0911,Incongruent,PercentRTChange,0.113592480920158,0.0629796938773096,0.0285974522517788,0.036243503436128,0.0076460511843492,2.90102853178653,3.69083064878175
RT,VP0912,Incongruent,PercentRTChange,0.0681436763561834,0.000193527515941254,0.00393711695881017,0.0174192372050458,0.0134821202462356,0.394487758527284,1.7571836886437
RT,VP0913,Incongruent,PercentRTChange,0.0743175555787418,0.110426068738765,0.0257248236291622,0.0267631144510927,0.00103829082193048,2.60585625507477,2.71244630005767
RT,VP0914,Incongruent,PercentRTChange,0.0923739826400789,0.115029436266786,0.0446439889476373,0.0530464234962397,0.00840243454860241,4.56555287104536,5.44785965662611
RT,VP0915,Incongruent,PercentRTChange,0.122002092569113,0.124805406181259,0.0381735059547173,0.0520306570150164,0.013857151060299,3.89114745688042,5.34080363643348
RT,VP0916,Incongruent,PercentRTChange,0.109541480952891,0.111403224155835,0.106585692641628,0.117652841946371,0.0110671493047434,11.247325313303,12.4853541610424
RT,VP0917,Incongruent,PercentRTChange,0.121506131841367,0.126869644617526,0.0301612340689139,0.0380781794656985,0.00791694539678457,3.0620691725644,3.88124435057489
RT,VP0918,Incongruent,PercentRTChange,0.109502270310164,0.0698502291812021,0.0287537237237889,0.0376675703895047,0.00891384666571573,2.91711028351331,3.83859852477897
RT,VP0919,Incongruent,PercentRTChange,0.00509248268152399,0.000202332769660673,0.197077526396198,0.291822059999263,0.0947445336030646,21.78384516725,33.8864758845862
RT,VP0920,Incongruent,PercentRTChange,0.0897438905686961,0.118068949213868,0.0582522098525227,0.0617698724455865,0.00351766259306378,5.99822999800401,6.3717525846519
RT,VP0921,Incongruent,PercentRTChange,0.0784947838481852,0.0828558777964488,0.0504674757321693,0.0591917895781301,0.00872431384596078,5.17626549884203,6.09787058866951
RT,VP0922,Incongruent,PercentRTChange,0.112354789564497,0.120101116353457,0.0317918062994945,0.0253195903427445,-0.00647221595675002,3.23025640403374,2.56428537026083
RT,VP0923,Incongruent,PercentRTChange,0.122245384920052,0.126986831876482,0.0495570464866281,0.0430334487329833,-0.00652359775364484,5.08055352689543,4.39728138345032
RT,VP0924,Incongruent,PercentRTChange,0.119913176419853,0.0959373626719061,0.0418439532074256,0.0458661595474501,0.00402220634002448,4.2731751109254,4.69342794217644
RT,VP0925,Incongruent,PercentRTChange,0.10331159074267,0.095334279650659,0.0241780941941575,0.0223330412608553,-0.0018450529333022,2.44727542943195,2.25842905274558
RT,VP0926,Incongruent,PercentRTChange,0.108058065020872,0.109054421802082,0.061135360743176,0.0607924251030901,-0.00034293564008598,6.3042798712079,6.26783059518152
RT,VP0927,Incongruent,PercentRTChange,0.07961376436028,0.112833537296581,0.0249875183659835,0.0176064627524522,-0.00738105561353134,2.53023229962102,1.77623701664156
RT,VP0928,Incongruent,PercentRTChange,0.0793603770916795,0.12495727577977,0.00927489277474504,0.0349346770800514,0.0256597843053063,0.93180378783122,3.5552061305778
RT,VP0929,Incongruent,PercentRTChange,0.00027602151667257,0.000196308308818542,0.0371907019348708,0.0583068293068051,0.0211161273719343,3.78909297752417,6.00401972159572
RT,VP0930,Incongruent,PercentRTChange,0.109414694669713,0.10726372914773,0.0305914833137669,0.044955295723419,0.0143638124096521,3.1064210905043,4.59810990351694
RT,VP0931,Incongruent,PercentRTChange,0.124406702817463,0.126690753793262,0.0283547589978665,0.0367158315805197,0.00836107258265313,2.87605817653216,3.73981831462842
RT,VP0932,Incongruent,PercentRTChange,0.0189618324330825,0.0791754872857811,0.120990707950542,0.117330452335272,-0.00366025561527013,12.8614425177563,12.449095896418
RT,VP0933,Incongruent,PercentRTChange,0.114034555931978,0.109894980594803,0.0448748708951803,0.0648550125163204,0.0199801416211401,4.58969795676307,6.70043108985916
RT,VP0934,Incongruent,PercentRTChange,0.0826368727555479,0.107720658688395,0.0221290484414616,0.0205765446577095,-0.00155250378375207,2.23757119499526,2.07897012510989
RT,VP0935,Incongruent,PercentRTChange,0.104311418116489,0.0979627148184182,0.0664744382470359,0.0896071333703814,0.0231326951233455,6.87336450205951,9.374450357082
RT,VP0936,Incongruent,PercentRTChange,0.091754462824811,0.130161347784671,0.0383933522384554,0.0576413901470116,0.0192480379085561,3.91399005039974,5.93350396035399
RT,VP0937,Incongruent,PercentRTChange,0.0881182252715983,0.103470357485981,0.0794698809337795,0.0977790930191205,0.018309212085341,8.27129487353373,10.2719159839879
RT,VP0938,Incongruent,PercentRTChange,0.0540315602278929,0.0469154237116463,0.0614402650347207,0.0907698334406494,0.0293295684059287,6.33669744422762,9.50169399695746
RT,VP0939,Incongruent,PercentRTChange,0.117107288186926,0.105723252957078,0.0349371143572295,0.0330811911035317,-0.00185592325369781,3.55545852362595,3.36344577568146
RT,VP0940,Incongruent,PercentRTChange,0.0651795646401525,0.0806029583887069,0.0745655101194946,0.0896132183407137,0.0150477082212191,7.74159228562512,9.37511589939244
RT,VP0941,Incongruent,PercentRTChange,0.114067344764657,0.0662590294823766,0.0367542526944993,0.0215074814136521,-0.0152467712808472,3.74380419058253,2.17404343716225
RT,VP0942,Incongruent,PercentRTChange,0.117914461615525,0.109029115552256,0.0337068850333251,0.04620043402214,0.0124935489888149,3.42813989351365,4.72843013264881
RT,VP0943,Incongruent,PercentRTChange,0.0370788097537291,0.104133842099208,0.0871917317830351,0.095861124657988,0.00866939287495297,9.1105859336337,10.0606206316821
RT,VP0944,Incongruent,PercentRTChange,0.0909058086095193,0.0878471643100996,0.0452217934478378,0.0603396644615886,0.0151178710137508,4.62598877644784,6.21972759442475
RT,VP0945,Incongruent,PercentRTChange,0.0874882038080234,0.125182121154926,0.0300177838909116,0.0243502178757778,-0.00566756601513379,3.04728596074881,2.46491054931817
RT,VP0946,Incongruent,PercentRTChange,0.0886304177487133,0.0738937375949824,0.0249387364609403,0.0325255611661775,0.00758682470523717,2.5252308015572,3.30602990324635
RT,VP0947,Incongruent,PercentRTChange,0.115213490836096,0.122426333441114,0.0446182138551078,0.0629461597513663,0.0183279458962585,4.56285771897875,6.49694994650871
RT,VP0948,Incongruent,PercentRTChange,0.092877678281974,0.080559817442321,0.0474501721505699,0.0615404770374052,0.0140903048868353,4.85939506380457,6.34735419159544
RT,VP0949,Incongruent,PercentRTChange,0.0845126592411801,0.000190807008097069,0.039220794168686,0.0750811742801986,0.0358603801115126,4.00000842560242,7.79716509060446
RT,VP0950,Incongruent,PercentRTChange,0.117031458118032,0.126501035454748,0.053833909530613,0.0560929372226078,0.00225902769199476,5.53093107795937,5.76959784955244
RT,VP0951,Incongruent,PercentRTChange,0.100967075742717,0.119703105510696,0.0509740265619788,0.0607448205163777,0.00977079395439891,5.22955611947127,6.2627718794352
RT,VP0952,Incongruent,PercentRTChange,0.119081655932935,0.124715773849447,0.0178196355135549,0.0194063937117409,0.00158675819818597,1.79793525075511,1.95959218038351
RT,VP0953,Incongruent,PercentRTChange,0.121637518208291,0.119647033082136,0.0179125796477653,0.0233018285338906,0.00538924888612534,1.80739721142147,2.35754372013464
RT,VP0954,Incongruent,PercentRTChange,0.114199026876907,0.116598464637052,0.0139399629851555,0.0175036447165228,0.00356368173136734,1.40375773218528,1.765773121795
RT,VP0955,Incongruent,PercentRTChange,0.0993705139487738,0.122722929283436,0.022973913421692,0.021011581687373,-0.001962331734319,2.3239846372672,2.12338791805604
RT,VP0956,Incongruent,PercentRTChange,0.103674928183552,0.118205074510748,0.0390263722428282,0.0454182846530229,0.00639191241019466,3.97979050914192,4.64654888295011
RT,VP0957,Incongruent,PercentRTChange,0.109601480737526,0.107550760468491,0.01146093481232,0.0186106177542411,0.00714968294192112,1.15268629510041,1.87848746316193
RT,VP0958,Incongruent,PercentRTChange,0.11449155766975,0.104093761366106,0.0422486124707034,0.0386104048499752,-0.00363820762072828,4.31537875561743,3.93654730128017
RT,VP0959,Incongruent,PercentRTChange,0.116879730795556,0.121360190737388,0.0356216781695997,0.0431441111160677,0.00752243294646795,3.62637311311613,4.40883487465238
RT,VP0960,Incongruent,PercentRTChange,0.0839208023512518,0.0907266675729799,0.0579135946367062,0.0679020469923543,0.0099884523556481,5.96234346068374,7.02604681123278
RT,VP0961,Incongruent,PercentRTChange,0.118954527639403,0.052689272268063,0.00868808644514102,-0.00176707122424165,-0.0104551576693827,0.87259374062445,-0.176551087310506
RT,VP0962,Incongruent,PercentRTChange,0.0997373535316084,0.0956973921267437,0.0751613651673885,0.091387494470775,0.0162261293033865,7.80580978751797,9.56934981810329
RT,VP0963,Incongruent,PercentRTChange,0.0944648901336373,0.000181292313201175,0.026591276286546,0.033390539683584,0.00679926339703799,2.69479789818727,3.39542605713377
RT,VP0964,Incongruent,PercentRTChange,0.123816469228696,0.13020170561323,0.0380156192219279,0.0307543460267209,-0.00726127319520698,3.87474571788526,3.12321464945122
RT,VP0965,Incongruent,PercentRTChange,0.0949891010269031,0.106386422460808,0.0282447226480405,0.0237927713598853,-0.00445195128815522,2.86473869339465,2.40780775928562
RT,VP0966,Incongruent,PercentRTChange,0.122812277159333,0.12226907597739,0.0290735052902447,0.0291346182623558,6.11129721111194e-05,2.95002654098058,2.95631831533396
RT,VP0967,Incongruent,PercentRTChange,0.111773922039198,0.11950526893631,0.0337196021655384,0.0405132154153025,0.00679361324976411,3.42945521120674,4.13450714191759
RT,VP0968,Incongruent,PercentRTChange,0.0698776580004715,0.0871919836661844,0.0304801682979477,0.0325158013221249,0.00203563302417712,3.09494443638336,3.30502165742497
RT,VP0969,Incongruent,PercentRTChange,0.106927211289429,0.119216546467634,0.0382203038178718,0.0601979452479581,0.0219776414300864,3.89600945434672,6.20467528478394
RT,VP0970,Incongruent,PercentRTChange,0.00723962341390726,0.0246184292152039,0.0449751642527464,0.0742995531038439,0.0293243888510975,4.60018813477678,7.71294146339183
RT,VP0971,Incongruent,PercentRTChange,0.000276181120078117,0.119046750498363,0.00863503837734395,0.0108277203504231,0.00219268197307916,0.867242786362965,1.08865522611756
RT,VP0972,Incongruent,PercentRTChange,0.0206789358669062,0.124300609931026,0.0324117432834078,0.0300488128602571,-0.00236293042315072,3.29427249875955,3.05048346143337
RT,VP0973,Incongruent,PercentRTChange,0.115645115463942,0.11920466535929,0.078778950294874,0.0629430035248094,-0.0158359467700646,8.19651275619469,6.49661381853752
RT,VP0974,Incongruent,PercentRTChange,0.114463912224647,0.112999450048269,0.0224084817598558,0.0300359141507348,0.00762743239087897,2.26614377065775,3.04915425175363
RT,VP0975,Incongruent,PercentRTChange,0.101872227231846,0.102074221261368,0.0423482238131187,0.0486812806837289,0.00633305687061019,4.32577026807748,4.9885678563983
RT,VP0976,Incongruent,PercentRTChange,0.119240612468538,0.0869415308331068,0.0623621585334462,0.0664443944350151,0.00408223590156889,6.43477375528803,6.87015366701949
RT,VP0977,Incongruent,PercentRTChange,0.099165933952608,0.117408138890665,0.0316892308895356,0.0324882661413006,0.000799035251765084,3.219668061224,3.30217717413543
RT,VP0978,Incongruent,PercentRTChange,0.121785033213753,0.0957473728587472,0.0349097653585359,0.0471626124889063,0.0122528471303704,3.5526264242538,4.82924606666324
RT,VP0979,Incongruent,PercentRTChange,0.113242542199311,0.12158449163483,0.0468168045030903,0.0349791361231992,-0.0118376683798912,4.79300154341029,3.55981019830081
RT,VP0980,Incongruent,PercentRTChange,0.115987735273353,0.124752952957983,0.0280886680254721,0.0285036122591358,0.000414944233663769,2.84868742789193,2.89137275308233
RT,VP0981,Incongruent,PercentRTChange,0.0899677173148816,0.0666446931164739,0.0634501856934327,0.065334718727547,0.00188453303411425,6.55064070166278,6.75162822820439
RT,VP0982,Incongruent,PercentRTChange,0.104695284878601,0.113392830912867,0.0189711141295023,0.028015783137154,0.00904466900765166,1.91522090934877,2.84119158596521
RT,VP0983,Incongruent,PercentRTChange,0.122584561456277,0.0860256214834488,0.0236880808028166,0.0151351794653639,-0.00855290133745265,2.39708719002407,1.52502963323238
RT,VP0984,Incongruent,PercentRTChange,0.114667037194215,0.0741303419983892,0.0331448814026947,-0.00506292432790237,-0.0382078057305971,3.37002923411442,-0.505012932900517
RT,VP0985,Incongruent,PercentRTChange,0.111232937979263,0.116588796531133,0.0184878889204208,0.0198325266586323,0.00134463773821151,1.86598480243836,2.00304978056318
RT,VP0986,Incongruent,PercentRTChange,0.105804681561479,0.124540137326817,0.0059533661637856,0.0100920484696202,0.00413868230583456,0.597112266762689,1.01431449354565
RT,VP0987,Incongruent,PercentRTChange,0.105855333429347,0.119835667153096,0.0381103932305892,0.0471264932559945,0.00901610002540523,3.88459081045771,4.82545978308782
RT,VP0988,Incongruent,PercentRTChange,0.0971444028345995,0.113218348191795,0.0611817910203485,0.0771658718906581,0.0159840808703096,6.30921572297254,8.02212398724835
RT,VP0989,Incongruent,PercentRTChange,0.101481704331066,0.105054525230544,0.0298899239620607,0.0333195308737724,0.00342960691171167,3.03411118437855,3.38808433165616
RT,VP0990,Incongruent,PercentRTChange,0.0811986793163762,0.0941083201423119,0.0115231599136875,0.0058528631682383,-0.00567029674544918,1.15898072709251,0.587002463677733
RT,VP0991,Incongruent,PercentRTChange,0.121835736968127,0.131823672201426,0.0195590231553996,0.0248726326454219,0.0053136094900223,1.97515540388653,2.51845371661237
RT,VP0992,Incongruent,PercentRTChange,0.112228137955062,0.103176986354216,0.0270442251098479,0.0284816964100438,0.00143747130019592,2.74132392221296,2.88911782599361
RT,VP0993,Incongruent,PercentRTChange,0.00027585224845691,0.108941263225687,0.0217906899590535,0.018685572395178,-0.00310511756387548,2.20298409730955,1.88612401480281
RT,VP0994,Incongruent,PercentRTChange,0.0803134230343164,0.100103046652335,0.00132635262663227,0.0086486236491439,0.00732227102251163,0.132723262129542,0.868613104579974
RT,VP0995,Incongruent,PercentRTChange,0.0903769632609497,0.0930763054871189,0.0363620333078644,0.0285233479514721,-0.00783868535639223,3.70312183806092,2.89340340559714
RT,VP0996,Incongruent,PercentRTChange,0.018552070408002,0.119929879772622,0.029616059066522,0.0388397975239147,0.00922373845739271,3.00589762181063,3.96039231861722
RT,VP0997,Incongruent,PercentRTChange,0.109368712553297,0.116678972304474,0.0760728768973573,0.0796344604504801,0.00356158355312279,7.90412084673306,8.28911557733774
RT,VP0998,Incongruent,PercentRTChange,0.0780833882009454,0.11540191885306,0.0471404161981723,0.0545787125385179,0.00743829634034554,4.82691927206331,5.60956011078848
RT,VP0999,Incongruent,PercentRTChange,0.104701413914645,0.0991956136896811,0.055101122573897,0.0597211721743728,0.00462004960047575,5.66474601840323,6.15405182422968
RT,VP1000,Incongruent,PercentRTChange,0.000275798128133167,0.112611000366668,0.0372988370016385,0.0357735351855797,-0.00152530181605877,3.80031682485784,3.64211069981515
Error,VP0001,Congruent,OddsRatio,0.115673835545271,0.127936195697201,1.06543267192264,1.28988935417127,0.224456682248633,2.90209436720506,3.63238462531012
Error,VP0002,Congruent,OddsRatio,0.120590446224682,0.0935236439701773,0.796981382329986,0.862610780113267,0.0656293977832805,2.21883300074857,2.36933844751872
Error,VP0003,Congruent,OddsRatio,0.121033257759527,0.0712003714785011,0.200180627732919,0.707279378089347,0.507098750356428,1.22162339729753,2.02846505822202
Error,VP0004,Congruent,OddsRatio,0.120856928122566,0.108985159587661,0.963123171234706,0.991402636555812,0.0282794653211063,2.61986599949651,2.6950119447916
Error,VP0005,Congruent,OddsRatio,0.117766262463631,0.121186335537157,0.275534083086198,0.159055499657692,-0.116478583428506,1.31723399943369,1.17240301284102
Error,VP0006,Congruent,OddsRatio,0.117869470397295,0.070965107498893,0.886314107980315,1.17259067592591,0.286276567945599,2.42617054762868,3.23035059899949
Error,VP0007,Congruent,OddsRatio,0.119681123151929,0.127798611255646,1.25527716370209,1.47925066059055,0.223973496888463,3.50881075456076,4.38965510662894
Error,VP0008,Congruent,OddsRatio,0.119760457908616,0.124787463048418,0.133528406045555,0.140370757507471,0.00684235146191611,1.14285372962913,1.15070035057254
Error,VP0009,Congruent,OddsRatio,0.117218218151095,0.0129438738979416,0.278005848752916,0.644340945567893,0.366335096814977,1.32049392042918,1.90473129391717
Error,VP0010,Congruent,OddsRatio,0.0710526382081683,0.119830001292286,0.650356421035389,1.03524991740593,0.384893496370538,1.91622368974524,2.81580986759316
Error,VP0011,Congruent,OddsRatio,0.119961173210788,0.129213158223181,0.741632622355561,1.24126874460161,0.499636122246052,2.0993601805036,3.46000053814069
Error,VP0012,Congruent,OddsRatio,0.0804913478090997,0.0967484905916656,0.832318409700609,0.895567972110007,0.0632495624093975,2.2986417607651,2.44872620275516
Error,VP0013,Congruent,OddsRatio,0.0876311488942443,0.0459973462013629,1.21052584572617,1.64909791624809,0.438572070521923,3.35524853184488,5.2022848132475
Error,VP0014,Congruent,OddsRatio,0.013371579113673,0.0172125650189144,0.417984367347399,0.751793147998474,0.333808780651075,1.5188969298286,2.12079951646995
Error,VP0015,Congruent,OddsRatio,0.124041281253756,0.122778920746308,0.906590074519071,0.97311980585932,0.0665297313402484,2.4758656056166,2.64618718510138
Error,VP0016,Congruent,OddsRatio,0.121087013723614,0.110225244488893,0.701329348050769,0.643812479804715,-0.0575168682460543,2.01643146581349,1.90372497456636
Error,VP0017,Congruent,OddsRatio,0.0819840953914847,0.0861853985733044,0.246517730041818,0.257299666373019,0.0107819363312015,1.27956186970194,1.29343266696612
Error,VP0018,Congruent,OddsRatio,0.0369243290099368,0.020794884920209,0.525176693272214,0.979125321282397,0.453948628010183,1.6907575674746,2.66212671770177
Error,VP0019,Congruent,OddsRatio,0.0680870033524709,0.0965885344167964,0.697946896474398,0.907675836432496,0.209728939958098,2.00962250600349,2.47855526609516
Error,VP0020,Congruent,OddsRatio,0.111386417090769,0.110354233893101,0.506849516733041,0.50878772756059,0.00193821082754919,1.6600529786906,1.66327363149203
Error,VP0021,Congruent,OddsRatio,0.103074039306288,0.110567556353949,0.584285677660962,0.574008099839964,-0.0102775778209979,1.79370924132429,1.7753686648001
Error,VP0022,Congruent,OddsRatio,0.063405438637461,0.108140818749839,0.46944534095832,0.675197519157618,0.205752178199299,1.59910698804239,1.96442094842353
Error,VP0023,Congruent,OddsRatio,0.126266587912874,0.129079582765248,0.408232442922718,0.639220680223097,0.230988237300379,1.50415675113014,1.89500349000331
Error,VP0024,Congruent,OddsRatio,0.1180823329226,0.0489017081936018,0.786517669200584,1.37570992379338,0.589192254592798,2.19573681540728,3.95788552288983
Error,VP0025,Congruent,OddsRatio,0.114651375172139,0.120999891068995,1.90785031614633,2.48009048464176,0.572240168495436,6.73858738489046,11.942344967768
Error,VP0026,Congruent,OddsRatio,0.119160677365872,0.122101464577704,0.715465934376246,1.11112371348759,0.395657779111349,2.04513936103094,3.03777006039823
Error,VP0027,Congruent,OddsRatio,0.0876240399367916,0.125957531618202,0.527503993098028,0.758980518666699,0.231476525568671,1.69469704966687,2.13609739862741
Error,VP0028,Congruent,OddsRatio,0.116201017648255,0.11645579682965,0.597701138069693,0.626904578792393,0.0292034407227001,1.81793481189634,1.87180756967067
Error,VP0029,Congruent,OddsRatio,0.105328551058849,0.112456048612463,1.53856765896018,1.68961308678983,0.151045427829653,4.65791376956398,5.41738424205491
Error,VP0030,Congruent,OddsRatio,0.102734636693495,0.105290643927369,0.416824212908869,0.602771721067344,0.185947508158475,1.51713579660459,1.82717621108487
Error,VP0031,Congruent,OddsRatio,0.125395111002302,0.119815207987121,0.263826531280368,0.127059209053453,-0.136767322226916,1.30190233738018,1.13548424673865
Error,VP0032,Congruent,OddsRatio,0.113060886700629,0.0874998828102512,1.07813509099026,1.33280776491934,0.254672673929079,2.93919310908759,3.79167458652034
Error,VP0033,Congruent,OddsRatio,0.101288900184737,0.1168108504253,0.701004120357558,1.04159000330965,0.340585882952093,2.01577577308984,2.83371905695094
Error,VP0034,Congruent,OddsRatio,0.107011039640648,0.0221497474002325,0.221357600655412,0.831697946673896,0.610340346018485,1.24776955400261,2.29721598090847
Error,VP0035,Congruent,OddsRatio,0.106106836801491,0.0155977268602627,0.238990689006015,0.564374170967699,0.325383481961685,1.26996671187637,1.7583470137011
Error,VP0036,Congruent,OddsRatio,0.061153308036048,0.0500018285728663,2.02578897592786,2.66350991309104,0.637720937163177,7.5820906724194,14.3465559955528
Error,VP0037,Congruent,OddsRatio,0.116623828064409,0.066893430058138,0.577515678421249,0.945360256808952,0.367844578387703,1.78160684395869,2.57374041910243
Error,VP0038,Congruent,OddsRatio,0.119435055344521,0.12054948353649,0.584456151912383,0.710186690071355,0.125730538158971,1.79401504862986,2.0343710200677
Error,VP0039,Congruent,OddsRatio,0.115977426211004,0.0189769222487996,0.304432717027902,1.06095990890548,0.756527191877583,1.35585563098895,2.88914297269803
Error,VP0040,Congruent,OddsRatio,0.103772199735155,0.10874253561896,3.40841498110352,2.71366301108832,-0.694751970015206,30.2173112727223,15.0844288697419
Error,VP0041,Congruent,OddsRatio,0.0178741380968964,0.0195229880093517,1.3224253600935,1.8363592946159,0.513933934522397,3.75251154108674,6.27365609915823
Error,VP0042,Congruent,OddsRatio,0.104805762845706,0.0898471947229755,1.26875825166666,1.71291258065105,0.444154328984395,3.55643362379354,5.54508849806736
Error,VP0043,Congruent,OddsRatio,0.0794211910292948,0.102649254243337,0.607753610048995,0.228983945656973,-0.378769664392022,1.83630171236156,1.25732185337148
Error,VP0044,Congruent,OddsRatio,0.075905313476911,0.0200595003956517,0.369026347059565,0.572414796571619,0.203388449512054,1.44632570960237,1.77254221639663
Error,VP0045,Congruent,OddsRatio,0.0163438670480926,0.114195427140542,0.481656285302339,0.431118460840444,-0.0505378244618945,1.61875330037016,1.53897784776835
Error,VP0046,Congruent,OddsRatio,0.0213164074581088,0.0325850192039783,0.586967910851903,0.962003042192587,0.375035131340684,1.79852684586736,2.61693305444914
Error,VP0047,Congruent,OddsRatio,0.116156640479531,0.0907559691375694,0.377829732246635,0.528173296461635,0.150343564215,1.45911448157924,1.69583169577137
Error,VP0048,Congruent,OddsRatio,0.121824824961382,0.116063875928581,0.462196145587134,0.701405369380341,0.239209223793207,1.58755666492264,2.01658476344138
Error,VP0049,Congruent,OddsRatio,0.110903578654817,0.108206853348125,1.11809738908089,1.68567988551652,0.56758249643563,3.05902852198016,5.39611842823437
Error,VP0050,Congruent,OddsRatio,0.100829202347629,0.122788712158535,0.939268625023448,1.15490794276185,0.215639317738398,2.55810979649159,3.17373123914672
Error,VP0051,Congruent,OddsRatio,0.112749266277335,0.122483232807172,1.36599721174638,1.76983517438173,0.403837962635354,3.91962980462178,5.86988577409131
Error,VP0052,Congruent,OddsRatio,0.090276033878477,0.11241326676882,1.75272221316561,1.67214954376671,-0.0805726693989048,5.77028927261609,5.32359881569316
Error,VP0053,Congruent,OddsRatio,0.122256007909497,0.0611122157184141,0.606734207325513,0.678513883948361,0.0717796766228476,1.83443073519648,1.97094649946412
Error,VP0054,Congruent,OddsRatio,0.0777088369375017,0.0546311233239751,0.695772311730266,0.952336263583845,0.256563951853578,2.00525715968846,2.59175762069639
Error,VP0055,Congruent,OddsRatio,0.101684306884591,0.0509644161961348,0.827163883384603,1.31167085627072,0.484506972886118,2.28682383538785,3.71237137205517
Error,VP0056,Congruent,OddsRatio,0.0782618541592007,0.118478083746363,0.856964019650429,1.04127318016986,0.184309160519431,2.35599706409855,2.83282141138699
Error,VP0057,Congruent,OddsRatio,0.0522271111450776,0.0133586713610789,0.309037010093691,0.740571021093014,0.431534010999322,1.36211278149222,2.09713267965349
Error,VP0058,Congruent,OddsRatio,0.113658892125343,0.122039612867343,0.453910208518673,0.503017037521219,0.0491068290025464,1.57445661833575,1.65370303594331
Error,VP0059,Congruent,OddsRatio,0.120239733051211,0.0519800530346169,0.432032818889448,0.611750135707107,0.179717316817659,1.54038566807853,1.84365522373183
Error,VP0060,Congruent,OddsRatio,0.0836046627816796,0.079091468521427,0.360434100390572,0.428707842893573,0.0682737425030004,1.43395175848912,1.53527242811861
Error,VP0061,Congruent,OddsRatio,0.0945476210331176,0.102972882339927,0.586008056568127,0.866455135781454,0.280447079213328,1.79680135041445,2.37846455797691
Error,VP0062,Congruent,OddsRatio,0.104585842838596,0.104402107570153,0.97895102271655,1.36504931141722,0.386098288700674,2.66166275326811,3.91591614660672
Error,VP0063,Congruent,OddsRatio,0.0519147557407848,0.0452972304485688,0.591147406082867,0.547379310290542,-0.0437680957923258,1.80605951064553,1.72871664632701
Error,VP0064,Congruent,OddsRatio,0.121087995155518,0.111528267754378,0.970338352208308,1.18088324222418,0.210544890015873,2.63883716470327,3.2572498733688
Error,VP0065,Congruent,OddsRatio,0.0945193587570833,0.0869791251095656,0.68810559275592,1.14420379330483,0.456098200548914,1.98994219933829,3.13994031979503
Error,VP0066,Congruent,OddsRatio,0.0499713369574242,0.0873778122914033,-0.0787843977889029,0.503288774997888,0.582073172786791,0.924239170974163,1.65415247009474
Error,VP0067,Congruent,OddsRatio,0.0749626537392644,0.0353825686157653,0.445271048735111,0.714930778334196,0.269659729599085,1.56091322205417,2.04404518514859
Error,VP0068,Congruent,OddsRatio,0.104695814376344,0.116474813621718,0.460794280909957,1.04416824101081,0.583373960100848,1.58533268453506,2.84103448466149
Error,VP0069,Congruent,OddsRatio,0.119832540902939,0.0916557058274312,0.597744289563811,0.645634049844509,0.0478897602806985,1.81801326019225,1.90719590325415
Error,VP0070,Congruent,OddsRatio,0.120133174616406,0.124138127774018,0.0824008503592126,0.0568115204723508,-0.0255893298868618,1.08589100239855,1.05845629425136
Error,VP0071,Congruent,OddsRatio,0.117888516874372,0.123697883779363,1.07637912697625,1.09179113308663,0.0154120061103746,2.93403652047482,2.97960616708307
Error,VP0072,Congruent,OddsRatio,0.10230797333193,0.121692210346696,0.364943418842862,0.555291915118298,0.190348496275436,1.44043250450557,1.7424495579092
Error,VP0073,Congruent,OddsRatio,0.112438172537791,0.118420319376413,1.10326869430356,1.20824838132384,0.104979687020276,3.0140017906157,3.34761576772609
Error,VP0074,Congruent,OddsRatio,0.0839834852021851,0.0965617038035008,0.377905617432937,0.450978860521011,0.0730732430880739,1.45922521095482,1.56984809597159
Error,VP0075,Congruent,OddsRatio,0.0990987572307489,0.11265567964175,0.715987567285581,0.798523065862676,0.0825354985770956,2.04620645131634,2.22225637725115
Error,VP0076,Congruent,OddsRatio,0.0778807006777091,0.0897279155511489,-0.434602002923342,-0.343103917595218,0.0914980853281244,0.64752232779406,0.7095644714953
Error,VP0077,Congruent,OddsRatio,0.0940554137785035,0.106596227607566,0.23941742676702,1.00042061924709,0.761003192480074,1.27050877027772,2.7194254306088
Error,VP0078,Congruent,OddsRatio,0.0892975015434861,0.0967180740790714,1.18615443662599,1.67033611918904,0.484181682563055,3.274464802425,5.31395361882087
Error,VP0079,Congruent,OddsRatio,0.106067037393149,0.101364336759033,0.959677385557771,0.997644039313371,0.0379666537556002,2.61085403832024,2.71188520139569
Error,VP0080,Congruent,OddsRatio,0.0122487143029814,0.0143347550293339,0.193914314803937,1.20241894679303,1.0085046319891,1.21399225733498,3.32815783026222
Error,VP0081,Congruent,OddsRatio,0.122341360412061,0.120451572412562,0.658466565629202,0.874316748391467,0.215850182762266,1.93182773092945,2.39723681837311
Error,VP0082,Congruent,OddsRatio,0.107174027589216,0.115189268898424,0.100927308679409,-0.0531227427672219,-0.154050051446631,1.10619622797612,0.948263612838941
Error,VP0083,Congruent,OddsRatio,0.097676686424943,0.116519676394747,0.493478176804813,0.551344525309156,0.0578663485043422,1.63800358947444,1.73558498776206
Error,VP0084,Congruent,OddsRatio,0.106534923931933,0.0284280196733879,0.529997384416238,1.2216513495607,0.691653965144462,1.6989278649246,3.39278578549538
Error,VP0085,Congruent,OddsRatio,0.0914368613208847,0.113911753648495,-0.257660361131734,-0.154138982860274,0.103521378271461,0.772857680043425,0.857152883173195
Error,VP0086,Congruent,OddsRatio,0.0989122183382754,0.0548735269257458,0.994142043130038,1.79432697670963,0.800184933579588,2.70240479962513,6.01542483810955
Error,VP0087,Congruent,OddsRatio,0.101278161358503,0.121234692150816,1.28572543308006,1.66318169855833,0.377456265478273,3.61729110827229,5.27607103497663
Error,VP0088,Congruent,OddsRatio,0.120598214028262,0.0976210553944574,1.00136597501863,0.754054656844155,-0.247311318174473,2.72199747068979,2.1256011507591
Error,VP0089,Congruent,OddsRatio,0.019432174276841,0.0217762539165277,0.551299759579616,1.23141844870581,0.680118689126198,1.73550729477291,3.42608581827693
Error,VP0090,Congruent,OddsRatio,0.07524268818606,0.121561798558899,-0.363087330802852,-0.670915495196253,-0.307828164393401,0.695525690029831,0.5112403254158
Error,VP0091,Congruent,OddsRatio,0.106593949640226,0.0975177286032698,0.960263736192664,0.797077312461452,-0.163186423731213,2.612385363146,2.21904586389986
Error,VP0092,Congruent,OddsRatio,0.105964937093605,0.0979140885157121,1.1814428226641,1.69981954024585,0.518376717581746,3.25907307675278,5.47295965365283
Error,VP0093,Congruent,OddsRatio,0.116166012666445,0.105605745505035,1.11945603428322,1.13457110063637,0.0151150663531501,3.06318748104045,3.10983944866895
Error,VP0094,Congruent,OddsRatio,0.119845695399058,0.0268732115777933,0.425575208482987,1.17228422233728,0.746709013854293,1.5304705061406,3.22936079813764
Error,VP0095,Congruent,OddsRatio,0.10776814798156,0.116298808083209,-0.0399467774240447,-0.0169277863641542,0.0230189910598905,0.960840576202036,0.983214683578451
Error,VP0096,Congruent,OddsRatio,0.112479861299222,0.123565225651559,0.92988841102011,1.29564807245977,0.365759661439663,2.5342263701036,3.65336285095385
Error,VP0097,Congruent,OddsRatio,0.0936266786816811,0.0523758775401992,0.548574976533174,0.733141919964252,0.184566943431078,1.73078485065876,2.08161059784423
Error,VP0098,Congruent,OddsRatio,0.103400900454556,0.0712276963743518,1.46670391958674,3.27253801243454,1.80583409284779,4.33492331172896,26.3782026637662
Error,VP0099,Congruent,OddsRatio,0.0203696243319984,0.0189500124583685,0.675664861025715,0.749476422814035,0.0738115617883207,1.96533921913576,2.11589189382051
Error,VP0100,Congruent,OddsRatio,0.100564160371602,0.0952636601298795,0.819144761653764,0.517852802528273,-0.301291959125492,2.26855884912839,1.67841987886641
Error,VP0101,Congruent,OddsRatio,0.117851347782231,0.128853355716204,0.125731136004144,0.370857973911725,0.245126837907582,1.13397724164057,1.44897726619888
Error,VP0102,Congruent,OddsRatio,0.115348304510079,0.115966078998019,1.43384446566981,1.97989971470197,0.546055249032155,4.19479497753416,7.24201668094161
Error,VP0103,Congruent,OddsRatio,0.0875586826001614,0.0929596851949004,0.243782684180206,0.788686870026039,0.544904185845833,1.27606699081118,2.20050497920248
Error,VP0104,Congruent,OddsRatio,0.0920706637983482,0.102946015567003,0.282337713699187,0.56857539661927,0.286237682920083,1.32622652923402,1.76574976570684
Error,VP0105,Congruent,OddsRatio,0.104376122134286,0.0467054234586642,0.587841920569084,1.95652848266057,1.36868656209148,1.80009946294846,7.07472435722339
Error,VP0106,Congruent,OddsRatio,0.0714907177227971,0.0725163941263569,1.14298891038921,1.52992695243694,0.386938042047731,3.1361279761889,4.61783948805803
Error,VP0107,Congruent,OddsRatio,0.113368238240312,0.117170983403435,0.790683841232251,1.10339150100769,0.312707659775443,2.20490371489753,3.01437195297059
Error,VP0108,Congruent,OddsRatio,0.118823610756197,0.117997901156951,0.759567725296756,0.897484956774139,0.137917231477383,2.13735209753003,2.45342487553542
Error,VP0109,Congruent,OddsRatio,0.115090240293726,0.0890573200313445,0.506356872415456,0.578166015426307,0.0718091430108508,1.65923536443681,1.78276586565428
Error,VP0110,Congruent,OddsRatio,0.0771551390458034,0.114913290279647,0.810894909387109,0.949778294156129,0.138883384769021,2.24992056103663,2.58513645591744
Error,VP0111,Congruent,OddsRatio,0.110130013629276,0.120965863071448,1.45736724138274,2.5274774351082,1.07011019372546,4.29463788640617,12.5218790103293
Error,VP0112,Congruent,OddsRatio,0.12695595653472,0.127766764540511,0.692498081754775,0.770404356898093,0.0779062751433174,1.99870222362777,2.16063974675745
Error,VP0113,Congruent,OddsRatio,0.0526907264777812,0.0534795726029204,0.959469813448315,1.24158000514858,0.282110191700266,2.610312154082,3.46107766742593
Error,VP0114,Congruent,OddsRatio,0.112368362745825,0.107450646666467,1.16607904624323,1.21968600784383,0.0536069616005981,3.20938408931091,3.38612435019726
Error,VP0115,Congruent,OddsRatio,0.106307384271669,0.126145005969138,0.890092806352576,1.12877610322753,0.238683296874952,2.43535565727809,3.09187005370795
Error,VP0116,Congruent,OddsRatio,0.0886745407740004,0.12663070413418,0.555995072260982,0.665559366375329,0.109564294114346,1.74367520462223,1.94557850821488
Error,VP0117,Congruent,OddsRatio,0.112011807911868,0.0986786644983153,0.453435889449286,0.600335703525403,0.146899814076118,1.57371000061926,1.82273059478052
Error,VP0118,Congruent,OddsRatio,0.0930898229672154,0.0401218806977387,0.678596908085656,1.06351475046984,0.384917842384188,1.97111014238995,2.89653371231436
Error,VP0119,Congruent,OddsRatio,0.103852619724684,0.122802284907971,0.549387878277777,0.611111587958495,0.0617237096807175,1.73219238069769,1.84247833762847
Error,VP0120,Congruent,OddsRatio,0.0344919432396626,0.0339481134836458,1.69403117959152,2.38018022229858,0.686149042707056,5.44137169876497,10.8068503238439
Error,VP0121,Congruent,OddsRatio,0.0877641774462311,0.107571829210652,0.44502472271462,0.570183594967527,0.125158872252907,1.56052877586334,1.76859172616903
Error,VP0122,Congruent,OddsRatio,0.0845013240152923,0.0789621584765621,1.00490535985833,1.35908650459913,0.354181144740807,2.73164873696872,3.89263577227396
Error,VP0123,Congruent,OddsRatio,0.129203522391081,0.103553918371863,-0.0838812620262928,0.218262132030442,0.302143394056735,0.919540433981089,1.24391309435129
Error,VP0124,Congruent,OddsRatio,0.101836699863263,0.114921994912364,0.745679933566142,0.795363459836384,0.0496835262702419,2.10787416224196,2.21524600345138
Error,VP0125,Congruent,OddsRatio,0.0233585388266016,0.0185122287543941,0.435097839243986,0.8634462114502,0.428348372206214,1.54511422436385,2.37131869417046
Error,VP0126,Congruent,OddsRatio,0.10526917729926,0.121225344704111,0.258501082101313,0.793038651468081,0.534537569366768,1.29498755115984,2.21010196277596
Error,VP0127,Congruent,OddsRatio,0.113201796064683,0.124146047378631,0.803276867151115,0.864212062876805,0.0609351957256895,2.23284569228831,2.37313546757578
Error,VP0128,Congruent,OddsRatio,0.118478596207571,0.122539614560661,2.29301588088348,2.03391751465922,-0.259098366224268,9.90476427106516,7.64397315646855
Error,VP0129,Congruent,OddsRatio,0.091890853188002,0.0425402014576556,0.521888367912277,0.71174719310715,0.189858825194873,1.68520693762803,2.03754814052878
Error,VP0130,Congruent,OddsRatio,0.107365979219132,0.11485591417428,0.750314066477868,1.09851476771263,0.348200701234764,2.11766499977053,2.99970745139861
Error,VP0131,Congruent,OddsRatio,0.104393101831686,0.0892505060413901,1.45267623874911,1.57528154008787,0.122605301338758,4.27453890780865,4.83210185700183
Error,VP0132,Congruent,OddsRatio,0.0768398210279845,0.102825482343546,-0.0967282901088239,0.386637348402674,0.483365638511498,0.907802631580705,1.47202256313022
Error,VP0133,Congruent,OddsRatio,0.10379505526602,0.112053824095647,0.547353514431752,0.639593009497405,0.0922394950656531,1.72867205317168,1.89570918664516
Error,VP0134,Congruent,OddsRatio,0.108852834065923,0.108388881982043,1.10518361673294,1.36255344872931,0.257369831996371,3.01977889983939,3.90615474423462
Error,VP0135,Congruent,OddsRatio,0.0820938188135774,0.110027439194735,1.49881126155796,1.55735834222406,0.0585470806660942,4.4763646795359,4.74626665775387
Error,VP0136,Congruent,OddsRatio,0.045143107729251,0.126861243311667,0.36181643358018,0.526020251230161,0.164203817649981,1.43593532825848,1.69218442120791
Error,VP0137,Congruent,OddsRatio,0.121398717977271,0.122766549873366,0.594132647617524,0.428596223835177,-0.165536423782347,1.81145909002515,1.53510107201928
Error,VP0138,Congruent,OddsRatio,0.0968785947494381,0.0354816751516148,0.57621056833968,0.732035457055159,0.15582488871548,1.77928316756182,2.07930864667318
Error,VP0139,Congruent,OddsRatio,0.108319619720486,0.121507027620458,0.357812353597671,0.640523794405168,0.282711440807497,1.43019722393517,1.89747450558426
Error,VP0140,Congruent,OddsRatio,0.0577028043009908,0.119560834656556,0.41759975120349,0.557730034136884,0.140130282933394,1.51831284987895,1.74670304045657
Error,VP0141,Congruent,OddsRatio,0.116940441048808,0.124079499809825,0.894426093756681,1.04041982643206,0.145993732675383,2.44593165113366,2.83040504380186
Error,VP0142,Congruent,OddsRatio,0.117614818375762,0.120334407439201,0.304496845907489,0.446800795632589,0.1423039497251,1.35594258327949,1.56330285151096
Error,VP0143,Congruent,OddsRatio,0.0673732445837012,0.0210902202027314,0.797400262301028,1.13285622847749,0.335455966176466,2.21976262013755,3.1045110416541
Error,VP0144,Congruent,OddsRatio,0.103926185471281,0.0570879325548958,1.09420192383133,1.47280879363178,0.37860686980045,2.98679803962019,4.36146841736165
Error,VP0145,Congruent,OddsRatio,0.0877848168188843,0.122919267006488,0.78735741644455,0.966473045336337,0.179115628891787,2.19758145375308,2.62865693680384
Error,VP0146,Congruent,OddsRatio,0.112473689947627,0.0859397641767893,1.09452210153615,1.30261526236203,0.208093160825879,2.98775449887159,3.678905400291
Error,VP0147,Congruent,OddsRatio,0.102196428506592,0.100996064386631,0.987039591983289,0.904075160736611,-0.0829644312466774,2.68327910162419,2.46964684018866
Error,VP0148,Congruent,OddsRatio,0.121674980442615,0.107904638021878,0.7462112760256,0.674361037310397,-0.071850238715203,2.10899446288885,1.9627784330228
Error,VP0149,Congruent,OddsRatio,0.0254953089899855,0.103344695337522,0.337483658065527,0.911099232434875,0.573615574369348,1.40141670634486,2.4870548827606
Error,VP0150,Congruent,OddsRatio,0.080014822324955,0.125424688002559,0.420893385930818,0.656459607118542,0.235566221187723,1.52332186220858,1.92795452080981
Error,VP0151,Congruent,OddsRatio,0.0216719498486214,0.0230807078326373,0.871109336334109,1.54650999613426,0.675400659800148,2.38956020970221,4.69505579324208
Error,VP0152,Congruent,OddsRatio,0.125334443068083,0.105992956714689,0.594014367058658,0.636698110040152,0.0426837429814936,1.81124484230254,1.89022923493129
Error,VP0153,Congruent,OddsRatio,0.0144535934606602,0.0864329797251143,0.278672415816943,0.154771836421666,-0.123900579395276,1.32137441160539,1.16739157447747
Error,VP0154,Congruent,OddsRatio,0.107485400256342,0.121811279139831,0.473984538649724,0.660634440668796,0.186649902019071,1.60638214999836,1.93602023481844
Error,VP0155,Congruent,OddsRatio,0.0699586944975145,0.0524418421142607,1.69896036021762,2.83915165266978,1.14019129245216,5.46825941548761,17.1012515804565
Error,VP0156,Congruent,OddsRatio,0.0388475999730443,0.118101145414413,0.271552876150622,0.649172680507722,0.3776198043571,1.31200024354491,1.91395672012024
Error,VP0157,Congruent,OddsRatio,0.0988640993144461,0.0947162797186261,1.08586606257308,1.42563406688159,0.339768004308511,2.96200398900945,4.1604950387034
Error,VP0158,Congruent,OddsRatio,0.119095069326815,0.0624646788792869,0.3202992763304,0.842812814108799,0.522513537778399,1.37753996775805,2.32289165855111
Error,VP0159,Congruent,OddsRatio,0.0903016834455264,0.10420125739603,-0.17827974112446,-0.570039090113912,-0.391759348989451,0.836708329018564,0.565503332677785
Error,VP0160,Congruent,OddsRatio,0.0977594386502123,0.103445232782756,0.038861615894108,0.206711252623629,0.167849636729521,1.03962660589687,1.22962746881016
Error,VP0161,Congruent,OddsRatio,0.0972699248263088,0.0981327041268309,0.740079712619667,1.22278420098904,0.482704488369373,2.09610259366395,3.39663148561068
Error,VP0162,Congruent,OddsRatio,0.119122508213593,0.117406408213931,0.826006730537903,1.17996320139957,0.353956470861666,2.28417916111811,3.25425444867713
Error,VP0163,Congruent,OddsRatio,0.111188394707906,0.0980781673571414,0.562849489371066,0.740479400186401,0.177629910815336,1.7556681371047,2.0969405472579
Error,VP0164,Congruent,OddsRatio,0.11419803127679,0.037977625897924,0.504864635287259,1.34231136307165,0.83744672778439,1.65676123827215,3.82788091078552
Error,VP0165,Congruent,OddsRatio,0.0671555196648559,0.0420434796117778,1.2524889781929,1.70532485943811,0.452835881245213,3.49904116530306,5.50317313459029
Error,VP0166,Congruent,OddsRatio,0.108888517390076,0.115179492345595,0.760451988642597,0.787097842438635,0.0266458537960386,2.13924291551434,2.19701109276045
Error,VP0167,Congruent,OddsRatio,0.123157401347648,0.124122037818517,0.592931560477664,0.995723270440232,0.402791709962568,1.80928467589956,2.70668129606294
Error,VP0168,Congruent,OddsRatio,0.110684260181519,0.100421011779249,1.18791693603054,1.2918068760977,0.103889940067162,3.28024113358431,3.63935648468476
Error,VP0169,Congruent,OddsRatio,0.0285719926976361,0.10288070464259,0.819906462985972,1.0550008292778,0.235094366291829,2.27028747168944,2.87197753556757
Error,VP0170,Congruent,OddsRatio,0.117815334593053,0.0326747350371188,0.814502000653596,1.10026227292167,0.285760272268073,2.25805088443653,3.00495403867966
Error,VP0171,Congruent,OddsRatio,0.103999065238798,0.113635321936338,0.503934357521547,0.764526750339586,0.260592392818039,1.65522070680128,2.14797760440925
Error,VP0172,Congruent,OddsRatio,0.0146819168676296,0.100644865722765,-0.323018990408226,0.261757323107354,0.58477631351558,0.72396010593942,1.29921121562897
Error,VP0173,Congruent,OddsRatio,0.113625728097797,0.11448676306332,0.464541920653084,0.797568187126259,0.333026266473174,1.59128508707317,2.2201354046866
Error,VP0174,Congruent,OddsRatio,0.117678402937916,0.124372268889573,0.250696906542561,0.441846968658537,0.191150062115976,1.28492057428581,1.55557767008086
Error,VP0175,Congruent,OddsRatio,0.108910181562516,0.0218383836892683,0.207078625068253,0.881838379527876,0.674759754459623,1.23007928304632,2.41533593156459
Error,VP0176,Congruent,OddsRatio,0.118147414580821,0.124833917133573,0.44356152484809,0.867396449650524,0.423834924802434,1.55824708317886,2.38070449372833
Error,VP0177,Congruent,OddsRatio,0.113513912614626,0.107813638785385,1.41576805985662,1.52521247669558,0.10944441683896,4.11964938847952,4.59612003396234
Error,VP0179,Congruent,OddsRatio,0.119437010317428,0.119098732686964,0.467542165968748,0.743406594852292,0.275864428883544,1.5960665018235,2.10308769299933
Error,VP0180,Congruent,OddsRatio,0.121330291471807,0.122372149148943,0.184445974929155,0.554125507424864,0.369679532495709,1.20255201157227,1.74041833618604
Error,VP0181,Congruent,OddsRatio,0.078976187916396,0.060467765173272,0.445612488510732,0.464532689118298,0.0189202006075659,1.56144627091134,1.59127039713733
Error,VP0182,Congruent,OddsRatio,0.112280565379007,0.104551513605644,0.907108953139114,1.52057768956991,0.613468736430799,2.47715061269797,4.5748672850291
Error,VP0183,Congruent,OddsRatio,0.053484758737243,0.104656741670826,1.31140499022889,1.20063994156653,-0.110765048662355,3.71138450976506,3.32224228354198
Error,VP0184,Congruent,OddsRatio,0.106597942798426,0.0952906618809384,0.717591040718672,0.788528270985609,0.0709372302669374,2.04949012093459,2.20015600889823
Error,VP0185,Congruent,OddsRatio,0.114054473338102,0.118040112626921,0.479816691929513,0.764369862035578,0.284553170106065,1.61577818986235,2.14764063827956
Error,VP0186,Congruent,OddsRatio,0.033786223949862,0.0911185675243142,0.475371530539929,0.341710495653474,-0.133661034886455,1.60861173486361,1.40735280377756
Error,VP0187,Congruent,OddsRatio,0.106072185493267,0.0518156127900348,0.690577331345047,1.20851730605287,0.517939974707823,1.99486690004162,3.34851614545082
Error,VP0188,Congruent,OddsRatio,0.120206508722683,0.111594974313608,0.24845646875152,0.164249177070404,-0.084207291681116,1.28204501213459,1.1785079356643
Error,VP0189,Congruent,OddsRatio,0.0902050796911364,0.0630670350564648,0.746046917040612,1.2129870472759,0.466940130235283,2.10864785918408,3.36351664530433
Error,VP0190,Congruent,OddsRatio,0.121918022417056,0.122097447564519,0.438514353953183,1.30008700197381,0.861572648020628,1.55040215784639,3.66961591755932
Error,VP0191,Congruent,OddsRatio,0.125157352780159,0.112349639380687,0.690235952143671,0.900849365053077,0.210613412909406,1.99418601019986,2.46169309953991
Error,VP0192,Congruent,OddsRatio,0.0757902801225024,0.0749561403365047,0.354211285695543,0.230211733421358,-0.123999552274185,1.42505624867439,1.25886652582987
Error,VP0193,Congruent,OddsRatio,0.0297050107590733,0.0249445117514588,1.04723970983578,1.85576882746423,0.808529117628459,2.84977404828971,6.39661425331587
Error,VP0194,Congruent,OddsRatio,0.118794257851091,0.117112083209403,0.876223092006232,1.19875825706389,0.322535165057657,2.40181113419847,3.31599674962802
Error,VP0195,Congruent,OddsRatio,0.121081735772092,0.108024163112455,1.43790459885658,1.98839738277767,0.550492783921088,4.21186102560415,7.30381915143739
Error,VP0196,Congruent,OddsRatio,0.0522398387168263,0.125201382512433,1.20385132050479,1.77908195272042,0.57523063221563,3.33292841185904,5.92441502814676
Error,VP0197,Congruent,OddsRatio,0.055549714197163,0.0752593214556801,0.0454680433661049,0.217727465439269,0.172259422073164,1.04651756090102,1.24324819334343
Error,VP0198,Congruent,OddsRatio,0.0129465263574498,0.112544910148482,0.403404656623594,0.524388502463331,0.120983845839736,1.49691250468262,1.68942545294905
Error,VP0199,Congruent,OddsRatio,0.122976873594488,0.109456370775159,0.572691149583322,0.548567168226798,-0.0241239813565237,1.77303213146814,1.73077133621314
Error,VP0200,Congruent,OddsRatio,0.105861698967656,0.123038957920693,1.30744452534578,0.774301161238002,-0.533143364107781,3.69671477041512,2.16907576317716
Error,VP0201,Congruent,OddsRatio,0.102768882491602,0.124464344245404,0.704826701207802,0.925812529784417,0.220985828576614,2.02349598512506,2.52391818613216
Error,VP0202,Congruent,OddsRatio,0.0735660954496991,0.10663143326492,0.607671203180463,0.614286298108337,0.00661509492787427,1.83615039472266,1.8483369671124
Error,VP0203,Congruent,OddsRatio,0.0722679513719517,0.0988108154183231,0.248220959384938,0.485217002442606,0.236996043057668,1.28174311407716,1.62452749703238
Error,VP0204,Congruent,OddsRatio,0.0998984895839245,0.0679698388905447,1.01326749056728,1.23239698692538,0.219129496358099,2.75458691310881,3.42944001503085
Error,VP0205,Congruent,OddsRatio,0.119093739617543,0.118041564754131,1.99090234170949,2.64974445459406,0.658842112884575,7.32213785267546,14.150422107939
Error,VP0206,Congruent,OddsRatio,0.11544283858156,0.118637446959269,0.583447985928018,0.817364884771829,0.233916898843811,1.79220729509332,2.26452468490035
Error,VP0207,Congruent,OddsRatio,0.104021171481385,0.018549305186589,0.697623969998683,1.08527045895265,0.387646488953964,2.00897365046206,2.96024033398167
Error,VP0208,Congruent,OddsRatio,0.0833397321706779,0.117115572943098,1.03517965013951,0.978152773665482,-0.0570268764740308,2.81561201528237,2.65953893128327
Error,VP0209,Congruent,OddsRatio,0.0274003157856601,0.0139329805346247,0.258006874926247,0.708282931128667,0.45027605620242,1.29434771713874,2.03050175229069
Error,VP0210,Congruent,OddsRatio,0.115007687309262,0.106113690200389,-0.00494389836023228,0.00850582183009015,0.0134497201903224,0.995068302590232,1.00854209911569
Error,VP0211,Congruent,OddsRatio,0.118469689221489,0.0970094242576919,0.455045008386873,0.484018228225628,0.0289732198387545,1.57624432565189,1.62258122215931
Error,VP0212,Congruent,OddsRatio,0.0902200735774075,0.100069574026137,1.55828494446111,1.7039459369842,0.145660992523094,4.75066659723866,5.49558991512463
Error,VP0213,Congruent,OddsRatio,0.108293191149814,0.0564098790257324,0.907170521084107,1.86379136463581,0.956620843551706,2.47730313046569,6.4481377270851
Error,VP0214,Congruent,OddsRatio,0.122854138845046,0.124635787328319,0.786271687918711,0.846353144203309,0.0600814562845974,2.19519677167382,2.33113003647988
Error,VP0215,Congruent,OddsRatio,0.0801614353940943,0.033128569756681,0.822102336940177,1.61789269341112,0.795790356470944,2.27527821433258,5.04245311790141
Error,VP0216,Congruent,OddsRatio,0.117780826488832,0.128379744239591,0.690613028470269,0.803381617548623,0.112768589078354,1.99493811232618,2.23307959601269
Error,VP0217,Congruent,OddsRatio,0.121024059735429,0.108180499077273,1.49306307559094,1.45768263252888,-0.0353804430620608,4.45070751462556,4.29599259079106
Error,VP0218,Congruent,OddsRatio,0.0292760889744248,0.0372399908809571,2.2598894543662,1.88013208616955,-0.379757368196648,9.58202985665078,6.55437054671673
Error,VP0219,Congruent,OddsRatio,0.0807384182059092,0.0932841528597046,-0.0115807449663971,0.519312353552405,0.530893098518802,0.988486053752291,1.68087140694949
Error,VP0220,Congruent,OddsRatio,0.0692708480628499,0.120313006901409,0.698743956383736,1.09495187234383,0.396207915960096,2.01122493406667,2.98903882449878
Error,VP0221,Congruent,OddsRatio,0.0623753215173155,0.0781991780930763,0.241755299609589,0.384148201553799,0.142392901944209,1.2734825330131,1.4683630392414
Error,VP0222,Congruent,OddsRatio,0.0655234979244643,0.0633171920912693,0.630701288398261,0.768102383782052,0.13740109538379,1.87892778759751,2.15567173245847
Error,VP0223,Congruent,OddsRatio,0.122410343139906,0.0641413769808225,0.990227433167437,1.35936034705223,0.369132913884795,2.69184661793809,3.89370188716995
Error,VP0224,Congruent,OddsRatio,0.0935595207736554,0.0542491118911207,0.873061182333138,1.42220834434193,0.549147162008796,2.39422881795696,4.14626672212039
Error,VP0225,Congruent,OddsRatio,0.118504214368998,0.122509686857787,1.86241981126379,2.27725869363549,0.414838882371699,6.43929982425545,9.74991623446076
Error,VP0226,Congruent,OddsRatio,0.0287762446526665,0.120858131243396,0.649728652767922,0.52037948331671,-0.129349169451212,1.91502112282562,1.68266607225789
Error,VP0227,Congruent,OddsRatio,0.111033758439246,0.124500596760872,0.561826631283497,0.859530858429053,0.297704227145556,1.75387325586246,2.36205229680341
Error,VP0228,Congruent,OddsRatio,0.0585637927352622,0.0777210191450131,0.524554277815163,0.695888048309115,0.171333770493953,1.68970554126313,2.00548925472252
Error,VP0229,Congruent,OddsRatio,0.047041590561757,0.0346794122695762,1.10711477016904,1.55603279244315,0.448918022274104,3.0256161907762,4.73997941297411
Error,VP0230,Congruent,OddsRatio,0.102313260781845,0.0929879182978507,1.24627453368179,2.1176280655172,0.871353531835414,3.47736399369235,8.31139999267594
Error,VP0231,Congruent,OddsRatio,0.0760638268123001,0.0826812216450561,2.27953138016189,1.38911388385155,-0.89041749631034,9.77209993647222,4.01129400529696
Error,VP0232,Congruent,OddsRatio,0.0982933719102486,0.0581608055416571,0.989357890868965,1.24374296453027,0.254385073661302,2.68950696080563,3.46857193981907
Error,VP0233,Congruent,OddsRatio,0.0384464740329634,0.0252421478558678,0.599434007170279,1.15075027422684,0.551316267056558,1.82108778601548,3.16056330954705
Error,VP0234,Congruent,OddsRatio,0.119383416769396,0.124152618517894,0.706400388171926,0.871993156814577,0.165592768642651,2.02668284127812,2.39167308551878
Error,VP0235,Congruent,OddsRatio,0.0583829408210352,0.0960011862300353,0.937909591029392,1.06804991666207,0.130140325632678,2.55463559962817,2.90969980672784
Error,VP0236,Congruent,OddsRatio,0.09253435099862,0.0923156087878214,1.60806997862303,2.4407865890384,0.832716610415364,4.99316500691956,11.4820688611242
Error,VP0237,Congruent,OddsRatio,0.0844783324216091,0.0529039259656384,0.996951440585751,1.19042950081775,0.193478060231999,2.71000760344179,3.28849331467861
Error,VP0238,Congruent,OddsRatio,0.0456632815756719,0.0463157134871926,2.19593825466677,3.03485052118118,0.838912266514413,8.98843053860047,20.7978688262452
Error,VP0239,Congruent,OddsRatio,0.120469162467316,0.0392009912395436,0.553757370069816,1.13448471617353,0.580727346103714,1.73977774110381,3.10957081846158
Error,VP0240,Congruent,OddsRatio,0.0283642214529539,0.0310111414059279,0.602769101768865,0.695651123659708,0.0928820218908424,1.82717142517127,2.00501416116687
Error,VP0241,Congruent,OddsRatio,0.117262375750813,0.125495051222097,0.844394385701742,1.01117121943165,0.166776833729904,2.32656838474821,2.74881860015856
Error,VP0242,Congruent,OddsRatio,0.0874785643290036,0.112063447498963,1.33629955905353,1.37187417762257,0.0355746185690402,3.80493747576397,3.94273315754258
Error,VP0243,Congruent,OddsRatio,0.108398881437321,0.109889435448463,0.611828750010945,0.683628736579786,0.0717999865688406,1.843800167101,1.98105342603876
Error,VP0244,Congruent,OddsRatio,0.0432163057779074,0.100566449944745,0.199906608895986,0.423293963470273,0.223387354574288,1.22128869533445,1.52698310724942
Error,VP0245,Congruent,OddsRatio,0.0586073668865962,0.11931582552538,-0.607920286439759,1.63379146249542,2.24171174893518,0.544482059112794,5.12326259909904
Error,VP0246,Congruent,OddsRatio,0.0328203970180103,0.113871772590329,0.60663929156796,0.687789620382983,0.0811503288150233,1.8342566270765,1.98931353190555
Error,VP0247,Congruent,OddsRatio,0.119519469385989,0.0184497691115142,0.317537012803122,0.684406702185278,0.366869689382156,1.37374008989587,1.98259521711931
Error,VP0248,Congruent,OddsRatio,0.0766187763782923,0.0635488142900272,1.34418885618173,1.44959856527164,0.105409709089907,3.83507448164849,4.26140349640559
Error,VP0249,Congruent,OddsRatio,0.0937176584740641,0.0303469417982264,0.578571793118093,2.10717345733591,1.52860166421781,1.78348941906323,8.2249601967261
Error,VP0250,Congruent,OddsRatio,0.0168212559496805,0.0148732196459583,0.536114976411086,1.07897144562874,0.542856469217658,1.7093530684883,2.94165234513116
Error,VP0251,Congruent,OddsRatio,0.0246222219153572,0.0207384062286682,0.896256973323381,1.62358892490271,0.727331951579326,2.45041395944651,5.07125806006954
Error,VP0252,Congruent,OddsRatio,0.0812884608408482,0.0844277622042369,1.41588268256929,1.82909093944178,0.413208256872491,4.12012162093144,6.22822225307293
Error,VP0253,Congruent,OddsRatio,0.114545850997799,0.116055740166887,0.972009458788955,1.25214276032981,0.280133301540859,2.64325062951241,3.49782994443321
Error,VP0254,Congruent,OddsRatio,0.111435353286658,0.096982613413901,1.00703735305102,1.36379742686506,0.35676007381404,2.7374788061063,3.91101693893626
Error,VP0255,Congruent,OddsRatio,0.0456122412394374,0.124753611211318,0.839312117151466,0.744445826414636,-0.0948662907368302,2.31477413557374,2.10527442417149
Error,VP0256,Congruent,OddsRatio,0.0760768681142217,0.0528327814014133,1.09515059664611,1.55340814971798,0.458257553071868,2.98963287817815,4.72755497248147
Error,VP0257,Congruent,OddsRatio,0.102421720960126,0.123222378220747,0.192670534300269,0.44152999833592,0.248859464035651,1.21248325606142,1.55508467626125
Error,VP0258,Congruent,OddsRatio,0.101074948187598,0.0329259238574183,0.723649924675715,1.73135307551072,1.00770315083501,2.06194543830679,5.64829130491813
Error,VP0259,Congruent,OddsRatio,0.099093360594027,0.0339726553546985,0.829131120792406,1.7845086376614,0.955377516868991,2.29132698871544,5.95665235375603
Error,VP0260,Congruent,OddsRatio,0.116687905019866,0.111812266269175,1.05610192219432,1.12884986570854,0.072747943514222,2.8751415913284,3.09209812612557
Error,VP0261,Congruent,OddsRatio,0.122096207279953,0.119455383400934,1.39548378443419,1.38793835495815,-0.00754542947603931,4.03692710278655,4.00658138374789
Error,VP0262,Congruent,OddsRatio,0.0491596714955864,0.120885698690822,0.963778473469851,1.12148678087242,0.157708307402569,2.62158336617742,3.06941435903536
Error,VP0263,Congruent,OddsRatio,0.0278999125731348,0.0268963660729406,0.36880152124832,1.00595099599688,0.637149474748563,1.4460005748021,2.73450654145738
Error,VP0264,Congruent,OddsRatio,0.129910373063364,0.133359804121325,0.555473122989507,0.86982977612173,0.314356653132222,1.74276533209379,2.38650457888151
Error,VP0265,Congruent,OddsRatio,0.111057504046107,0.0990731676167432,1.58576118555147,1.8772931361502,0.291531950598728,4.88300683850932,6.53578940427344
Error,VP0266,Congruent,OddsRatio,0.0576922639163912,0.0955745718626827,0.0603896118859228,0.457612062468445,0.397222450582522,1.06225033128729,1.58029582806964
Error,VP0267,Congruent,OddsRatio,0.0977984184877804,0.110455161590855,0.96812220573891,1.12027799060085,0.152155784861936,2.63299559032043,3.06570632238954
Error,VP0268,Congruent,OddsRatio,0.0719086915347734,0.0955014922855708,0.597819830835898,1.01293026579551,0.415110434959609,1.81815060041396,2.75365815477466
Error,VP0269,Congruent,OddsRatio,0.0792798698336036,0.0505696316625833,1.27254500026669,1.89917007598573,0.626625075719041,3.56992647473341,6.68034795982261
Error,VP0270,Congruent,OddsRatio,0.0817939912071899,0.0992695749685216,0.718338122178504,0.734704424743808,0.0163663025653037,2.05102182909019,2.08486566672062
Error,VP0271,Congruent,OddsRatio,0.0570410608832233,0.0342111937913404,0.357047341248565,0.418783313999671,0.0617359727511056,1.4291035237976,1.52011093234288
Error,VP0272,Congruent,OddsRatio,0.0133896180342859,0.107486926553078,0.283605684898201,1.05828747502439,0.774681790126189,1.3279092128482,2.88143223693533
Error,VP0273,Congruent,OddsRatio,0.0893499879218303,0.0913133992565221,0.586025892038505,0.706056834892428,0.120030942853923,1.7968333974975,2.02598668733133
Error,VP0274,Congruent,OddsRatio,0.114432027916664,0.102631915931546,0.653237696959351,0.745506683439959,0.0922689864806084,1.92175282057808,2.10750900441011
Error,VP0275,Congruent,OddsRatio,0.0737534334726715,0.0514975132140892,1.22141277384603,1.7708053995012,0.549392625655175,3.39197644575012,5.8755836483812
Error,VP0276,Congruent,OddsRatio,0.117769808005786,0.126148971404332,0.846281199959387,1.34945945550795,0.503178255548558,2.33096233112471,3.85534098401872
Error,VP0277,Congruent,OddsRatio,0.102464794645704,0.114753954901544,0.837695315692578,0.96065730838324,0.122961992690662,2.31103462920862,2.61341372773057
Error,VP0278,Congruent,OddsRatio,0.105057099519912,0.0462421739481769,0.790669739986555,1.48298634020825,0.692316600221698,2.20487262322772,4.40608411939761
Error,VP0279,Congruent,OddsRatio,0.0147439557287829,0.115106510548905,0.791752807421932,0.882981869313283,0.091229061891351,2.20726194262855,2.41809942324179
Error,VP0280,Congruent,OddsRatio,0.0445508558699187,0.065045711100414,0.727348282757984,1.15393137869896,0.426583095940978,2.06958536977675,3.17063340013863
Error,VP0281,Congruent,OddsRatio,0.118741358491633,0.115166427709788,1.00667796963848,1.53971985518251,0.533041885544029,2.73649517839153,4.66328369322204
Error,VP0282,Congruent,OddsRatio,0.0850563500453375,0.0754868256462583,1.4874268550475,1.48836037593699,0.000933520889492501,4.42569290564515,4.4298263114332
Error,VP0283,Congruent,OddsRatio,0.0899376768720903,0.121802254918803,0.253640822948268,0.420592393513894,0.166951570565626,1.28870884648685,1.52286342287636
Error,VP0284,Congruent,OddsRatio,0.116863948941355,0.108697928428024,0.410355345089035,0.471373414172262,0.0610180690832268,1.50735332055717,1.60219315761664
Error,VP0285,Congruent,OddsRatio,0.0462407568525805,0.116650049279602,0.952556353883599,0.990071789449965,0.0375154355663658,2.59232810418465,2.69142768152687
Error,VP0286,Congruent,OddsRatio,0.0701659085409756,0.0505427141958944,1.04135087455871,1.93865545897263,0.897304584413919,2.83304151426554,6.94940093162213
Error,VP0287,Congruent,OddsRatio,0.118150277686197,0.0143925088783547,0.393285333500343,1.02792310780819,0.634637774307849,1.48184114793449,2.79525435993051
Error,VP0288,Congruent,OddsRatio,0.120009959841037,0.121790197718804,1.43644869432875,3.08225089152348,1.64580219719473,4.20573341975332,21.8074333607051
Error,VP0289,Congruent,OddsRatio,0.0916787984115763,0.0972375025554109,0.834895411702641,1.44447759833166,0.609582186629015,2.30457300431538,4.23963677089153
Error,VP0290,Congruent,OddsRatio,0.100705010994559,0.101413772661853,0.93579464075299,1.04524161801319,0.109446977260198,2.54923838179613,2.8440856229582
Error,VP0291,Congruent,OddsRatio,0.100720943582484,0.122623694315086,0.406038024693232,0.587834784530454,0.181796759837222,1.50085962109968,1.80008661741498
Error,VP0292,Congruent,OddsRatio,0.00710894834227431,0.11178912447675,0.272368577354708,0.617762150962082,0.345393573607375,1.31307088032382,1.85477269277246
Error,VP0293,Congruent,OddsRatio,0.0598978304028005,0.0279605623950677,0.457594606152509,1.32889799215171,0.871303385999202,1.58026824216717,3.77687894312764
Error,VP0294,Congruent,OddsRatio,0.114711733334231,0.115623488524271,1.43731262300234,2.27933448251515,0.842021859512812,4.20936844342262,9.77017602240436
Error,VP0295,Congruent,OddsRatio,0.0982613619993313,0.118883847659365,0.960071985162321,1.07053531805737,0.110463332895047,2.61188448358458,2.91694057306544
Error,VP0296,Congruent,OddsRatio,0.111033758884474,0.120349462451893,0.620011672659948,1.05374403393158,0.433732361271627,1.85894974060788,2.86837031481035
Error,VP0297,Congruent,OddsRatio,0.100357179128463,0.122081528719043,0.822667572631994,0.773723416984153,-0.048944155647841,2.27656464632252,2.16782295405531
Error,VP0298,Congruent,OddsRatio,0.114005672325202,0.113726831071096,1.71385912756257,1.2560677263159,-0.457791401246676,5.55033966930721,3.51158578593575
Error,VP0299,Congruent,OddsRatio,0.072172577291057,0.0168358878662536,0.466282824409202,0.91083891807966,0.444556093670458,1.59405777404861,2.48640755093095
Error,VP0300,Congruent,OddsRatio,0.121009063259202,0.0350058020127321,0.432396572863334,0.601176485006819,0.168779912143486,1.54094609140853,1.82426375734726
Error,VP0301,Congruent,OddsRatio,0.11006099120917,0.100532264212608,0.63918306151275,0.994728340603933,0.355545279091183,1.89493220375677,2.70398967729208
Error,VP0302,Congruent,OddsRatio,0.0893777090433501,0.11707892333351,0.649368173759611,0.895310154394166,0.245941980634555,1.91433092231924,2.44809495913523
Error,VP0303,Congruent,OddsRatio,0.0209888631483125,0.021893837166228,1.49938080029034,1.69704457153222,0.19766377124188,4.47891486874797,5.45779341449479
Error,VP0304,Congruent,OddsRatio,0.119179254084659,0.118116973141637,1.22906126387925,1.48710689174293,0.258045627863673,3.41801941151237,4.42427707283739
Error,VP0305,Congruent,OddsRatio,0.0748463361104515,0.125722737539471,0.800359609306606,1.06679105672129,0.266431447414686,2.22634139764204,2.9060392067762
Error,VP0306,Congruent,OddsRatio,0.0911579920144289,0.122254680939402,0.235030986704454,0.551351883183835,0.316320896479381,1.26494796469434,1.73559775802588
Error,VP0307,Congruent,OddsRatio,0.0346338941451465,0.0313370838087562,0.93750174237128,1.24309182864187,0.305590086270585,2.55359390736774,3.46631416328698
Error,VP0308,Congruent,OddsRatio,0.111878789468566,0.117755365964966,0.77824011050889,0.867065977432701,0.088825866923811,2.17763649164207,2.3799178670206
Error,VP0309,Congruent,OddsRatio,0.109879740254888,0.126947753530951,0.955202017819797,1.18262177122827,0.22741975340847,2.59919561371606,3.26291762209242
Error,VP0310,Congruent,OddsRatio,0.104398893022881,0.0726817861347635,1.3649091657262,1.82264355583535,0.457734390109149,3.91536738628647,6.18819568698872
Error,VP0311,Congruent,OddsRatio,0.103990665158646,0.118511434080634,0.986225183390014,1.27682750608819,0.290602322698177,2.68109470568182,3.58524748839345
Error,VP0312,Congruent,OddsRatio,0.101784095083669,0.0794564948516658,0.358517258739034,0.552961891245773,0.194444632506739,1.43120573272124,1.73839433506027
Error,VP0313,Congruent,OddsRatio,0.117586747023605,0.12919898467069,0.807198398622173,1.01555680580596,0.208358407183783,2.24161905821256,2.76090025476253
Error,VP0314,Congruent,OddsRatio,0.112924999627019,0.123190105740957,0.50497522761575,0.81678091274379,0.311805685128039,1.65694447348726,2.26320265188028
Error,VP0315,Congruent,OddsRatio,0.00979620245077129,0.126065809705765,0.149771765440801,0.561329273626712,0.411557508185911,1.16156910226029,1.75300117045678
Error,VP0316,Congruent,OddsRatio,0.083003436929591,0.0947149392366096,0.974041546723481,1.27246235795584,0.298420811232361,2.64862740841811,3.56963145995049
Error,VP0317,Congruent,OddsRatio,0.0863539464561965,0.0967829056472011,0.385488549213552,0.675832604390457,0.290344055176905,1.47033247577469,1.96566891940098
Error,VP0318,Congruent,OddsRatio,0.0222650129274599,0.0212952630694402,0.788065141382854,1.12536701216379,0.33730187078094,2.19913728743807,3.0813475334435
Error,VP0319,Congruent,OddsRatio,0.116643359803842,0.111431218396404,0.289986564187737,0.632348298191554,0.342361734003817,1.33640953215727,1.88202494989277
Error,VP0320,Congruent,OddsRatio,0.1112598673498,0.119499288191651,1.18329740382169,1.09521672051348,-0.0880806833082115,3.26512290048266,2.98983057080211
Error,VP0321,Congruent,OddsRatio,0.103009131013015,0.0226162184822334,0.000279122245596092,0.772638123056591,0.772359000810995,1.00027916120383,2.16547150520463
Error,VP0322,Congruent,OddsRatio,0.0567760900054527,0.118618659715039,0.786558318289121,0.972766106982817,0.186207788693696,2.19582607192158,2.64525139717032
Error,VP0323,Congruent,OddsRatio,0.122355469137771,0.123564556149717,0.714896460747485,0.80224617516615,0.0873497144186651,2.04397503965432,2.23054550172723
Error,VP0324,Congruent,OddsRatio,0.0694235593626601,0.1182329704431,1.35607705170618,1.50402467928034,0.147947627574159,3.8809386780431,4.49976277752124
Error,VP0325,Congruent,OddsRatio,0.115710638341224,0.122897314088062,1.42430096803333,1.92532850418959,0.501027536156266,4.15495238283403,6.8574009808834
Error,VP0326,Congruent,OddsRatio,0.108884038955867,0.0155884016111848,-0.115457367664085,0.900012857552215,1.0154702252163,0.89095855507183,2.45963473583569
Error,VP0327,Congruent,OddsRatio,0.0591205118623969,0.0380482971484908,1.25095666464024,1.96959013045597,0.718633465815736,3.49368364285455,7.16773804867357
Error,VP0328,Congruent,OddsRatio,0.107028599705352,0.116704946312941,0.927583895591186,0.806692305768693,-0.120891589822493,2.52839293054073,2.24048487785147
Error,VP0329,Congruent,OddsRatio,0.0613816286761351,0.123290967601989,0.554751996642587,0.655876333332919,0.101124336690332,1.74150903112663,1.92683032336727
Error,VP0330,Congruent,OddsRatio,0.10528836105723,0.110089832173894,0.496690137625,0.491771150660345,-0.00491898696465487,1.64327325127031,1.63520985968577
Error,VP0331,Congruent,OddsRatio,0.112920782099695,0.110472033803169,0.959213233220865,1.25385823473542,0.294645001514552,2.60964248551132,3.50383553192106
Error,VP0332,Congruent,OddsRatio,0.114039281629998,0.127260342073039,0.379305145892406,0.692948611578434,0.313643465686028,1.46126886791079,1.99960290146401
Error,VP0333,Congruent,OddsRatio,0.102446238390945,0.0210717915617422,0.512538173619931,1.29041028080993,0.777872107190001,1.6695233618415,3.63427732415914
Error,VP0334,Congruent,OddsRatio,0.0979191782617168,0.118460706020036,0.551131872665756,0.703065639624395,0.151933766958639,1.73521595026636,2.01993562001275
Error,VP0335,Congruent,OddsRatio,0.120554456451551,0.125898395213123,1.06865743580809,1.20630596587994,0.137648530071849,2.91146804213365,3.34111961831159
Error,VP0336,Congruent,OddsRatio,0.0253934321688829,0.0932887169326352,0.356124389138904,0.510608687926953,0.154484298788048,1.42778513818237,1.66630514614973
Error,VP0337,Congruent,OddsRatio,0.124809339956042,0.124141626805916,1.44227935579868,1.75835454420516,0.31607518840648,4.23032725705086,5.80288114995485
Error,VP0338,Congruent,OddsRatio,0.0501878489464151,0.0448269966200609,0.661549161986612,1.11698846942016,0.455439307433549,1.93779196399464,3.05563818526235
Error,VP0339,Congruent,OddsRatio,0.0620411517047365,0.109753496498598,1.55419417407384,1.37554360578375,-0.178650568290085,4.73127240663902,3.95722730998516
Error,VP0340,Congruent,OddsRatio,0.105707528523909,0.120485761471239,0.849436148554152,0.887312588947006,0.037876440392854,2.33832801051602,2.42859424254769
Error,VP0341,Congruent,OddsRatio,0.0475088527101839,0.0462423050599479,1.20825031770256,1.4553134559188,0.247063138216236,3.34762224998431,4.28582667281053
Error,VP0342,Congruent,OddsRatio,0.111868005123293,0.0541728456224145,0.77596366311483,1.50847130063063,0.732507637515797,2.17268485493407,4.51981607041729
Error,VP0343,Congruent,OddsRatio,0.103535136577049,0.101073102365097,1.44708132812051,1.7502795909251,0.303198262804584,4.25069002304224,5.75621183563421
Error,VP0344,Congruent,OddsRatio,0.103092077194642,0.0659342525474387,0.71146141480326,0.904552645973775,0.193091231170516,2.03696593667166,2.47082634167072
Error,VP0345,Congruent,OddsRatio,0.0944695382453272,0.127245532242938,0.614243487517145,0.918496491663274,0.304253004146129,1.84825784040785,2.50552048566718
Error,VP0346,Congruent,OddsRatio,0.112538960351471,0.0889472873297316,0.926584033949781,0.490713965395829,-0.435870068553952,2.52586615086063,1.63348205338432
Error,VP0347,Congruent,OddsRatio,0.123787485384965,0.120199467027445,0.605482305654764,0.671769631689799,0.0662873260350343,1.83213564520746,1.95769866267491
Error,VP0348,Congruent,OddsRatio,0.110559427400052,0.0528461976832657,0.895887563764878,1.36228682474246,0.466399260977586,2.44950892028295,3.9051134085122
Error,VP0349,Congruent,OddsRatio,0.0154071790731631,0.0165917561900174,0.590231619964287,0.80156969365075,0.211338073686463,1.80440630352395,2.22903708919017
Error,VP0350,Congruent,OddsRatio,0.0814740230349961,0.117887266676991,0.953316573142503,1.33598659386023,0.382670020717731,2.59429959122111,3.80374684909344
Error,VP0351,Congruent,OddsRatio,0.0966675821532919,0.0143898130977328,0.263371202362485,0.602896667738994,0.33952546537651,1.30130967853531,1.82740452493419
Error,VP0352,Congruent,OddsRatio,0.0735858357446796,0.0807286030117748,0.691006203308395,0.810785754895511,0.119779551587116,1.99572262601098,2.24967498550474
Error,VP0353,Congruent,OddsRatio,0.0779155224080834,0.0887270738303074,0.264855778614713,0.355245644011123,0.0903898653964101,1.30324300671232,1.42653103005008
Error,VP0354,Congruent,OddsRatio,0.0554452690702875,0.0983155658958008,0.753218530244389,1.16519606130994,0.411977531065547,2.12382462190147,3.20655150226477
Error,VP0355,Congruent,OddsRatio,0.113870328208046,0.119786314596151,0.334957050558785,-0.0730519771042623,-0.408009027663048,1.39788034575341,0.92955251332222
Error,VP0356,Congruent,OddsRatio,0.0957777457843303,0.118869438609345,-0.0217111867548079,0.946717005751517,0.968428192506325,0.978522804591021,2.57723470859525
Error,VP0357,Congruent,OddsRatio,0.0813721638606514,0.0315488786838842,0.324907903492403,0.663195962062456,0.338288058570053,1.38390318746118,1.94098574898882
Error,VP0358,Congruent,OddsRatio,0.00903847931993364,0.0132746423965538,0.27886479179328,0.764970184295782,0.486105392502503,1.32162863675055,2.14893030182977
Error,VP0359,Congruent,OddsRatio,0.0600187570685545,0.0332893827829262,0.525604068685144,0.869208523278184,0.34360445459304,1.69148031011839,2.38502241657219
Error,VP0360,Congruent,OddsRatio,0.0923110271021854,0.102861609404649,1.23982533706516,1.02685742154084,-0.212967915524326,3.45500994988063,2.792277082449
Error,VP0361,Congruent,OddsRatio,0.121272533210779,0.122770020434181,0.742755523282386,0.936816609924707,0.194061086642321,2.10171887804,2.55184495652633
Error,VP0362,Congruent,OddsRatio,0.0661097069784893,0.0497994496825137,1.49489278819378,0.946847864807853,-0.548044923385924,4.45885848494916,2.57757198516454
Error,VP0363,Congruent,OddsRatio,0.102345964004491,0.1030319268095,2.30047075032873,1.86866265092273,-0.431808099406002,9.97887890982627,6.47962508166575
Error,VP0364,Congruent,OddsRatio,0.108688935330807,0.109863320274289,1.141108964175,1.35875369216086,0.21764472798586,3.13023776264985,3.89134047022953
Error,VP0365,Congruent,OddsRatio,0.100070089798895,0.0369208938799942,0.523904304161298,0.989954065067226,0.466049760905928,1.68860763402257,2.69111085351393
Error,VP0366,Congruent,OddsRatio,0.099231424152116,0.0885990046180619,0.323692406914701,0.752035875712738,0.428343468798036,1.38222207977025,2.12131435576935
Error,VP0367,Congruent,OddsRatio,0.116652124658674,0.116475863079743,1.22124899116786,1.26024872644993,0.0389997352820668,3.39142094425555,3.5262984619953
Error,VP0368,Congruent,OddsRatio,0.0276659467845499,0.105216572575404,0.591552862642314,1.00415121791453,0.412598355272221,1.80679193779453,2.72958946267062
Error,VP0369,Congruent,OddsRatio,0.114420805770416,0.105770946356944,0.741006746001416,0.860455027950118,0.119448281948702,2.09804665170397,2.36423624255589
Error,VP0370,Congruent,OddsRatio,0.10402308952154,0.0911443239531132,0.773862630506939,1.3389358028961,0.565073172389166,2.16812476533314,3.81498145212428
Error,VP0371,Congruent,OddsRatio,0.0966982307272865,0.126039598390422,1.51630717528661,1.68588818043931,0.169581005152696,4.55537190621957,5.39724252937394
Error,VP0372,Congruent,OddsRatio,0.120654220303877,0.0615841206604144,0.585875544518525,0.712798848667583,0.126923304149059,1.7965632683595,2.03969206649866
Error,VP0373,Congruent,OddsRatio,0.0387784868843606,0.126406281721429,-0.137007581474503,0.198565058854893,0.335572640329396,0.871963615337132,1.21965137395488
Error,VP0374,Congruent,OddsRatio,0.0943464867948502,0.0421097990253732,1.20012162448403,2.18547481797095,0.98535319348692,3.32052075480163,8.89487099544428
Error,VP0375,Congruent,OddsRatio,0.123096345564013,0.109115357958348,1.11968777577892,1.15633084523003,0.0366430694511104,3.06389743094818,3.17825036353441
Error,VP0376,Congruent,OddsRatio,0.119185027882291,0.0502481588453684,0.41084830405698,0.629679288852845,0.218830984795865,1.50809656707437,1.87700850517265
Error,VP0377,Congruent,OddsRatio,0.0954529497218339,0.119818402190628,0.733894836515124,0.727041184863294,-0.00685365165182961,2.0831784670791,2.0689499020472
Error,VP0378,Congruent,OddsRatio,0.114951184846222,0.0292927598305689,0.872398535191572,1.34108345652372,0.468684921332148,2.39264281461281,3.823183515322
Error,VP0379,Congruent,OddsRatio,0.0572078801152669,0.0439336385629481,1.03070236321964,1.22563099059835,0.194928627378712,2.80303389138156,3.40631475740973
Error,VP0380,Congruent,OddsRatio,0.0295846286500615,0.11754925328716,0.700656196387498,1.06159435326794,0.360938156880443,2.0150745583719,2.89097655476079
Error,VP0381,Congruent,OddsRatio,0.114544698710421,0.126999880504875,0.389965205366986,0.715180399055576,0.325215193688591,1.47692940377201,2.04455548487028
Error,VP0382,Congruent,OddsRatio,0.0933643817991955,0.0771970584087023,0.787534075753732,0.986532327734053,0.198998251980322,2.19796971126821,2.68191831523354
Error,VP0383,Congruent,OddsRatio,0.058391870356793,0.0406856605662293,0.969972905474475,2.24184877236006,1.27187586688559,2.63787298646893,9.41071348160503
Error,VP0384,Congruent,OddsRatio,0.105539509470203,0.0704013836888955,1.00129427541298,1.26928957948464,0.267995304071661,2.72180231154108,3.55832375800666
Error,VP0385,Congruent,OddsRatio,0.118353045122288,0.114931685809678,0.869007787999181,1.33829365443238,0.469285866433196,2.38454370648058,3.81253245403999
Error,VP0386,Congruent,OddsRatio,0.121407794796979,0.129744012146671,0.717849735309913,0.855311649270384,0.13746191396047,2.05002038152849,2.3521072988858
Error,VP0387,Congruent,OddsRatio,0.0316853945520467,0.0335945318695423,0.917679711806961,1.61425066526735,0.696570953460386,2.50347486253051,5.02412176364921
Error,VP0388,Congruent,OddsRatio,0.100141464728518,0.0899413363423891,0.530053958849535,1.12807055083167,0.598016591982133,1.69902398352468,3.08968934677584
Error,VP0389,Congruent,OddsRatio,0.0589316124802289,0.0179114198927477,-0.170900217126798,0.876614899243829,1.04751511637063,0.842905676825785,2.40275236556278
Error,VP0390,Congruent,OddsRatio,0.12256299739909,0.119817685228856,0.932256605226508,1.2627950227405,0.330538417513995,2.54023502233046,3.53528890399555
Error,VP0391,Congruent,OddsRatio,0.118109905800701,0.1304900149031,0.598406619667562,0.681510333915698,0.0831037142481356,1.81921778395564,1.97686119916339
Error,VP0392,Congruent,OddsRatio,0.120504348548567,0.0958681629472636,1.23016580188707,0.876258481640965,-0.3539073202461,3.42179682963073,2.40189613492127
Error,VP0393,Congruent,OddsRatio,0.111182951172733,0.0712860144642605,0.719382331726845,0.990073427944818,0.270691096217972,2.0531646442473,2.69143209142088
Error,VP0394,Congruent,OddsRatio,0.114975649109841,0.0626603310491888,0.26642494646002,0.598356201328324,0.331931254868304,1.30528961905227,1.81912606432846
Error,VP0395,Congruent,OddsRatio,0.0687452010041395,0.0206242598267652,-0.185410919533108,0.725112975779933,0.910523895313041,0.830762837026231,2.06496437774998
Error,VP0396,Congruent,OddsRatio,0.0307615103508677,0.0170383816693961,0.548806903011513,1.02209933641049,0.473292433398976,1.7311863120469,2.77902274801479
Error,VP0397,Congruent,OddsRatio,0.101804831570417,0.120873820266679,0.352380725748511,0.366193507419133,0.0138127816706219,1.42244998397297,1.44223429869086
Error,VP0398,Congruent,OddsRatio,0.114104071443866,0.109978950031957,0.83477287228896,0.8656685819136,0.0308957096246399,2.30429062059257,2.37659450302517
Error,VP0399,Congruent,OddsRatio,0.0951692531286477,0.0979262536633215,0.137625809838365,0.994341745042508,0.856715935204143,1.14754606947622,2.70294452892258
Error,VP0400,Congruent,OddsRatio,0.0773238301431068,0.0489160960508567,1.71055321929731,2.45757577440339,0.747022555106073,5.53202105203729,11.6764708022925
Error,VP0401,Congruent,OddsRatio,0.0515703525028944,0.0272996603330382,0.459582399171281,0.696897473754879,0.237315074583599,1.58341261249006,2.00751466868766
Error,VP0402,Congruent,OddsRatio,0.108867655148934,0.120644827701642,1.27195379343986,1.27356796852013,0.00161417508026496,3.56781653359752,3.57358026472111
Error,VP0403,Congruent,OddsRatio,0.101357726178487,0.090679796836684,1.15131618428183,1.39820205336265,0.24688586908082,3.16235241029067,4.04791548421835
Error,VP0404,Congruent,OddsRatio,0.118686071794589,0.121200106360049,0.575163616369353,0.676537188222352,0.101373571852999,1.77742131834719,1.9670543859718
Error,VP0405,Congruent,OddsRatio,0.109910379324974,0.0993552952584889,1.16743686325378,1.75692786165587,0.589490998402084,3.21374480547809,5.79460818353426
Error,VP0406,Congruent,OddsRatio,0.0180945409903743,0.0174099868450824,0.257279763551328,0.619882661879361,0.362602898328034,1.29340692426256,1.85870993152009
Error,VP0407,Congruent,OddsRatio,0.0924154761147228,0.0220376774497655,1.01418970516913,0.913544679216205,-0.100645025952927,2.75712840510253,2.49314428573944
Error,VP0408,Congruent,OddsRatio,0.110207812129378,0.0917142364948766,1.45856995541643,2.44821615380221,0.989646198385784,4.29980621504944,11.5676933177123
Error,VP0409,Congruent,OddsRatio,0.0961140754403519,0.0956487999576056,0.20692220035932,0.539209067235073,0.332286866875753,1.22988688330094,1.71465015273642
Error,VP0410,Congruent,OddsRatio,0.111093486804087,0.118350459029233,1.36384734993982,1.08655094325712,-0.277296406682702,3.91121219380112,2.9640333031673
Error,VP0411,Congruent,OddsRatio,0.0638171949372928,0.127397069461065,0.913610821270941,0.894719900841052,-0.018890920429889,2.49330919287884,2.44665038876058
Error,VP0412,Congruent,OddsRatio,0.0907946536599389,0.127846790503926,0.699417594128852,0.977077401618525,0.277659807489673,2.01258022753335,2.6566804746864
Error,VP0413,Congruent,OddsRatio,0.0173537733021944,0.0147153880354731,1.10388120237618,1.01372367710077,-0.0901575252754148,3.0158484565345,2.75584380523072
Error,VP0414,Congruent,OddsRatio,0.0672941871446543,0.0147483336612214,-0.0537521649935257,0.616868994552711,0.670621159546237,0.947666942443129,1.85311683023618
Error,VP0415,Congruent,OddsRatio,0.112071916364851,0.094169637906754,0.572012152342885,0.972926976108057,0.400914823765172,1.77182865616811,2.64567697067852
Error,VP0416,Congruent,OddsRatio,0.100028277202978,0.0503238071705373,0.862443989651296,1.36109276493897,0.498648775287676,2.36894329741905,3.90045325236928
Error,VP0417,Congruent,OddsRatio,0.116539102287235,0.112669034065675,0.780801080944511,0.791027401914745,0.0102263209702345,2.18322050150686,2.20566136326429
Error,VP0418,Congruent,OddsRatio,0.0756697385594944,0.109040243095802,0.791590591579206,-0.197419150451456,-0.989009742030662,2.20690391881176,0.820846503014196
Error,VP0419,Congruent,OddsRatio,0.0735807476285805,0.101401183663728,0.733047670383701,0.636649178864901,-0.0963984915188005,2.08141441616368,1.89013674605615
Error,VP0420,Congruent,OddsRatio,0.0957678109284088,0.120463381277772,0.17638769942699,0.271085437049831,0.0946977376228409,1.1929004558325,1.31138710664407
Error,VP0421,Congruent,OddsRatio,0.0916729330586483,0.0891350836258303,0.524567719368565,0.527417491769581,0.00284977240101669,1.68972825368304,1.69455046246084
Error,VP0422,Congruent,OddsRatio,0.111364306513415,0.119176586077115,0.346981884696815,0.618646489654257,0.271664604957442,1.41479109576864,1.85641366551076
Error,VP0423,Congruent,OddsRatio,0.126486598875819,0.128141616193745,0.367230211115455,0.462341600515593,0.0951113894001376,1.44373024361111,1.58778759965865
Error,VP0424,Congruent,OddsRatio,0.0811981117128594,0.0382418061417942,0.772110274888543,1.15030200012622,0.378191725237676,2.1643287666604,3.15914682838165
Error,VP0425,Congruent,OddsRatio,0.113939722517146,0.0908002588126624,0.828971524262157,0.905014259886211,0.0760427356240543,2.29096133005808,2.47196717277674
Error,VP0426,Congruent,OddsRatio,0.106588495153377,0.0971895906586598,0.142341350222589,0.248487763552419,0.10614641332983,1.15297014798928,1.28208513410579
Error,VP0427,Congruent,OddsRatio,0.114770202045742,0.125022380124162,-0.0868519871203855,-0.0257247215025355,0.06112726561785,0.916812785691444,0.974603340028336
Error,VP0428,Congruent,OddsRatio,0.0891597767798933,0.103507746089495,1.31161221753745,1.7045466771997,0.392934459662254,3.71215368968284,5.49889232884157
Error,VP0429,Congruent,OddsRatio,0.0360058774637153,0.0180245432556357,0.743717095229754,1.47831147993496,0.734594384705209,2.10374080391219,4.38553436283243
Error,VP0430,Congruent,OddsRatio,0.0939440580518452,0.106447372833702,0.745044205743171,0.886230382146987,0.141186176403816,2.10653455384799,2.42596742298129
Error,VP0431,Congruent,OddsRatio,0.107722439035463,0.0522762664658988,0.854909289839675,1.62123141366887,0.766322123829193,2.35116109670151,5.05931659382439
Error,VP0432,Congruent,OddsRatio,0.112233146074612,0.10793484447492,0.311521002621559,0.401171570410926,0.0896505677893674,1.36550046521219,1.49357349953756
Error,VP0433,Congruent,OddsRatio,0.106931192091999,0.115606057663569,1.46592913486176,2.27198303400393,0.806053899142174,4.33156598013561,9.69861443936462
Error,VP0434,Congruent,OddsRatio,0.0236978513547072,0.0230651790829888,0.799460000728459,1.08489388595141,0.285433885222952,2.22433946243689,2.95912579726011
Error,VP0435,Congruent,OddsRatio,0.101041760770059,0.0238625705627277,0.511377159215222,0.997119929436407,0.485742770221185,1.66758614595479,2.71046424797684
Error,VP0436,Congruent,OddsRatio,0.122417130906487,0.131547381278303,0.748075078287321,0.926472876720255,0.178397798432933,2.11292887688466,2.52558539818128
Error,VP0437,Congruent,OddsRatio,0.103607702353267,0.0351537556469816,0.308007347651303,0.607909195030679,0.299901847379376,1.36071098693028,1.83658743555639
Error,VP0438,Congruent,OddsRatio,0.040816978486679,0.113988004421118,0.476260290919181,0.725305666416992,0.249045375497811,1.6100420407446,2.06536231538963
Error,VP0439,Congruent,OddsRatio,0.0940377403730275,0.110465442187144,0.600516444655863,0.71747190651946,0.116955461863598,1.82306006694244,2.04924597111382
Error,VP0440,Congruent,OddsRatio,0.112479292674694,0.123349161713037,0.694165540890155,0.597541732716843,-0.0966238081733122,2.0020377580703,1.81764504645189
Error,VP0441,Congruent,OddsRatio,0.0668937669047337,0.113239373645693,0.634099752634418,0.784385296392442,0.150285543758023,1.88532411918182,2.19105967440467
Error,VP0442,Congruent,OddsRatio,0.120224679356865,0.120014486054655,1.28374363545818,1.1040507415473,-0.179692893910878,3.61012946816089,3.01635980432756
Error,VP0443,Congruent,OddsRatio,0.102704173263283,0.109672661718663,2.80607794281535,1.59357604927016,-1.2125018935452,16.5449007541519,4.92131636839721
Error,VP0444,Congruent,OddsRatio,0.116516394536359,0.0677693247065338,0.498209586359052,0.55375787158297,0.0555482852239177,1.64577201862536,1.73977861362545
Error,VP0445,Congruent,OddsRatio,0.0194135670456742,0.019704424815219,1.08485252190759,1.67237892004976,0.587526398142166,2.95900339838245,5.32482006305919
Error,VP0446,Congruent,OddsRatio,0.0984100316512497,0.122950193812117,0.0932458092329143,1.14722329084433,1.05397748161142,1.09773153465361,3.14943569027433
Error,VP0447,Congruent,OddsRatio,0.0717381752945897,0.125835248682725,0.137799400098707,0.479553792448303,0.341754392349597,1.14774528958801,1.61535345844776
Error,VP0448,Congruent,OddsRatio,0.108854758484429,0.113431440202008,0.72136779574028,0.900790203314035,0.179422407573755,2.05724517829839,2.46154746580317
Error,VP0449,Congruent,OddsRatio,0.0785124819559588,0.0237247267879432,0.376024491691385,1.07660100501136,0.700576513319975,1.45648280506163,2.93468759095936
Error,VP0450,Congruent,OddsRatio,0.12210294784947,0.129013086988693,1.23177219925909,1.22966752085271,-0.00210467840638184,3.42729801242527,3.42009223788525
Error,VP0451,Congruent,OddsRatio,0.0546741646278949,0.0565960906521691,1.02810388398389,1.2632429473828,0.235139063398908,2.79575972100105,3.53687280172021
Error,VP0452,Congruent,OddsRatio,0.117965164986648,0.0966558085918103,1.17555589472504,1.29729119190506,0.121735297180025,3.23994351083585,3.65937069694757
Error,VP0453,Congruent,OddsRatio,0.0590713341448005,0.020161779811686,-0.26829612640484,0.837151323695207,1.10544745010005,0.764681305246007,2.3097777867518
Error,VP0454,Congruent,OddsRatio,0.111763859472074,0.0854109346077437,0.807394358673579,0.984965774621031,0.177571415947452,2.24205836904072,2.67772023686284
Error,VP0455,Congruent,OddsRatio,0.118119023571128,0.0858494341728667,0.754928183576469,1.06946246830658,0.314534284730114,2.12745873139158,2.91381281220731
Error,VP0456,Congruent,OddsRatio,0.107526934069589,0.11413184874707,1.1281360036407,1.47023570721413,0.342099703573431,3.08989158224099,4.35026040798811
Error,VP0457,Congruent,OddsRatio,0.113552450683417,0.108002352507749,1.13862488610321,1.89752117566555,0.758896289562344,3.12247165746347,6.66934180844972
Error,VP0458,Congruent,OddsRatio,0.118981126999319,0.0773491544140169,0.816116364410456,1.71623819992673,0.900121835516273,2.26169914396215,5.56356004891043
Error,VP0459,Congruent,OddsRatio,0.0138828421066134,0.015430802065508,0.762260005423573,0.895111736033928,0.132851730610355,2.14311420122436,2.44760926033511
Error,VP0460,Congruent,OddsRatio,0.105599702089049,0.116318890990034,0.940253008870151,1.06078553239275,0.120532523522596,2.56062919827911,2.88863921794443
Error,VP0461,Congruent,OddsRatio,0.112227848948008,0.114047271452483,0.505295100368362,1.23998702123775,0.734691920869392,1.65747456965406,3.45556861546815
Error,VP0462,Congruent,OddsRatio,0.0355817036612204,0.108514815825527,0.643401258732347,1.00248694179164,0.359085683059295,1.90294228368135,2.72505045023529
Error,VP0463,Congruent,OddsRatio,0.118771040065682,0.0985988496327726,0.595770391854069,0.691181218156372,0.0954108263023022,1.81442822738972,1.99607193766945
Error,VP0464,Congruent,OddsRatio,0.123404073810854,0.129178627137426,0.802087187963208,0.813576701177443,0.011489513214235,2.23019090172605,2.25596247748597
Error,VP0465,Congruent,OddsRatio,0.0693151413080598,0.0545429002793907,1.56575775828513,2.04445001590666,0.478692257621534,4.7863004209002,7.7249087924125
Error,VP0466,Congruent,OddsRatio,0.11479117083711,0.123723846866468,0.620013903448352,0.802053968067788,0.182040064619435,1.85895388753603,2.23011681624809
Error,VP0467,Congruent,OddsRatio,0.117602858739542,0.124114740317257,0.96535026711528,1.12699150882897,0.16164124171369,2.62570719430776,3.08635724026013
Error,VP0468,Congruent,OddsRatio,0.0380780694342535,0.0891261540597998,1.20851286577696,1.25340172051583,0.0448888547388744,3.34850127714824,3.50223634623092
Error,VP0469,Congruent,OddsRatio,0.058849631953295,0.0962481060525125,1.21928662975647,1.60884366072881,0.389557030972344,3.38477227634302,4.99702962413643
Error,VP0470,Congruent,OddsRatio,0.0892368217158069,0.105861575789817,0.915797274011451,1.15769407132302,0.241896797311568,2.49876665966901,3.18258599190945
Error,VP0471,Congruent,OddsRatio,0.0285380541524144,0.0212307008685515,0.620290609206113,1.18105449580892,0.560763886602802,1.85946834195309,3.25780773685268
Error,VP0472,Congruent,OddsRatio,0.107119721643517,0.124458820030084,2.291633405065,2.51909375376419,0.227460348699191,9.89108063480015,12.4173383967863
Error,VP0473,Congruent,OddsRatio,0.0230005956828327,0.128249310257839,0.61559113470325,0.912987349768227,0.297396215064977,1.85075031899933,2.49175517014441
Error,VP0474,Congruent,OddsRatio,0.0312835843452135,0.0296973371181936,0.859108075622115,1.10702587782657,0.247917802204452,2.36105387277636,3.0253472486192
Error,VP0475,Congruent,OddsRatio,0.0988564340201336,0.116789258044859,1.29025378269921,1.51258043520097,0.222326652501762,3.63370861112648,4.53842681372135
Error,VP0476,Congruent,OddsRatio,0.0874803026460972,0.125053232068665,0.816068637150523,1.0094161601161,0.19334752296558,2.26159120183513,2.74399849149318
Error,VP0477,Congruent,OddsRatio,0.111782525021112,0.11304202444423,0.77237396101124,1.10184192065166,0.329467959640417,2.16489954537103,3.00970455859175
Error,VP0478,Congruent,OddsRatio,0.119428307255076,0.12929796233381,1.62281285360013,1.4897887418003,-0.133024111799827,5.0673239290017,4.43615824519929
Error,VP0479,Congruent,OddsRatio,0.0881934324706266,0.109216262505966,1.10598142982112,1.20224101523232,0.0962595854112023,3.02218908027801,3.32756569862621
Error,VP0480,Congruent,OddsRatio,0.0275062729129406,0.0830206830672263,0.720402500743666,1.44009831800569,0.71969581726202,2.05526028797744,4.22111080779209
Error,VP0481,Congruent,OddsRatio,0.105287955460523,0.105616432066561,1.21939707724451,1.65262949714377,0.433232419899259,3.38514613658413,5.22068958274526
Error,VP0482,Congruent,OddsRatio,0.113787211349808,0.106211314635744,2.62634736425726,3.50859548982818,0.882248125570924,13.8231865118877,33.4013223270159
Error,VP0483,Congruent,OddsRatio,0.123005966742886,0.0342686836980514,0.635534509698905,0.981019903265722,0.345485393566817,1.88803104270513,2.66717511581043
Error,VP0484,Congruent,OddsRatio,0.112811244032502,0.0621213718042002,0.603117081759623,0.92592284994167,0.322805768182048,1.8278073549059,2.52419664054263
Error,VP0485,Congruent,OddsRatio,0.0789944450013392,0.125462726502142,1.08275872979748,1.16540921512304,0.0826504853255652,2.95281434197289,3.20723506379369
Error,VP0486,Congruent,OddsRatio,0.0186996561125041,0.0226783272791669,0.965601424029701,1.04655631093495,0.0809548869052475,2.62636674164633,2.84782718115671
Error,VP0487,Congruent,OddsRatio,0.114868749520343,0.0678018331313913,1.03301193079761,1.61155897663411,0.578547045836497,2.80951516917061,5.01061657623969
Error,VP0488,Congruent,OddsRatio,0.115952551261707,0.0700577211532316,0.723991700040533,1.24213055814737,0.518138858106833,2.06265028090326,3.46298369875225
Error,VP0489,Congruent,OddsRatio,0.0338115601751754,0.0295519240964634,1.14755986700574,1.41055620105223,0.262996334046488,3.15049589365916,4.09823421245588
Error,VP0490,Congruent,OddsRatio,0.0699011519366643,0.0865777466125349,0.55279360598439,0.796620889903126,0.243827283918737,1.73810181352943,2.218033272412
Error,VP0491,Congruent,OddsRatio,0.0838501301117874,0.130498714209581,0.666540520253841,0.868834551179386,0.202294030925544,1.94748835688867,2.3841306514914
Error,VP0492,Congruent,OddsRatio,0.11558874362002,0.121607689715214,0.904443023405236,0.803902402374593,-0.100540621030644,2.47055549818628,2.23424285285845
Error,VP0493,Congruent,OddsRatio,0.124869032713645,0.126641934789612,0.417901663686431,0.476939595491796,0.0590379318053646,1.51877131668628,1.61113612122985
Error,VP0494,Congruent,OddsRatio,0.107021576247506,0.103627612949077,0.455300920454317,0.641801574364238,0.186500653909921,1.57664775721536,1.89990061016416
Error,VP0495,Congruent,OddsRatio,0.0793011980855015,0.121824519624244,0.880319309296114,0.968601305408174,0.0882819961120594,2.41166965202432,2.63425735986947
Error,VP0496,Congruent,OddsRatio,0.117101829906489,0.101787283167182,1.11272027315653,1.88121615190309,0.768495878746565,3.04262391526356,6.56147976796671
Error,VP0497,Congruent,OddsRatio,0.0883748647082782,0.119205914797464,0.281530668976225,0.813466231726099,0.531935562749874,1.32515663689571,2.25571327631364
Error,VP0498,Congruent,OddsRatio,0.097715785830506,0.110761962453449,0.312696921125661,0.176201062789739,-0.136495858335922,1.36710712694308,1.19267783767785
Error,VP0499,Congruent,OddsRatio,0.122482040303757,0.101586981257264,0.7656834004968,1.19614682997845,0.430463429481653,2.15046350042194,3.30734856287012
Error,VP0500,Congruent,OddsRatio,0.0913683425515276,0.0814956869604627,-0.125782961462126,0.0750569556434954,0.200839917105621,0.881806211946786,1.07794554421839
Error,VP0501,Congruent,OddsRatio,0.11668116379261,0.120339761725543,0.218405621890834,0.494081231586216,0.275675609695382,1.24409159607382,1.63899169328144
Error,VP0502,Congruent,OddsRatio,0.0913686901487491,0.101266683878366,0.853583485091158,0.897166019818668,0.0435825347275097,2.34804598162845,2.45264251244403
Error,VP0503,Congruent,OddsRatio,0.0303210774313964,0.0355663360891072,0.809797088246376,0.67889950772183,-0.130897580524545,2.24745190599854,1.97170668985487
Error,VP0504,Congruent,OddsRatio,0.108944566471159,0.114862741144933,2.04028761097876,1.34711119455832,-0.693176416420433,7.6928214206323,3.84629825883306
Error,VP0505,Congruent,OddsRatio,0.100510819943038,0.100355770380195,0.724052224130493,1.15474748659247,0.430695262461981,2.06277512471241,3.17322203524302
Error,VP0506,Congruent,OddsRatio,0.0784374252252829,0.076625093700924,0.792198697295223,1.03099557333079,0.23879687603557,2.20824635783054,2.80385588976366
Error,VP0507,Congruent,OddsRatio,0.119558371713715,0.11938579217323,0.750764428960718,1.01118302760035,0.26041859863963,2.11861893142906,2.74885105886396
Error,VP0508,Congruent,OddsRatio,0.0964035324409956,0.0632939255701642,1.04732691686049,1.26427171454673,0.216944797686242,2.85002257944225,3.5405132926093
Error,VP0509,Congruent,OddsRatio,0.109002028886781,0.0202998295956289,0.149710788202589,0.479396144741415,0.329685356538825,1.16149827514389,1.6150988217512
Error,VP0510,Congruent,OddsRatio,0.0914045943210708,0.115913173923228,1.22335056930041,1.10916203291691,-0.114188536383496,3.39855577492633,3.03181676703163
Error,VP0511,Congruent,OddsRatio,0.11153432247261,0.125356814383564,1.26886268378467,1.32456651866609,0.0557038348814163,3.55680504908349,3.76055487129147
Error,VP0512,Congruent,OddsRatio,0.127561799236837,0.129519342101586,0.784323677236734,0.824145101575833,0.0398214243390984,2.19092466731698,2.2799308226791
Error,VP0513,Congruent,OddsRatio,0.0171274342701118,0.0126577842461451,0.331615669019603,0.553410484914351,0.221794815894749,1.39321728903646,1.73917434269264
Error,VP0514,Congruent,OddsRatio,0.031590794150844,0.0254727433349961,0.980559823745508,1.54802930997201,0.567469486226501,2.66594828540423,4.70219447805589
Error,VP0515,Congruent,OddsRatio,0.0786843525317691,0.0358538842923069,1.1540306493389,1.99788085584451,0.843850206505613,3.17094816656854,7.37341420345338
Error,VP0516,Congruent,OddsRatio,0.0735957392832659,0.122540464462451,1.23106438567295,1.62696091472434,0.395896529051388,3.42487298266405,5.08838715396582
Error,VP0517,Congruent,OddsRatio,0.10482728617521,0.0932040597697642,1.60170551514096,1.70539317079324,0.103687655652282,4.96148710393114,5.50354907664501
Error,VP0518,Congruent,OddsRatio,0.0469766453228593,0.0752811475353544,0.594981396520299,0.795044281715395,0.200062885195097,1.81299721658951,2.2145390582212
Error,VP0519,Congruent,OddsRatio,0.117249247951112,0.126016522169877,0.469973325945652,0.613403404575648,0.143430078629996,1.59995151545449,1.84670580253619
Error,VP0520,Congruent,OddsRatio,0.0981040038783608,0.0963087687918456,0.713875191021429,0.949030813358279,0.23515562233685,2.04188865538739,2.58320483807038
Error,VP0521,Congruent,OddsRatio,0.0596084436274297,0.110485196041455,-0.522997564659066,0.261156113863199,0.784153678522265,0.592741102520325,1.29843035259058
Error,VP0522,Congruent,OddsRatio,0.115639557314778,0.114355360610925,1.10276382066207,1.22768457804429,0.12492075738222,3.01248048462216,3.41331711014343
Error,VP0523,Congruent,OddsRatio,0.096055008578694,0.0251267185749448,0.755269554879912,1.82914966108324,1.07388010620333,2.12818510872687,6.22858799524541
Error,VP0524,Congruent,OddsRatio,0.0996447758302119,0.123826767619485,0.938707509121352,1.15613886244868,0.217431353327327,2.55667480304194,3.17764025275704
Error,VP0525,Congruent,OddsRatio,0.114587265455883,0.117386245129525,0.86010084198238,1.27134861481701,0.411247772834625,2.36339901153085,3.56565802050999
Error,VP0526,Congruent,OddsRatio,0.017483319567102,0.0222523594682056,0.999369544930124,1.00385663450051,0.00448708957038169,2.71656861400806,2.72878548931223
Error,VP0527,Congruent,OddsRatio,0.0440186960408436,0.0217912467468995,0.91763571417718,1.6769964702241,0.759360756046917,2.50336471799342,5.34946454163922
Error,VP0528,Congruent,OddsRatio,0.117165524968833,0.0824969433613876,0.851594815828475,1.09285355974001,0.241258743911534,2.34338113471364,2.98277346230307
Error,VP0529,Congruent,OddsRatio,0.0969990778606244,0.116920608536173,0.59306308889774,0.681777185606496,0.0887140967087565,1.8095226639052,1.97738879830909
Error,VP0530,Congruent,OddsRatio,0.0431170439326614,0.0216993661644523,0.601282963387643,0.942584429919258,0.341301466531614,1.82445801234013,2.56660606768322
Error,VP0531,Congruent,OddsRatio,0.121109210803038,0.129041577596021,0.789807071687927,0.964283889146974,0.174476817459047,2.20297136970663,2.62290869040118
Error,VP0532,Congruent,OddsRatio,0.104421347261229,0.0527250691673466,0.889334393113087,0.971609756762519,0.0822753636494318,2.43350935152461,2.64219432799641
Error,VP0533,Congruent,OddsRatio,0.0461604251572545,0.0483345564850055,1.208218537553,1.39390347282899,0.185684935275994,3.34751586373902,4.03055253826248
Error,VP0534,Congruent,OddsRatio,0.118793485482099,0.0936558506982465,1.11380021372372,1.41972387139992,0.305923657676205,3.04591154316222,4.13597822068288
Error,VP0535,Congruent,OddsRatio,0.105246472123419,0.102163649911674,0.429183355669326,0.925490290155418,0.496306934486093,1.53600264337202,2.52310501069795
Error,VP0536,Congruent,OddsRatio,0.121871881087884,0.0665719768968663,0.785986109758444,0.678111652329888,-0.107874457428556,2.19456996092433,1.97015388188233
Error,VP0537,Congruent,OddsRatio,0.118038874257511,0.109229194468663,0.385507693387142,0.0854054528608588,-0.300102240526283,1.47036062434428,1.08915857964805
Error,VP0538,Congruent,OddsRatio,0.117387942222223,0.0238720144088363,0.191239988675764,1.57403382344738,1.38279383477162,1.210749983503,4.82607652284285
Error,VP0539,Congruent,OddsRatio,0.0939350718026344,0.123181547081524,1.04709085555881,0.801418338506093,-0.245672517052712,2.84934987880473,2.22869973848962
Error,VP0540,Congruent,OddsRatio,0.101358521215643,0.0550524718417121,0.733720471267402,1.16433793018283,0.430617458915432,2.08281526481548,3.20380104090706
Error,VP0541,Congruent,OddsRatio,0.116248948350341,0.109752787494411,0.780067061690024,0.871520061995594,0.0914530003055697,2.18161856362051,2.3905418649817
Error,VP0542,Congruent,OddsRatio,0.117673301860937,0.120329417085909,1.01877386570039,1.33317742511552,0.314403559415129,2.76979653851083,3.79307647678738
Error,VP0543,Congruent,OddsRatio,0.0981662646805032,0.0298842004644154,0.604660764529509,1.33236287117869,0.727702106649184,1.83063108854009,3.78998806941849
Error,VP0544,Congruent,OddsRatio,0.0406587733869265,0.119001614218011,2.01299809942589,1.43864839296952,-0.574349706456368,7.48572669070749,4.21499494839172
Error,VP0545,Congruent,OddsRatio,0.0902932707750375,0.129244206445736,0.647192787179581,0.99513801633326,0.347945229153679,1.91017103883892,2.70509766317718
Error,VP0546,Congruent,OddsRatio,0.0267399026772392,0.0414737236459179,1.03048597291629,1.35141432412441,0.320928351208116,2.80242740764848,3.86288504053131
Error,VP0547,Congruent,OddsRatio,0.116594515205183,0.111469506406579,0.628315834153358,0.199011616638467,-0.429304217514891,1.87445103300022,1.22019614039496
Error,VP0548,Congruent,OddsRatio,0.100578257656835,0.0743452742667107,0.741100859684474,1.02307613226019,0.281975272575714,2.09824411589348,2.78173861210772
Error,VP0549,Congruent,OddsRatio,0.111183272548262,0.119290178284341,0.416653468484487,0.552221308425932,0.135567839941445,1.51687677624006,1.73710738668637
Error,VP0550,Congruent,OddsRatio,0.113743374768439,0.118843618107318,0.767260197385082,0.809973324416883,0.0427131270318015,2.15385701931968,2.24784802321992
Error,VP0551,Congruent,OddsRatio,0.117670131377728,0.112284226475717,0.839933987917101,1.07801262195603,0.238078634038931,2.31621407361898,2.93883317098719
Error,VP0552,Congruent,OddsRatio,0.0505524251840562,0.120810530964454,0.908789744503928,0.754188999788137,-0.154600744715791,2.48131768706743,2.12588672945774
Error,VP0553,Congruent,OddsRatio,0.0230059427930879,0.0225373609196996,0.967038667570016,1.10897373446094,0.141935066890925,2.63014418418245,3.03124593436075
Error,VP0554,Congruent,OddsRatio,0.0370046901460615,0.0517320409649367,0.77775381010538,0.889913694201962,0.112159884096581,2.17657776358829,2.434919494551
Error,VP0555,Congruent,OddsRatio,0.116083751263118,0.117247873004061,0.780065502301208,0.450272899882256,-0.329792602418952,2.18161516163157,1.56874023610575
Error,VP0556,Congruent,OddsRatio,0.12431754282576,0.10525907910923,1.72462142482006,1.90149374030119,0.176872315481128,5.61039667067461,6.69588889495724
Error,VP0557,Congruent,OddsRatio,0.0774591137371862,0.101300000575643,0.305166471496806,0.357963579658554,0.0527971081617484,1.35685086120003,1.43041352338228
Error,VP0558,Congruent,OddsRatio,0.0627564335431186,0.103728814109935,0.675162920498903,0.428958445145429,-0.246204475353474,1.96435298326932,1.53565721905903
Error,VP0559,Congruent,OddsRatio,0.0881020624107567,0.101567296115478,0.0207135690940275,0.236732037976383,0.216018468882356,1.02092958396797,1.26710153718793
Error,VP0560,Congruent,OddsRatio,0.113778183969483,0.0720411405933053,0.575518388072313,0.657243527932849,0.0817251398605354,1.77805200900416,1.92946647703726
Error,VP0561,Congruent,OddsRatio,0.0934930518467042,0.0418952032431326,0.433618049621251,0.985215303315215,0.551597253693964,1.54282947126258,2.67838848826742
Error,VP0562,Congruent,OddsRatio,0.110490281014569,0.122684804318054,1.29469705043456,1.26948036370162,-0.02521668673294,3.64989007402192,3.55900269478174
Error,VP0563,Congruent,OddsRatio,0.0819645549664369,0.0878324176671854,-0.125984525386431,-0.101605729389688,0.0243787959967431,0.881628489538045,0.90338565987823
Error,VP0564,Congruent,OddsRatio,0.0960406238176694,0.0841984533947463,1.23405275184485,1.21030280202544,-0.0237499498194074,3.43512306510024,3.35450024824855
Error,VP0565,Congruent,OddsRatio,0.110070357389248,0.113733201722632,0.37450669877451,0.49467943922123,0.120172740446721,1.45427384257443,1.63997244394311
Error,VP0566,Congruent,OddsRatio,0.0482283760901043,0.0867780847371858,0.826909376843627,0.76933358181915,-0.0575757950244773,2.28624189782028,2.15832742577083
Error,VP0567,Congruent,OddsRatio,0.121621210752232,0.104371232511182,0.785289138741282,0.928886559179511,0.143597420438229,2.19304094216921,2.53168872213611
Error,VP0568,Congruent,OddsRatio,0.0969135542024057,0.100358040099526,0.976592492784176,1.20870151316436,0.232109020380189,2.65539253914508,3.34913302275261
Error,VP0569,Congruent,OddsRatio,0.102400089705049,0.116785878558622,0.618332444617839,0.936341739752572,0.318009295134733,1.85583075954772,2.55063344914968
Error,VP0570,Congruent,OddsRatio,0.116620188200692,0.125003310320325,1.02655136368894,1.16244718000421,0.135895816315274,2.79142261488816,3.19774917660137
Error,VP0571,Congruent,OddsRatio,0.100937114654021,0.0988856592220706,0.836671533214678,0.646530479307918,-0.19014105390676,2.30866984316922,1.90890633638111
Error,VP0572,Congruent,OddsRatio,0.00922425058222503,0.0891326710959246,0.180644820653428,0.555996247481009,0.375351426827581,1.1979896025554,1.74367725382545
Error,VP0573,Congruent,OddsRatio,0.0992294326207611,0.0647676362462528,1.0340845128317,1.69113689911589,0.657052386284191,2.8125302213219,5.42564561172787
Error,VP0574,Congruent,OddsRatio,0.0959393879697121,0.122729761628334,0.588898811634852,0.597429487039487,0.0085306754046347,1.80200297771503,1.81744103510237
Error,VP0575,Congruent,OddsRatio,0.0420451153238819,0.122234401807767,2.04044859687509,1.26611352952052,-0.774335067354573,7.69405995607475,3.5470402719055
Error,VP0576,Congruent,OddsRatio,0.101084248274782,0.0867043640844709,1.47587059964913,1.34544305770105,-0.130427541948075,4.37484285212045,3.83988745547874
Error,VP0577,Congruent,OddsRatio,0.112914314174473,0.0993548637465271,1.0166705050059,0.836557093437903,-0.180113411567993,2.76397678001124,2.30840565462485
Error,VP0578,Congruent,OddsRatio,0.0843431708412428,0.127536089483854,0.54891765636426,0.703017916251396,0.154100259887136,1.73137805735321,2.0198392241719
Error,VP0579,Congruent,OddsRatio,0.110376378650702,0.10684207949178,0.749367434159279,0.889619909136545,0.140252474977266,2.11566129817578,2.43420425663626
Error,VP0580,Congruent,OddsRatio,0.0199114260006647,0.0195159294454807,0.412397084046816,0.817471903894975,0.405074819848159,1.51043408654463,2.26476704531484
Error,VP0581,Congruent,OddsRatio,0.103660891660722,0.114080902802889,0.90696571584098,0.911803024393551,0.00483730855257025,2.47679581774768,2.4888058680803
Error,VP0582,Congruent,OddsRatio,0.0605952706249506,0.0715806683947043,0.476225954218154,0.662351435992972,0.186125481774817,1.60998675816153,1.93934722790757
Error,VP0583,Congruent,OddsRatio,0.122262508433487,0.119773563479619,1.21771481805796,1.49191589240681,0.274201074348851,3.37945623068812,4.44560466531837
Error,VP0584,Congruent,OddsRatio,0.115316255352975,0.0998738925653287,0.51784072399092,0.66953380419714,0.15169308020622,1.67839960613164,1.9533264757318
Error,VP0585,Congruent,OddsRatio,0.0791201908304166,0.0448772928219279,1.04823886423683,1.5750547880272,0.526815923790369,2.85262283552422,4.83100629216385
Error,VP0586,Congruent,OddsRatio,0.124595526356839,0.125289904134697,0.948291113551076,1.45681983008949,0.508528716538417,2.58129474848324,4.29228759647304
Error,VP0587,Congruent,OddsRatio,0.113645303432853,0.0398128473670317,0.985746348224969,2.08923643631895,1.10349008809398,2.67981121057174,8.07874417299346
Error,VP0588,Congruent,OddsRatio,0.0632191568854661,0.0643808504301594,0.552952425612957,0.748310283749735,0.195357858136778,1.73837788013569,2.11342590774809
Error,VP0589,Congruent,OddsRatio,0.085498746865272,0.101663405989477,0.414563773190665,0.693655788906607,0.279092015715942,1.51371027564244,2.00101747541964
Error,VP0590,Congruent,OddsRatio,0.0834760283204993,0.128691878699299,-0.0239080225789281,0.380129400544738,0.404037423123666,0.976375510129462,1.4624738220998
Error,VP0591,Congruent,OddsRatio,0.0995028971507538,0.0222122145282748,0.335942399518983,0.586911845414871,0.250969445895888,1.39925842453133,1.79842601350037
Error,VP0592,Congruent,OddsRatio,0.115540621243893,0.102551445098551,1.25177497955573,0.695351728980367,-0.556423250575362,3.49654374636259,2.00441396044794
Error,VP0593,Congruent,OddsRatio,0.109862771900202,0.0963218880485841,1.73286052624698,1.88672613243719,0.153865606190213,5.65681224664067,6.59773317983921
Error,VP0594,Congruent,OddsRatio,0.0517563921033722,0.118163488322275,0.557909635121765,0.760605962965554,0.202696327843789,1.74701677821589,2.13957232935389
Error,VP0595,Congruent,OddsRatio,0.0867311248871971,0.0859579160521803,0.93172713434712,1.17644598630248,0.244718851955357,2.5388903978605,3.2428286410908
Error,VP0596,Congruent,OddsRatio,0.0551335242321478,0.0694207714752296,0.549828726230698,0.615933395052103,0.0661046688214045,1.73295618251065,1.85138386586195
Error,VP0597,Congruent,OddsRatio,0.082020974182441,0.119146291597301,0.671102665713768,0.758632733391171,0.0875300676774028,1.95639337961367,2.13535462457549
Error,VP0598,Congruent,OddsRatio,0.111445541428656,0.114107275708934,0.262097388600906,0.221182405020176,-0.0409149835807297,1.29965310766409,1.24755096937106
Error,VP0599,Congruent,OddsRatio,0.121946855292827,0.1180004526041,0.653680818380784,1.06480626838502,0.411125450004238,1.92260457912187,2.900277054272
Error,VP0600,Congruent,OddsRatio,0.0140415739720039,0.124944864313281,0.540839212454022,0.743218138607411,0.202378926153389,1.71744756095641,2.10269139033408
Error,VP0601,Congruent,OddsRatio,0.0618924428675788,0.122255929613074,1.13584242811214,1.22919250101586,0.0933500729037129,3.11379558724629,3.41846801202867
Error,VP0602,Congruent,OddsRatio,0.0809696097898339,0.0521737847106291,1.00457053856511,1.42694001139246,0.422369472827357,2.73073427590504,4.16593196375021
Error,VP0603,Congruent,OddsRatio,0.104596659369807,0.0814408770839073,0.318835455000141,0.535113453175891,0.21627799817575,1.37552497052773,1.7076419686692
Error,VP0604,Congruent,OddsRatio,0.0966202472212961,0.103186504798834,0.658081562756989,0.441140118771021,-0.216941443985969,1.93108411486077,1.55447849870009
Error,VP0605,Congruent,OddsRatio,0.0915888199866554,0.0715525845251633,1.03599753590011,1.44672619721045,0.410728661310342,2.81791580624752,4.24918073963843
Error,VP0606,Congruent,OddsRatio,0.1180494366114,0.12119524634001,0.859609946487301,0.911840741957557,0.0522307954702567,2.36223911432046,2.48889974154525
Error,VP0607,Congruent,OddsRatio,0.0674327729447738,0.115696099086212,0.862639793665429,1.07036796908236,0.207728175416933,2.36940719144061,2.91645246689356
Error,VP0608,Congruent,OddsRatio,0.119042003553245,0.0865575953521281,0.661078342109527,0.975406576637273,0.314328234527746,1.93687982776312,2.65224533278681
Error,VP0609,Congruent,OddsRatio,0.11832362654153,0.111646582471841,0.0885274307321462,0.2477195915307,0.159192160798553,1.09256422203596,1.28110065035115
Error,VP0610,Congruent,OddsRatio,0.116880162335558,0.119440022474921,0.828481462116534,1.07933462499264,0.250853162876105,2.28983889168787,2.94272088658302
Error,VP0611,Congruent,OddsRatio,0.102427322812092,0.12725443493873,0.937097059949592,0.975470355044549,0.0383732950949572,2.5525607218714,2.65241449416421
Error,VP0612,Congruent,OddsRatio,0.104643622506483,0.125511443664084,0.359201221658387,0.436020994036702,0.0768197723783147,1.43218495921152,1.54654126255259
Error,VP0613,Congruent,OddsRatio,0.122865004103232,0.0224187766269262,0.36076999594649,0.538757506549593,0.177987510603102,1.43443349741465,1.71387605892641
Error,VP0614,Congruent,OddsRatio,0.0726712837247425,0.123013159938364,0.580203936207479,0.782780638237703,0.202576702030224,1.78640270579723,2.18754659203258
Error,VP0615,Congruent,OddsRatio,0.0898888617864815,0.0628662641705705,0.33787982717811,0.735723325209116,0.397843498031005,1.40197201434845,2.08699101989635
Error,VP0616,Congruent,OddsRatio,0.104419202755491,0.126860268750934,1.47059109858796,1.44698803246709,-0.0236030661208664,4.35180672776908,4.25029347063764
Error,VP0617,Congruent,OddsRatio,0.118059246972578,0.0684248780412794,0.692510470019888,1.00823335486425,0.315722884844357,1.99872698423417,2.74075479437551
Error,VP0618,Congruent,OddsRatio,0.0748613225144655,0.0825161478837374,-0.564513540695982,-0.657350995459479,-0.0928374547634965,0.568636698098996,0.518222291056933
Error,VP0619,Congruent,OddsRatio,0.114209111407804,0.125420962311197,1.12292596719068,0.938047425747518,-0.18487854144316,3.07383499848483,2.55498774137409
Error,VP0620,Congruent,OddsRatio,0.114706269607511,0.120094720333083,0.89658678777281,1.0498477676696,0.153260979896787,2.45122227466711,2.85721612428488
Error,VP0621,Congruent,OddsRatio,0.0245508830281729,0.101537237814746,0.444847444778796,0.497578654927379,0.0527312101485825,1.56025215306345,1.64473397683047
Error,VP0622,Congruent,OddsRatio,0.116205922829013,0.1188101186675,0.79320359790733,0.991130709433231,0.197927111525901,2.21046654129224,2.69427919757956
Error,VP0623,Congruent,OddsRatio,0.105807687523593,0.0639043395666187,0.542575758205929,0.731383420464758,0.188807662258829,1.72043257828196,2.07795330326758
Error,VP0624,Congruent,OddsRatio,0.110457006331861,0.0977081102337469,0.238876142057229,0.176176118243544,-0.0627000238136849,1.26982124939577,1.19264808724148
Error,VP0625,Congruent,OddsRatio,0.0699597232598263,0.055303836223482,1.26468619902085,1.5736598651587,0.308973666137853,3.54198108456695,4.8242721089341
Error,VP0626,Congruent,OddsRatio,0.0992070406797172,0.113570616945235,-0.33804009799937,0.531559448377716,0.869599546377086,0.713166690767425,1.70158377272444
Error,VP0627,Congruent,OddsRatio,0.11651762300453,0.105539499976223,0.941211036827699,1.11303700196055,0.171825965132854,2.56308352811056,3.04358775452712
Error,VP0628,Congruent,OddsRatio,0.119666339752369,0.126047255283689,0.829239294996626,0.72419399332738,-0.105045301669246,2.2915748645957,2.06306758341553
Error,VP0629,Congruent,OddsRatio,0.0992936282564378,0.0937770180325939,0.599515577634532,0.513724119669954,-0.0857914579645787,1.82123633905032,1.67150450100778
Error,VP0630,Congruent,OddsRatio,0.100860109050193,0.0915950647169127,1.14475983505317,1.09014049825281,-0.0546193368003629,3.1416867431973,2.97469198223075
Error,VP0631,Congruent,OddsRatio,0.0373577445185294,0.0295633486115787,1.05550753564329,1.22453011173822,0.169022576094924,2.87343315362072,3.40256688085989
Error,VP0632,Congruent,OddsRatio,0.0891433642115766,0.126239291249148,1.02279659028621,1.1499596285598,0.127163038273591,2.78096110808257,3.15806541146724
Error,VP0633,Congruent,OddsRatio,0.0895469218790711,0.11843232007546,0.180874277051173,0.746813037401026,0.565938760349853,1.19826452047377,2.11026395622532
Error,VP0634,Congruent,OddsRatio,0.0811901654561984,0.0917343537923657,0.658979906924978,0.0950791686653443,-0.563900738259633,1.93281967246056,1.09974591709624
Error,VP0635,Congruent,OddsRatio,0.0987842358032447,0.0898585368784854,0.966705471731053,1.22938863711253,0.262683165381472,2.6292679770668,3.41913856275859
Error,VP0636,Congruent,OddsRatio,0.1044791750889,0.127530312031885,0.967288895399622,1.05119690486476,0.0839080094651361,2.63080240180196,2.86107350231376
Error,VP0637,Congruent,OddsRatio,0.0134146147507595,0.118485803922674,0.619281606833849,0.529580546646835,-0.0897010601870141,1.85759308021578,1.69821983520003
Error,VP0638,Congruent,OddsRatio,0.0066710310293946,0.105191718057291,0.193140208513393,0.477988609088342,0.284848400574949,1.21305286193476,1.61282711170784
Error,VP0639,Congruent,OddsRatio,0.106235269303073,0.121784645051015,1.43638211971396,1.30714739154329,-0.129234728170671,4.20545343399106,3.69561651467118
Error,VP0640,Congruent,OddsRatio,0.102356405037008,0.0672000515705317,1.09057958950536,1.72692955611022,0.636349966604863,2.97599843026314,5.62336115889522
Error,VP0641,Congruent,OddsRatio,0.113669798622515,0.111079995562188,0.474569248930099,0.587452656370227,0.112883407440128,1.60732169280907,1.79939888503695
Error,VP0642,Congruent,OddsRatio,0.120746313381836,0.119404558183273,1.14146814049515,1.2983023037358,0.156834163240655,3.13136227186709,3.66307260115649
Error,VP0643,Congruent,OddsRatio,0.114368329918874,0.12514227408387,0.667378824655173,0.790433740800216,0.123054916145042,1.94912162944393,2.2043523364787
Error,VP0644,Congruent,OddsRatio,0.085959730797134,0.107333504319043,0.455071488517928,0.762452832111453,0.307381343593524,1.57628606536084,2.14352749068287
Error,VP0645,Congruent,OddsRatio,0.0553536720430371,0.0369182406687903,1.00499610343955,1.69262649322958,0.687630389790033,2.73189662780483,5.4337336439411
Error,VP0646,Congruent,OddsRatio,0.025927806283549,0.0250130557109163,0.843876527903299,1.0847794488663,0.240902920962997,2.32536386507843,2.95878718290477
Error,VP0647,Congruent,OddsRatio,0.121182171588528,0.128429026205878,0.683494737077611,0.81311309013092,0.129618353053309,1.98078798365086,2.25491683076628
Error,VP0648,Congruent,OddsRatio,0.11036647313094,0.115879212370349,0.625102587852791,0.697757050347503,0.0726544624947126,1.86843762660478,2.00924102316687
Error,VP0649,Congruent,OddsRatio,0.101249180339359,0.120044521290828,0.640788892955938,0.605796418607032,-0.0349924743489061,1.89797759000635,1.83271123313901
Error,VP0650,Congruent,OddsRatio,0.0287748547236663,0.118397055777313,0.796982688297479,1.2974690611407,0.500486372843216,2.21883589847423,3.66002164430636
Error,VP0651,Congruent,OddsRatio,0.116395099377657,0.10120885015426,0.0109383841580926,0.0199635984211392,0.00902521426304662,1.0109984270063,1.02016420376314
Error,VP0652,Congruent,OddsRatio,0.123879284290735,0.110127308263238,-0.0139614549605748,0.00793971172166503,0.0219011666822398,0.986135554164124,1.00797131481723
Error,VP0653,Congruent,OddsRatio,0.121150909227486,0.122582170991008,0.0668722513694583,0.180395005928128,0.11352275455867,1.06915888586654,1.19769036449052
Error,VP0654,Congruent,OddsRatio,0.0600969696216058,0.121154636647924,1.20258497487457,1.20598411245412,0.0033991375795559,3.32871044379523,3.34004444055047
Error,VP0655,Congruent,OddsRatio,0.115812171022422,0.126143042287909,0.607476632899946,0.441368233574177,-0.166108399325769,1.83579316917915,1.55483313870461
Error,VP0656,Congruent,OddsRatio,0.0502153712747705,0.034446314092607,0.784086397558787,1.19884696526339,0.414760567704602,2.19040486708897,3.31629091877664
Error,VP0657,Congruent,OddsRatio,0.0946765470709527,0.122731557244659,1.0496324559724,1.08062289473398,0.0309904387615885,2.85660099845616,2.94651434783445
Error,VP0658,Congruent,OddsRatio,0.0845806051687304,0.120737193569805,1.0199269969398,1.11448388922162,0.0945568922818185,2.77299231964963,3.0479946702634
Error,VP0659,Congruent,OddsRatio,0.106208640344494,0.0903321587775799,1.08769552403524,1.06596167878512,-0.0217338452501163,2.96742782099115,2.90363000118555
Error,VP0660,Congruent,OddsRatio,0.0480538207937342,0.11448135662005,0.532121465119743,0.583654917108829,0.0515334519890854,1.70254036007655,1.79257819703942
Error,VP0661,Congruent,OddsRatio,0.0696265064068149,0.120318099343075,0.597822910692811,0.62628058364708,0.0284576729542686,1.81815620006628,1.87063993517125
Error,VP0662,Congruent,OddsRatio,0.0709208202605152,0.016527092261429,0.141026561787218,0.942563513711034,0.801536951923816,1.15145523228743,2.56655238457771
Error,VP0663,Congruent,OddsRatio,0.0892088025613895,0.0370723742580916,-0.562513834558304,1.23597101646413,1.79848485102243,0.56977494209174,3.44171886436051
Error,VP0664,Congruent,OddsRatio,0.102707349391832,0.105618046276701,0.622523497855533,1.03422362336304,0.411700125507505,1.86362496662081,2.81292150111031
Error,VP0665,Congruent,OddsRatio,0.113868212661292,0.108446798801984,0.788890246254372,0.859473598653755,0.0705833523993825,2.20095255511718,2.36191705009179
Error,VP0666,Congruent,OddsRatio,0.113736887027996,0.121189661168778,0.294677595094916,0.630087676182796,0.33541008108788,1.34269339795817,1.87777520820962
Error,VP0667,Congruent,OddsRatio,0.0512906016421461,0.0250829434743335,0.964149154535002,1.79819585376225,0.834046699227246,2.62255531762285,6.03874285541278
Error,VP0668,Congruent,OddsRatio,0.112826276519646,0.114384599911362,1.05663697018293,1.33812194590769,0.281484975724765,2.87668034166973,3.81187786591778
Error,VP0669,Congruent,OddsRatio,0.076448176254068,0.094386773530488,0.821479284077934,0.809069306564641,-0.0124099775132933,2.2738610372627,2.24581684672604
Error,VP0670,Congruent,OddsRatio,0.0313031921480476,0.0211588159167537,0.533151848495858,0.992407617830225,0.459255769334367,1.70429553345618,2.69772174275046
Error,VP0671,Congruent,OddsRatio,0.0356040396980198,0.111737443474334,1.26144855503952,1.67013707588067,0.40868852084115,3.5305319549305,5.3128960171698
Error,VP0672,Congruent,OddsRatio,0.0563885425288717,0.108332599263698,0.353279966757514,0.506351140741141,0.153071173983627,1.42372968462524,1.65922585426734
Error,VP0673,Congruent,OddsRatio,0.12127796448492,0.121235468468352,0.458770232970026,0.597687501136834,0.138917268166808,1.58212714036272,1.81791002101041
Error,VP0674,Congruent,OddsRatio,0.0605075696732892,0.0834496595500016,0.150744471845931,0.291381037327172,0.14063656548124,1.16269951765808,1.33827441931847
Error,VP0675,Congruent,OddsRatio,0.0970276920806791,0.111031269570306,0.625938152585602,0.564882347711472,-0.0610558048741295,1.8699994796148,1.75924079184035
Error,VP0676,Congruent,OddsRatio,0.105366976953951,0.122455226142812,0.646745586540575,0.780452642722245,0.13370705618167,1.90931700010731,2.18245991655263
Error,VP0677,Congruent,OddsRatio,0.0998558390734673,0.0798608092054568,1.09788109848492,1.4694480371842,0.371566938699274,2.99780723121364,4.34683518739122
Error,VP0678,Congruent,OddsRatio,0.101825164929674,0.104554100580521,2.57975329205661,0.0081659318778884,-2.57158736017872,13.1938827224319,1.00819936403923
Error,VP0679,Congruent,OddsRatio,0.102814871306388,0.102856056798454,0.567402977648715,0.587820703523745,0.02041772587503,1.76368078028015,1.8000612705617
Error,VP0680,Congruent,OddsRatio,0.118334607349357,0.112277293608755,-0.106520625379436,0.128789101681604,0.23530972706104,0.898956506650973,1.13745021253106
Error,VP0681,Congruent,OddsRatio,0.11126558212999,0.0941740201652134,0.534777233390768,0.851048510081688,0.31627127669092,1.70706792216173,2.34210128176018
Error,VP0682,Congruent,OddsRatio,0.07840448086294,0.116076002170889,0.463906569424628,0.717104842183715,0.253198272759087,1.59027438324823,2.0484939040396
Error,VP0683,Congruent,OddsRatio,0.0937507080662119,0.109748367824104,0.964534465344538,1.18614767086085,0.221613205516308,2.62356601123842,3.27444264824013
Error,VP0684,Congruent,OddsRatio,0.0966504649842854,0.0729935048214455,1.37840206584058,2.23586882777371,0.857466761933122,3.96855506844605,9.35460586388872
Error,VP0685,Congruent,OddsRatio,0.0328577294610291,0.0913155966531072,1.17193836464226,1.24321604961497,0.0712776849727046,3.22824409197746,3.46674477895062
Error,VP0686,Congruent,OddsRatio,0.0570949489512301,0.127824546055619,1.57658079416058,1.55632513389967,-0.020255660260911,4.83838406522785,4.74136530802699
Error,VP0687,Congruent,OddsRatio,0.0485671386461803,0.10405300832365,1.03387274214052,1.00643266362175,-0.0274400785187627,2.81193467291502,2.73582398198715
Error,VP0688,Congruent,OddsRatio,0.12181947248625,0.078117585036976,0.15123656757002,-0.207823491559782,-0.359060059129802,1.16327181792083,0.812350410762116
Error,VP0689,Congruent,OddsRatio,0.0968390774393741,0.115334378557765,0.996283089900711,1.26287495673269,0.266591866831977,2.70819697313897,3.53557150504574
Error,VP0690,Congruent,OddsRatio,0.0896813319543948,0.0996860268123759,0.946109104247799,1.0964543516216,0.150345247373803,2.5756684798451,2.99353316887721
Error,VP0691,Congruent,OddsRatio,0.120021057526087,0.113649403751422,0.423973360533316,0.673488583705656,0.24951522317234,1.52802088758034,1.96106674669563
Error,VP0692,Congruent,OddsRatio,0.00974865406408513,0.11680826828503,0.453735855939118,0.768286547115551,0.314550691176433,1.57418213169236,2.15606876470892
Error,VP0693,Congruent,OddsRatio,0.114525476260251,0.118530649306151,0.596831488654212,0.716350539497134,0.119519050842922,1.81635453319362,2.04694930220623
Error,VP0694,Congruent,OddsRatio,0.0453327399266747,0.0372091075339859,0.735589123375298,0.866201627542139,0.130612504166841,2.08671096066697,2.3778616740358
Error,VP0695,Congruent,OddsRatio,0.0753217363432654,0.0202988991025282,0.314568720308229,1.04583300812904,0.731264287820808,1.36966847336101,2.84576808453078
Error,VP0696,Congruent,OddsRatio,0.0994969042590516,0.113818734622374,0.764455174788995,0.977397805534666,0.212942630745672,2.14782386723153,2.65753182189463
Error,VP0697,Congruent,OddsRatio,0.107536255225684,0.0198071148296341,0.241345476837378,0.49953047656591,0.258184999728533,1.27296073780014,1.64794733913097
Error,VP0698,Congruent,OddsRatio,0.103698878499743,0.102492123892091,0.748926434553691,0.879479124097849,0.130552689544159,2.11472849807508,2.40964425385351
Error,VP0699,Congruent,OddsRatio,0.0369782357662823,0.020946932276827,0.55403454067669,0.876730591342546,0.322696050665856,1.74026002319026,2.40303036110728
Error,VP0700,Congruent,OddsRatio,0.0149047690944254,0.121043022511645,0.370949498863123,0.088573950905287,-0.282375547957836,1.44910988984184,1.09261504949498
Error,VP0701,Congruent,OddsRatio,0.119680730087067,0.101504106384347,0.942461500661922,1.13182381294626,0.189362312284336,2.56629057609742,3.10130755018952
Error,VP0702,Congruent,OddsRatio,0.0813002526409836,0.0330969368569239,0.534460694711569,0.886328150718657,0.351867456007089,1.70652765464864,2.42620461794607
Error,VP0703,Congruent,OddsRatio,0.116689028588056,0.120476312311019,0.76201644686035,0.944469652811414,0.182453205951064,2.14259229096913,2.5714492560075
Error,VP0704,Congruent,OddsRatio,0.014573196935353,0.015285928797099,0.60383015064439,0.898119678211643,0.294289527567253,1.82911117225858,2.45498261121105
Error,VP0705,Congruent,OddsRatio,0.0171417797090941,0.0186177912426359,0.935438657483254,1.32019817866578,0.384759521182526,2.54833105708743,3.74416331703075
Error,VP0706,Congruent,OddsRatio,0.117458841063094,0.1197217350117,0.853995867443042,0.948158585658441,0.0941627182153993,2.34901447403355,2.58095267759742
Error,VP0707,Congruent,OddsRatio,0.11885605685675,0.100873505645157,0.784207594463871,0.749727987443937,-0.0344796070199332,2.19067035346748,2.11642424433917
Error,VP0708,Congruent,OddsRatio,0.0936259090162993,0.124969007258941,0.663202508907178,1.07024337630759,0.407040867400416,1.94099845636273,2.91608912062386
Error,VP0709,Congruent,OddsRatio,0.109482241627252,0.124114611937182,0.655143160614081,1.22666986211775,0.571526701503667,1.92541814169015,3.40985531957348
Error,VP0710,Congruent,OddsRatio,0.065516171020331,0.0279766782575247,0.303830089275069,0.827480899554963,0.523650810279894,1.35503880090384,2.28754891044662
Error,VP0711,Congruent,OddsRatio,0.114034048684769,0.11892201066854,1.16780925796533,1.29190383705936,0.12409457909403,3.21494180991315,3.63970937729748
Error,VP0712,Congruent,OddsRatio,0.12661798898408,0.130494989679002,0.511998500110488,0.922602549584599,0.410604049474111,1.66862260738824,2.51582944801882
Error,VP0713,Congruent,OddsRatio,0.0651414827811442,0.105928855808167,1.2432228386151,1.83807886100673,0.594856022391629,3.46676831476126,6.2844533479665
Error,VP0714,Congruent,OddsRatio,0.0552249262734859,0.0397833113708752,1.35778079420487,1.84191515077288,0.484134356568003,3.887556434079,6.30860863574814
Error,VP0715,Congruent,OddsRatio,0.122622857646209,0.112087321790086,0.989658750673528,1.01519827652795,0.0255395258544238,2.69031624707898,2.75991056861389
Error,VP0716,Congruent,OddsRatio,0.0451719620039246,0.0269653373027669,0.790863193357285,1.34435322062356,0.553490027266279,2.20529920452918,3.83570488333145
Error,VP0717,Congruent,OddsRatio,0.044468152848618,0.0309645664160446,1.22455688734816,1.53594634401095,0.311389456662788,3.40265798788323,4.64571989953683
Error,VP0718,Congruent,OddsRatio,0.0768227530090063,0.0235431725103461,0.576196505582415,1.28300537282209,0.706808867239672,1.77925814611046,3.60746522803856
Error,VP0719,Congruent,OddsRatio,0.117053143502646,0.0932995570922655,0.227204811357452,0.583063136005453,0.355858324648,1.25508689766931,1.79151769695899
Error,VP0720,Congruent,OddsRatio,0.115693027527737,0.0339329709771399,0.667066327734211,1.40380234078392,0.736736013049711,1.94851263009632,4.07064857088144
Error,VP0721,Congruent,OddsRatio,0.109087432829266,0.114510657817237,0.81172418013481,1.24169558097181,0.429971400837002,2.25178712818035,3.46147770744365
Error,VP0722,Congruent,OddsRatio,0.0227124121503557,0.0220903937585496,0.956401143972529,1.06629764096215,0.109896496989624,2.60231424659596,2.90460567492759
Error,VP0723,Congruent,OddsRatio,0.125476508736769,0.129714919819676,1.37658940956676,1.48308100373983,0.106491594173073,3.96136795805147,4.40650123462326
Error,VP0724,Congruent,OddsRatio,0.0554339336277419,0.0690362857285025,0.857444984401318,0.719368857453974,-0.138076126947343,2.35713048818625,2.05313697953301
Error,VP0725,Congruent,OddsRatio,0.0873484122751814,0.101346524529683,1.02727462374974,1.39226649490056,0.36499187115082,2.7934422696581,4.02396001010166
Error,VP0726,Congruent,OddsRatio,0.106758214302367,0.120895063569622,0.833710930269696,1.23302947132316,0.399318541053465,2.30184489639645,3.43160976842873
Error,VP0727,Congruent,OddsRatio,0.104801202042953,0.12329089488542,0.308852058187335,0.221960563082198,-0.0868914951051373,1.36186087943221,1.24852213902841
Error,VP0728,Congruent,OddsRatio,0.119868331812128,0.10059545095798,1.04792717841893,0.733452701202552,-0.314474477216382,2.85173385199156,2.08225762390006
Error,VP0729,Congruent,OddsRatio,0.105756100133226,0.128014661222042,0.805510703871516,0.868589413159394,0.0630787092878782,2.23783908011685,2.38354628205261
Error,VP0730,Congruent,OddsRatio,0.0709699769922742,0.0818865585366981,1.10406181524647,1.20615216696036,0.10209035171389,3.01639320677357,3.34060579723768
Error,VP0731,Congruent,OddsRatio,0.127109535124288,0.123241695464324,1.45230004426642,1.97078071690683,0.51848067264041,4.2729311522888,7.17627694261465
Error,VP0732,Congruent,OddsRatio,0.0727305021522553,0.113615504277005,0.425771604616659,0.922158332097621,0.496386727480961,1.53077111414887,2.51471212077028
Error,VP0733,Congruent,OddsRatio,0.11410069820754,0.11873738582309,0.494668840496028,0.350979137100542,-0.143689703395486,1.63995506241795,1.42045769073707
Error,VP0734,Congruent,OddsRatio,0.0997960664815293,0.122129806067428,0.924517152729462,0.973104736082754,0.0485875833532926,2.52065087708073,2.64614730795222
Error,VP0735,Congruent,OddsRatio,0.100074251818779,0.126371655272367,0.49281035345799,0.874624880275024,0.381814526817034,1.6369100576189,2.39797559728411
Error,VP0736,Congruent,OddsRatio,0.102196229978201,0.117446427963502,0.488801257548895,0.559451544015615,0.0706502864667202,1.63036066554611,1.7497125967431
Error,VP0737,Congruent,OddsRatio,0.126217240493442,0.12373219451447,0.649383591991477,0.770970877661567,0.12158728567009,1.91436043814481,2.16186414082596
Error,VP0738,Congruent,OddsRatio,0.0282513054400736,0.0910025854633319,1.23582526421826,1.5424748815771,0.306649617358831,3.44121726266208,4.67614887670493
Error,VP0739,Congruent,OddsRatio,0.101299284364188,0.107493505304933,1.42864519435219,1.47448274567231,0.045837551320119,4.17304169992395,4.36877542039869
Error,VP0740,Congruent,OddsRatio,0.111798280504382,0.0955350551202926,0.329445164203696,-0.579464130767475,-0.90890929497117,1.39019658361473,0.560198479276788
Error,VP0741,Congruent,OddsRatio,0.111903928440385,0.067944607923862,0.782371715797884,0.781326623722996,-0.00104509207488812,2.18665223801613,2.18436817882561
Error,VP0742,Congruent,OddsRatio,0.0263183330597455,0.0246751308839828,0.715278071359733,1.21716053562337,0.501882464263637,2.04475519106819,3.3775835764986
Error,VP0743,Congruent,OddsRatio,0.118036302897037,0.104781863095495,0.946474965428486,1.20466503011763,0.258190064689142,2.57661098935951,3.33564155145086
Error,VP0744,Congruent,OddsRatio,0.118923262502919,0.0357966089704766,0.487282328237982,0.967462070952195,0.480179742714213,1.62788614273223,2.63125803191246
Error,VP0745,Congruent,OddsRatio,0.0803549051806285,0.11424965461313,0.599318335300595,0.857017557188025,0.25769922188743,1.82087714956901,2.35612320175647
Error,VP0746,Congruent,OddsRatio,0.102275387003136,0.122466735425889,0.738065859812993,0.872954459954556,0.134888600141563,2.09188559920089,2.39397331379688
Error,VP0747,Congruent,OddsRatio,0.0494163187904556,0.0860158993954798,2.09362511863932,1.43456087595432,-0.659064242684992,8.11427712911244,4.19780124853062
Error,VP0748,Congruent,OddsRatio,0.0850524968284074,0.120179803148011,0.674566669004469,0.616887715346892,-0.0576789536575769,1.96318208397737,1.85315152237968
Error,VP0749,Congruent,OddsRatio,0.0836552194387012,0.0784794716630438,1.00772006411938,0.624377896365873,-0.383342167753504,2.73934835129359,1.86708407627538
Error,VP0750,Congruent,OddsRatio,0.0489267290545972,0.0202469900772506,0.796209596552791,1.59056085716999,0.794351260617202,2.21712119765423,4.90650000248064
Error,VP0751,Congruent,OddsRatio,0.087674553453205,0.0857597463565109,0.585549301592513,0.590895595504974,0.005346293912461,1.79597724789977,1.80560478301146
Error,VP0752,Congruent,OddsRatio,0.104201346202959,0.0893736845441206,0.054908927256109,0.317166059105956,0.262257131849847,1.05644439700415,1.37323059043678
Error,VP0753,Congruent,OddsRatio,0.0283001222484803,0.0296577484318167,0.735719341875435,0.947560361721487,0.211841019846053,2.08698270673128,2.57940915165865
Error,VP0754,Congruent,OddsRatio,0.095982368192878,0.110748380408824,0.589411130821755,0.634451015984494,0.0450398851627394,1.80292641494247,1.88598648077276
Error,VP0755,Congruent,OddsRatio,0.103158061827845,0.12230481385498,0.87833749606197,1.09821529843101,0.219877802369041,2.40689490608167,2.9988092656593
Error,VP0756,Congruent,OddsRatio,0.0439750934802119,0.0286049030123907,0.665953969319531,0.791860447190095,0.125906477870564,1.94634639071678,2.20749954457981
Error,VP0757,Congruent,OddsRatio,0.110545959827754,0.113515481416834,0.488828966020874,0.561337509903311,0.0725085438824369,1.63040584097479,1.75301560871876
Error,VP0758,Congruent,OddsRatio,0.09396851247323,0.117629040436479,0.722934014761982,0.9249449609425,0.202010946180519,2.06046979940122,2.52172946292563
Error,VP0759,Congruent,OddsRatio,0.115787252592823,0.12640927451542,0.827890553747639,1.15772575384696,0.329835200099326,2.28848620641924,3.18268682586368
Error,VP0760,Congruent,OddsRatio,0.0530067247743817,0.0258987875680979,0.892466677292573,1.62122123731105,0.728754560018479,2.44114374466957,5.05926510867039
Error,VP0761,Congruent,OddsRatio,0.120689797676044,0.0861419329563593,0.93936705247665,0.929158520069521,-0.0102085324071294,2.55836159711571,2.532377336088
Error,VP0762,Congruent,OddsRatio,0.0902331294397381,0.099759034271801,1.75724296097911,0.849368852357323,-0.90787410862179,5.79643434834792,2.33817065522874
Error,VP0763,Congruent,OddsRatio,0.0934692481157092,0.0857586306712016,1.2142677503183,1.44086332720143,0.226595576883127,3.36782707090359,4.22434123187082
Error,VP0764,Congruent,OddsRatio,0.053335791365735,0.131666418518492,0.79111100374332,0.823817658107857,0.0327066543645377,2.20584576829567,2.27918439643664
Error,VP0765,Congruent,OddsRatio,0.0619536412213752,0.017356695616376,0.194169990309938,0.936661936273205,0.742491945963267,1.21430268510235,2.55145028387235
Error,VP0766,Congruent,OddsRatio,0.118468088945446,0.121834966047394,1.25452076549851,2.36467772896492,1.11015696346641,3.5061576999187,10.6406091047811
Error,VP0767,Congruent,OddsRatio,0.0772173042232212,0.0539817745227447,1.03740281483263,1.57215569167524,0.534752876842603,2.82187854769006,4.81702102156466
Error,VP0768,Congruent,OddsRatio,0.101613775860591,0.102711483838663,0.660350398815603,0.948643629971404,0.288293231155801,1.93547040213457,2.58220485767258
Error,VP0769,Congruent,OddsRatio,0.0789592864957352,0.0166640601961822,0.389282757246609,0.807047048503934,0.417764291257325,1.47592181992743,2.24127981457598
Error,VP0770,Congruent,OddsRatio,0.0951223948946082,0.115145782327663,0.705867648535248,0.69136925915488,-0.0144983893803674,2.0256034345445,1.99644731632189
Error,VP0771,Congruent,OddsRatio,0.0971644067068034,0.109631889543551,0.990665694735848,1.03262197389839,0.041956279162541,2.69302660941236,2.80841979293555
Error,VP0772,Congruent,OddsRatio,0.10319190718892,0.114031049289074,0.76715266771096,0.873862381040525,0.106709713329566,2.15362542822797,2.39614783964729
Error,VP0773,Congruent,OddsRatio,0.110106735647043,0.0835655674314459,0.876661681804322,1.22366892762377,0.347007245819445,2.40286477510005,3.3996379056882
Error,VP0774,Congruent,OddsRatio,0.060693214050237,0.0991165639687556,0.681954442385036,0.924622457644859,0.242668015259823,1.97773933494398,2.52091632798448
Error,VP0775,Congruent,OddsRatio,0.118173131653511,0.12159053423382,0.521647479370106,0.508149513487474,-0.0134979658826329,1.68480103947564,1.6622124455209
Error,VP0776,Congruent,OddsRatio,0.0398565084389489,0.0266051737800232,0.995464717577463,1.43251606361402,0.437051346036559,2.7059815663277,4.18922630280075
Error,VP0777,Congruent,OddsRatio,0.113442400017291,0.114059050585015,0.904510023069625,0.919423546412825,0.0149135233432,2.47072103012074,2.50784431732667
Error,VP0778,Congruent,OddsRatio,0.121637269007177,0.112362146700391,0.650274917339546,0.6434777725102,-0.00679714482934657,1.91606751679689,1.90308789055491
Error,VP0779,Congruent,OddsRatio,0.120227649660562,0.110293593197681,0.511533311551493,0.770241031227553,0.258707719676059,1.66784656375931,2.16028688763828
Error,VP0780,Congruent,OddsRatio,0.117412379797007,0.118210461212558,2.34533936652173,2.26687282466765,-0.0784665418540778,10.4368140318908,9.64917890984074
Error,VP0781,Congruent,OddsRatio,0.0926156084508351,0.104327362457005,0.37110252862361,0.947688096193566,0.576585567569957,1.44933166374977,2.57973865216875
Error,VP0782,Congruent,OddsRatio,0.108294742984251,0.0844579694981306,0.838187754864399,1.24747431574981,0.409286560885411,2.3121729534422,3.48153857644996
Error,VP0783,Congruent,OddsRatio,0.106184709946935,0.111386519369616,1.21088373919577,1.7617128648956,0.550829125699823,3.35644956829206,5.82240184581659
Error,VP0784,Congruent,OddsRatio,0.0905318547637593,0.0922276621096477,1.34103146506785,1.26817642762614,-0.072855037441719,3.82298474761216,3.55436500705653
Error,VP0785,Congruent,OddsRatio,0.115465660627379,0.118402996742255,1.32348263052554,1.33144705694497,0.00796442641942541,3.75648105864203,3.78651873327506
Error,VP0786,Congruent,OddsRatio,0.0849083408351011,0.049343688943761,0.740972681816062,1.0875746418215,0.346601960005436,2.09797518467118,2.96706913342694
Error,VP0787,Congruent,OddsRatio,0.106164986358893,0.107268083530633,0.440003026461634,0.368572518850703,-0.0714305076109307,1.55271191772727,1.44566947511627
Error,VP0788,Congruent,OddsRatio,0.0998761267303941,0.110565664532581,1.14611126523779,1.38904461150193,0.242933346264135,3.14593538371657,4.0110161431604
Error,VP0789,Congruent,OddsRatio,0.0318976028689794,0.0274297559878096,0.859725395724992,1.43323759955577,0.57351220383078,2.36251184876865,4.19225007089384
Error,VP0790,Congruent,OddsRatio,0.123389562961449,0.125370380275416,1.0605173635157,1.34509059161126,0.28457322809556,2.88786467866746,3.83853426385313
Error,VP0791,Congruent,OddsRatio,0.0720843928201838,0.0875445964179273,1.22055220285186,1.03160159414823,-0.188950608703624,3.38905866486686,2.80555559977976
Error,VP0792,Congruent,OddsRatio,0.0180669545732834,0.0190917807077405,1.85423881787237,1.55050284548711,-0.303735972385252,6.38683485534689,4.71383991986564
Error,VP0793,Congruent,OddsRatio,0.120402768128724,0.128093186369545,1.03074015767409,0.873966893024589,-0.156773264649502,2.80313983252028,2.39639827889884
Error,VP0794,Congruent,OddsRatio,0.0473362195850141,0.0260643259654414,0.41813220726837,0.693686860523867,0.275554653255498,1.51912150003048,2.00107965123471
Error,VP0795,Congruent,OddsRatio,0.0943464406465438,0.0576602055626476,0.759549792196547,1.264826789094,0.505276996897455,2.13731376852436,3.54247908695302
Error,VP0796,Congruent,OddsRatio,0.0936267230570682,0.123320476498275,0.299165692825182,0.44386737277523,0.144701679950047,1.3487330803543,1.55872374270817
Error,VP0797,Congruent,OddsRatio,0.0780353458562998,0.123782287713952,0.755350703902552,0.862791285797504,0.107440581894952,2.12835781587586,2.36976616517796
Error,VP0798,Congruent,OddsRatio,0.0245475448300089,0.113790121550125,0.626896567421914,1.07970530253589,0.452808735113972,1.87179257398683,2.94381188932434
Error,VP0799,Congruent,OddsRatio,0.0619914585502736,0.107034386290568,0.642545746917977,1.06850933273954,0.425963585821564,1.90131499025922,2.91103687671187
Error,VP0800,Congruent,OddsRatio,0.0725349643176015,0.0150457134511336,-0.276982604132865,0.720150246764055,0.997132850896919,0.758067684240522,2.0547419057754
Error,VP0801,Congruent,OddsRatio,0.113302162833159,0.125612668185988,0.632353014811993,0.82801298434141,0.195659969529416,1.88203382671105,2.28876640429637
Error,VP0802,Congruent,OddsRatio,0.10405113840397,0.102168123468901,0.958481105311247,1.1286590351945,0.170177929883252,2.6077325926418,3.09150811574848
Error,VP0803,Congruent,OddsRatio,0.0456248124919874,0.0292525627236737,0.850518994123693,1.44152366717497,0.59100467305128,2.34086143004585,4.2271316544605
Error,VP0804,Congruent,OddsRatio,0.0984984779583717,0.114564559458959,0.587739310706183,0.723356630144042,0.135617319437858,1.79991476446546,2.06134076966247
Error,VP0805,Congruent,OddsRatio,0.0973734121641346,0.104862110845546,-0.197118507384446,0.231225209446108,0.428343716830554,0.821093321924745,1.26014300360271
Error,VP0806,Congruent,OddsRatio,0.0585173573500273,0.0848980118231925,-0.0376787775565469,0.286474585061867,0.324153362618414,0.963022235567953,1.33172432177286
Error,VP0807,Congruent,OddsRatio,0.0686661861879186,0.0822838072777852,0.657972451977877,0.85896939311504,0.200996941137163,1.93087342426298,2.36072645860978
Error,VP0808,Congruent,OddsRatio,0.109203811092446,0.118990481029613,0.476026238187798,0.508017782635249,0.0319915444474507,1.60966525010349,1.66199349528044
Error,VP0809,Congruent,OddsRatio,0.027954880240452,0.121920290223242,0.443456139851574,0.320956747579867,-0.122499392271707,1.55808287596807,1.37844595848063
Error,VP0810,Congruent,OddsRatio,0.117660372404353,0.119379025689258,2.89655517268469,2.80318436940019,-0.0933708032844973,18.1116462881187,16.4970960657158
Error,VP0811,Congruent,OddsRatio,0.113218763723005,0.128136528668556,0.812039675257345,0.790496303876062,-0.021543371381283,2.25249766811632,2.20449025185528
Error,VP0812,Congruent,OddsRatio,0.0998856333208118,0.123743102256703,0.149997063970702,0.516224097627006,0.366227033656304,1.16183083155391,1.67568845313035
Error,VP0813,Congruent,OddsRatio,0.113806105855657,0.129525931468605,0.307743059108855,0.727156262359995,0.41941320325114,1.36035141412443,2.06918800532263
Error,VP0814,Congruent,OddsRatio,0.107092249101629,0.0180656672024176,0.315621258525094,1.3521820632934,1.03656080476831,1.37111086072441,3.86585186741113
Error,VP0815,Congruent,OddsRatio,0.118902884881805,0.037605240964987,0.644350878594725,0.972069338532722,0.327718459937997,1.90475021375819,2.64340891142171
Error,VP0816,Congruent,OddsRatio,0.104647730808801,0.0918333235179473,1.21682399458325,1.29306331512798,0.0762393205447354,3.37644707225956,3.64393198803581
Error,VP0817,Congruent,OddsRatio,0.0907181317287072,0.117627194908282,1.31125679379305,1.36741801167664,0.0561612178835902,3.71083453656175,3.92520277247353
Error,VP0818,Congruent,OddsRatio,0.0179773004518512,0.108703618379312,0.345011078640936,0.574891353162867,0.229880274521931,1.41200556268364,1.77693745779148
Error,VP0819,Congruent,OddsRatio,0.0717913437491283,0.0791030562475591,0.614061004357501,0.606545883984754,-0.00751512037274726,1.84792059524902,1.83408530159966
Error,VP0820,Congruent,OddsRatio,0.114623422103169,0.0376306569289232,0.825113492039372,1.80728980118575,0.982176309146374,2.28213975532734,6.09390932574645
Error,VP0821,Congruent,OddsRatio,0.0775581042562885,0.087687958602897,-0.496279333292613,-0.324546425935356,0.171732907357257,0.608791561568161,0.722855147644489
Error,VP0822,Congruent,OddsRatio,0.0175806827011945,0.107761552732487,0.853501688214952,0.568780054137814,-0.284721634077138,2.34785392665682,1.76611117665373
Error,VP0823,Congruent,OddsRatio,0.0902049944704601,0.125227073368319,0.86560359384709,0.95447405973455,0.0888704658874605,2.37644005776215,2.59730419677357
Error,VP0824,Congruent,OddsRatio,0.114497040953349,0.126347958720135,0.824823751412985,1.08366986740403,0.258846115991047,2.28147862250827,2.95550598820888
Error,VP0825,Congruent,OddsRatio,0.119189379551281,0.0828795365565312,0.268702924400174,0.437811147031531,0.169108222631357,1.30826642927672,1.54931228756472
Error,VP0826,Congruent,OddsRatio,0.108419313785924,0.10095542529782,0.402110444589548,0.442308293180232,0.0401978485906839,1.49497643561733,1.55629546176019
Error,VP0827,Congruent,OddsRatio,0.111914393890415,0.125559142571466,0.887260201589611,1.11758273890212,0.230322537312505,2.42846701824564,3.05745459744945
Error,VP0828,Congruent,OddsRatio,0.0659679874064969,0.0789743874045626,-0.682991454601498,0.219194047743322,0.90218550234482,0.505103735181151,1.24507285682587
Error,VP0829,Congruent,OddsRatio,0.101059555202668,0.0123435416984451,0.0655164776757216,0.416205877267404,0.350689399591683,1.06771033055314,1.51619798743891
Error,VP0830,Congruent,OddsRatio,0.110012774776537,0.10215922850199,0.391676341670304,0.53929268246363,0.147616340793325,1.47945879474143,1.714793529595
Error,VP0831,Congruent,OddsRatio,0.0422273087181874,0.125246632086755,0.525473813972733,0.564856386266522,0.0393825722937892,1.69126000118549,1.75919512000023
Error,VP0832,Congruent,OddsRatio,0.108184277959963,0.112086227861453,0.985992193264208,1.16129401083827,0.175301817574067,2.6804701098542,3.1940637562155
Error,VP0833,Congruent,OddsRatio,0.0292990908010603,0.0316547161839686,0.900841274211439,0.992658273851323,0.0918169996398835,2.46167318245145,2.69839802770244
Error,VP0834,Congruent,OddsRatio,0.0274304169010257,0.0246460752084911,0.513908766713242,0.780205949628204,0.266297182914962,1.67181316786807,2.18192158516724
Error,VP0836,Congruent,OddsRatio,0.048965687729587,0.09975777596507,0.417302074464562,0.500336305456942,0.0830342309923799,1.51786095072439,1.6492758379072
Error,VP0837,Congruent,OddsRatio,0.125913370833893,0.124966622759295,0.783679638780613,0.795306662702824,0.0116270239222108,2.18951408186116,2.21512018740129
Error,VP0838,Congruent,OddsRatio,0.0730550080218014,0.107253607218368,0.829253561747965,1.33258032046211,0.503326758714142,2.29160755815768,3.79081228921809
Error,VP0839,Congruent,OddsRatio,0.0281182355324142,0.0841938036279073,1.34303156627634,1.05969971561285,-0.283331850663496,3.83063875586988,2.88550438724439
Error,VP0840,Congruent,OddsRatio,0.116164335063217,0.115783547188818,0.944754845382359,1.61187562943186,0.667120784049497,2.57218271881597,5.01220345322825
Error,VP0841,Congruent,OddsRatio,0.118466898373059,0.113548635243987,1.62044198353442,1.84957015198698,0.229128168452567,5.05532419291362,6.35708635428246
Error,VP0842,Congruent,OddsRatio,0.0459353292161189,0.0644222652376328,1.03178418268773,1.37612119973302,0.344337017045289,2.80606790884865,3.95951364075712
Error,VP0843,Congruent,OddsRatio,0.00965489460524143,0.0249370795984111,0.309096921991861,1.5335158629404,1.22441894094854,1.36219439069914,4.63444227583899
Error,VP0844,Congruent,OddsRatio,0.117545764853999,0.020480577317686,0.472390631215934,0.839453876996364,0.36706324578043,1.60382376500404,2.31510230085595
Error,VP0845,Congruent,OddsRatio,0.0736742138701943,0.12102114548216,1.13154080925697,1.29782371846729,0.166282909210315,3.10042999289304,3.6613199280073
Error,VP0846,Congruent,OddsRatio,0.0920340369283932,0.0553417362783611,0.787084964963286,1.25146765245009,0.464382687486809,2.19698280098643,3.49546932880057
Error,VP0847,Congruent,OddsRatio,0.105785772964812,0.127551986073253,0.025143332338351,0.214911512312755,0.189768179974404,1.02546209187082,1.23975218930826
Error,VP0848,Congruent,OddsRatio,0.106030080211654,0.104309245447632,0.314082212042016,0.628689381105478,0.314607169063462,1.36900228039408,1.87515135926472
Error,VP0849,Congruent,OddsRatio,0.117174722576617,0.0900692542757617,1.18552784139802,1.47024937395698,0.284721532558958,3.27241368108418,4.35031986228468
Error,VP0850,Congruent,OddsRatio,0.0803274419267757,0.0161958159260199,0.336539305384481,0.785746778880712,0.44920747349623,1.4000938994174,2.19404479541601
Error,VP0851,Congruent,OddsRatio,0.0799881167974043,0.092588590761825,0.896611838884401,0.881292000535454,-0.0153198383489471,2.451283681279,2.41401660321141
Error,VP0852,Congruent,OddsRatio,0.0589720715582651,0.0874681435230166,0.267332761232955,0.595228532417033,0.327895771184078,1.30647511827684,1.81344532865241
Error,VP0853,Congruent,OddsRatio,0.0945710273398666,0.086489540068734,0.649954289409387,0.970505664699287,0.3205513752899,1.91545327051245,2.63927871205974
Error,VP0854,Congruent,OddsRatio,0.108995236817441,0.101738629845244,0.476342925885724,0.603579443004692,0.127236517118968,1.61017509201204,1.82865265759281
Error,VP0855,Congruent,OddsRatio,0.1213039056882,0.104421770162825,0.655799907346854,0.95657536010606,0.300775452759207,1.92668306908692,2.60276765121629
Error,VP0856,Congruent,OddsRatio,0.124383200688184,0.121340895382074,0.133389857116892,0.280501877939858,0.147112020822966,1.14269539943777,1.32379402866564
Error,VP0857,Congruent,OddsRatio,0.102688559954419,0.110913652803889,0.667257375090913,0.772407042432838,0.105149667341925,1.94888492384553,2.16497116451023
Error,VP0858,Congruent,OddsRatio,0.120520666234529,0.0258890172042069,0.444187556830188,0.680077576215111,0.235890019384923,1.55922290110369,1.97403086413363
Error,VP0859,Congruent,OddsRatio,0.0739843362544005,0.079126105197252,0.267910658153953,0.333264967650129,0.065354309496176,1.30723034442547,1.39551701635054
Error,VP0860,Congruent,OddsRatio,0.10267598761945,0.0401961593905324,0.469182418057441,0.968977284738926,0.499794866681485,1.59868660146133,2.63524797240192
Error,VP0861,Congruent,OddsRatio,0.120415851199004,0.121064743600291,0.581055253546958,0.531966814068852,-0.0490884394781061,1.78792414891953,1.70227708077941
Error,VP0862,Congruent,OddsRatio,0.0807587742239633,0.0831510775088765,0.824204668388885,1.01235694062516,0.188152272236272,2.28006663493709,2.75207986572364
Error,VP0863,Congruent,OddsRatio,0.102213827742626,0.0940498450272489,0.356723341563324,0.390881936737639,0.0341585951743147,1.42864056970825,1.47828397208145
Error,VP0864,Congruent,OddsRatio,0.0286238202772181,0.114987124356241,0.60833670303988,0.770371213023998,0.162034509984118,1.83737275924881,2.16056813597246
Error,VP0865,Congruent,OddsRatio,0.0988821654731263,0.117819005305357,1.23168513247461,1.17777302676225,-0.0539121057123553,3.42699962159801,3.24713486253474
Error,VP0866,Congruent,OddsRatio,0.0957690631041436,0.073950209730917,1.12420152643956,1.50261963489607,0.378418108456518,3.07775835885402,4.49344485062339
Error,VP0867,Congruent,OddsRatio,0.0136429859577527,0.0148218944603075,0.519356475927913,0.777286769323546,0.257930293395633,1.68094557262505,2.1755614503562
Error,VP0868,Congruent,OddsRatio,0.0793312926582034,0.104686333029964,0.260582016747093,0.481440393517077,0.220858376769984,1.29768514140196,1.61840386255197
Error,VP0869,Congruent,OddsRatio,0.0126818025220252,0.0419927444672508,0.180787533019053,0.430702834456368,0.249915301437314,1.19816058268578,1.53833834087748
Error,VP0870,Congruent,OddsRatio,0.0969058871388047,0.100748201417073,2.42472834834883,1.52991693817374,-0.894811410175092,11.29915956698,4.61779324402949
Error,VP0871,Congruent,OddsRatio,0.103449034630171,0.122733875704817,0.944145096260847,0.98540476927412,0.041259673013273,2.57061481072668,2.67889599978723
Error,VP0872,Congruent,OddsRatio,0.0892995506016399,0.0322666798939969,0.399177399323797,0.644988897533639,0.245811498209842,1.49059802623575,1.90596586823252
Error,VP0873,Congruent,OddsRatio,0.122138443306196,0.125526326416256,0.801500742943741,0.971730242366332,0.170229499422591,2.22888340080544,2.64251269355426
Error,VP0874,Congruent,OddsRatio,0.0137643420356218,0.099176007121751,0.570641783271834,0.635612382823635,0.0649705995518012,1.76940225988741,1.88817807530688
Error,VP0875,Congruent,OddsRatio,0.10832590967981,0.0738481791027525,0.911943036246801,1.02278565766647,0.110842621419674,2.48915435479783,2.78093070505847
Error,VP0876,Congruent,OddsRatio,0.114055682467463,0.126387348927352,0.564846684821997,0.871487564788223,0.306640879966226,1.75917805334915,2.39046418030926
Error,VP0877,Congruent,OddsRatio,0.105653411868318,0.107619967372715,1.67333397495867,2.25008813050836,0.576754155549683,5.32990798783651,9.48857203218756
Error,VP0878,Congruent,OddsRatio,0.121602579374851,0.0783264568402267,0.963500180219797,1.16463157196683,0.201131391747038,2.6208538987298,3.20474194889849
Error,VP0879,Congruent,OddsRatio,0.117614293342768,0.109909035217288,0.903298281910127,1.2279708267563,0.324672544846174,2.46772896892287,3.41429430762398
Error,VP0880,Congruent,OddsRatio,0.118869450300254,0.113491044122106,0.966983957531014,1.33470295092283,0.367718993391818,2.63000029282774,3.79886732876586
Error,VP0881,Congruent,OddsRatio,0.0167314521028656,0.10150758714758,0.877079280554418,1.11570493448366,0.23862565392924,2.4038684179722,3.0517186828455
Error,VP0882,Congruent,OddsRatio,0.049246085129855,0.0940101411820395,2.09991938127072,1.6965307178797,-0.403388663391022,8.16551159286303,5.45498962784376
Error,VP0883,Congruent,OddsRatio,0.0504008333562922,0.124833601675353,0.794109717860419,0.942207125691729,0.14809740783131,2.21247039686059,2.56563785902958
Error,VP0884,Congruent,OddsRatio,0.11385928135389,0.114749135889735,0.912861809725381,1.17276058064415,0.259898770918766,2.49144237472818,3.2308994974367
Error,VP0885,Congruent,OddsRatio,0.0429191168648061,0.0532083310913941,1.39840388719562,1.64768156678245,0.249277679586829,4.04873257297139,5.19492177548035
Error,VP0886,Congruent,OddsRatio,0.0770327874746289,0.116276560787389,0.606095698052597,0.776553326467636,0.170457628415039,1.83325980802524,2.17396638536886
Error,VP0887,Congruent,OddsRatio,0.0276633882285983,0.0239359948220408,0.93767214660346,1.58254538361594,0.644873237012482,2.55402908765405,4.86732927714356
Error,VP0888,Congruent,OddsRatio,0.0764229350878333,0.10176852178213,1.18839293913411,1.33104570647488,0.14265276734077,3.28180291022013,3.78499931713105
Error,VP0889,Congruent,OddsRatio,0.059264247483147,0.108676607882585,0.318520470565798,0.542079446129522,0.223558975563724,1.37509176980229,1.71957891867502
Error,VP0890,Congruent,OddsRatio,0.0209730395524364,0.0169976793283539,0.907127600764743,0.85122258709874,-0.0559050136660025,2.47719680610592,2.34250902325312
Error,VP0891,Congruent,OddsRatio,0.124327797946245,0.106681069640886,0.710643473254677,0.685910381731175,-0.0247330915235023,2.03530049880728,1.98557864749456
Error,VP0892,Congruent,OddsRatio,0.028911563902743,0.120283692444202,0.802927896294993,0.569796869795339,-0.233131026499655,2.23206663015838,1.76790789946422
Error,VP0893,Congruent,OddsRatio,0.0987291918136294,0.0751707073421184,0.894478342327687,1.25167578859901,0.357197446271318,2.44605945090586,3.49619693804357
Error,VP0894,Congruent,OddsRatio,0.117779976677418,0.114808340064283,1.00436559982352,1.2313486002242,0.226983000400682,2.73017470000028,3.42584651974207
Error,VP0895,Congruent,OddsRatio,0.121916981057899,0.121971642569833,0.70727838874821,0.945139373873581,0.237860985125371,2.02846305137909,2.57317198654461
Error,VP0896,Congruent,OddsRatio,0.121347332265876,0.0519556420162987,0.478924315175478,0.838794120022752,0.359869804847274,1.6143369501261,2.31357539971556
Error,VP0897,Congruent,OddsRatio,0.101447688799493,0.109056191340133,1.30622924572522,1.43708477352474,0.130855527799513,3.69222495703356,4.20840945027893
Error,VP0898,Congruent,OddsRatio,0.0978940190934953,0.117093005364885,0.0570308501298497,0.192767683657446,0.135736833527596,1.0586884705685,1.21260105375223
Error,VP0899,Congruent,OddsRatio,0.0936451652506088,0.0998921621777932,0.486885926503094,0.775294935325952,0.288409008822857,1.62724097372255,2.17123240589575
Error,VP0900,Congruent,OddsRatio,0.100456319142411,0.122772994325143,0.508153866924839,0.493124640072211,-0.0150292268526276,1.66221968187442,1.63742459739094
Error,VP0901,Congruent,OddsRatio,0.0966274796039766,0.120052376385669,1.07618996667435,1.51428745469932,0.438097488024973,2.93348156972979,4.54618061284454
Error,VP0902,Congruent,OddsRatio,0.115046733693313,0.124685918502282,0.520841916897803,0.790063215485486,0.269221298587683,1.68344437349791,2.20353571943344
Error,VP0903,Congruent,OddsRatio,0.103735119787357,0.126682723797037,0.518546069597564,0.609378152096428,0.0908320824988634,1.67958387553053,1.83928728614353
Error,VP0904,Congruent,OddsRatio,0.105869894846895,0.0437499912677364,0.580204190284816,1.06453802047183,0.484333830187013,1.78640315968173,2.89949916534272
Error,VP0905,Congruent,OddsRatio,0.110821365285912,0.123329008777665,1.05823502824192,1.24103039701084,0.182795368768917,2.88128111904845,3.45917595362111
Error,VP0906,Congruent,OddsRatio,0.0331031502757177,0.0801683432407568,0.565564253716069,0.770270690489339,0.20470643677327,1.76044083781261,2.16035096110279
Error,VP0907,Congruent,OddsRatio,0.0959749053757581,0.067261414738361,0.929790593744005,1.41481854674365,0.485027952999645,2.53397849110666,4.11573958386343
Error,VP0908,Congruent,OddsRatio,0.0579164348098732,0.105211984804433,1.47261599384929,2.30811019409433,0.83549420024504,4.36062760825598,10.055403926208
Error,VP0909,Congruent,OddsRatio,0.121059732681959,0.126703447678438,0.825891913418745,1.12516971846175,0.299277805043001,2.28391691330275,3.08073966294782
Error,VP0910,Congruent,OddsRatio,0.118573274842326,0.120995323383716,0.70957608476251,0.793001084474272,0.0834249997117625,2.03312920149178,2.21001893744873
Error,VP0911,Congruent,OddsRatio,0.12020441936882,0.0326917233042616,0.37058593482262,0.755158534242161,0.384572599419541,1.44858314135436,2.12794884937392
Error,VP0912,Congruent,OddsRatio,0.116986780824646,0.111122203113895,1.18602870655464,0.999581666508689,-0.18644704004595,3.27405312961213,2.71714491795183
Error,VP0913,Congruent,OddsRatio,0.0771058205520366,0.102644019725916,1.62173246255709,4.41282062518359,2.7910881626265,5.06185219395567,82.5018423976159
Error,VP0914,Congruent,OddsRatio,0.108780446049978,0.083122380378992,1.75439578631659,2.79486368978403,1.04046790346744,5.77995435917492,16.3603985117039
Error,VP0915,Congruent,OddsRatio,0.115931697213361,0.12199170100039,2.12725839815115,2.42321929963374,0.29596090148259,8.39182819282238,11.2821214436663
Error,VP0916,Congruent,OddsRatio,0.115997500047207,0.0985943845650385,0.759122768083015,1.17542939155219,0.416306623469172,2.13640127884843,3.23953367362526
Error,VP0917,Congruent,OddsRatio,0.0829034649791998,0.0773285544015951,0.909926327461883,1.02692312510623,0.116996797644352,2.48413951378012,2.7924605510361
Error,VP0918,Congruent,OddsRatio,0.109817855377357,0.0879223990449816,-0.945047254786493,-0.358756077349422,0.58629117743707,0.388661204365573,0.698544721452169
Error,VP0919,Congruent,OddsRatio,0.0962760033356814,0.122107893904646,0.698682760893069,0.897912966070772,0.199230205177702,2.01110185993582,2.45447518894666
Error,VP0920,Congruent,OddsRatio,0.080846958564074,0.120594125886164,0.811994567086324,0.762119337153293,-0.0498752299330315,2.25239606435788,2.14281275425917
Error,VP0921,Congruent,OddsRatio,0.0635156225945001,0.0713411894289806,0.711877957877043,0.772618032130361,0.0607400742533176,2.03781459746373,2.1654279993134
Error,VP0922,Congruent,OddsRatio,0.109189566399356,0.109184374711982,0.1563825411258,0.404383929960097,0.248001388834297,1.16927341271405,1.49837910917166
Error,VP0923,Congruent,OddsRatio,0.111610330056222,0.046794343553162,0.832201827078084,1.21383435704564,0.381632529967553,2.29837379470078,3.36636779355089
Error,VP0924,Congruent,OddsRatio,0.0617258585124965,0.0740707413745969,1.25942656259229,1.56308398007174,0.303657417479454,3.52340045832878,4.77352000871991
Error,VP0925,Congruent,OddsRatio,0.118333316783041,0.119878428148519,0.67100961961243,0.607568222608394,-0.0634413970040362,1.95621135330556,1.83596131664046
Error,VP0926,Congruent,OddsRatio,0.0846113937316965,0.107521045001464,0.772097245792734,1.10655786816823,0.334460622375495,2.16430056759725,3.02393168816084
Error,VP0927,Congruent,OddsRatio,0.0841015628423977,0.116724628157838,0.0273960885239138,0.389092965241087,0.361696876717173,1.02777481196052,1.47564172834564
Error,VP0928,Congruent,OddsRatio,0.0673078247526949,0.0800195497175062,-0.0911006096149911,0.469614230200457,0.560714839815448,0.912925857159654,1.5993770828171
Error,VP0929,Congruent,OddsRatio,0.0330351374308706,0.0409057625712683,0.966853712875875,1.12645178204193,0.159598069166056,2.62965777165285,3.08469190003798
Error,VP0930,Congruent,OddsRatio,0.108990702990278,0.110433222144152,0.410365362293188,0.646486217299789,0.236120855006601,1.50736842009874,1.90882184622319
Error,VP0931,Congruent,OddsRatio,0.0918852805527232,0.12752445150397,0.985982984191853,1.00867524021502,0.022692256023172,2.68044542532467,2.74196616139218
Error,VP0932,Congruent,OddsRatio,0.0132601971885439,0.0125002420354302,0.892758383840424,1.13127665644276,0.238518272602333,2.44185594615601,3.09961111374452
Error,VP0933,Congruent,OddsRatio,0.101980655039125,0.108035337525003,0.0828969688158885,0.107531653705672,0.0246346848897831,1.08642986662597,1.11352610741635
Error,VP0934,Congruent,OddsRatio,0.0889641139202939,0.117253625441047,0.760542724431515,0.890068377146262,0.129525652714747,2.13943703021441,2.43529616419898
Error,VP0935,Congruent,OddsRatio,0.0135785327183991,0.12955651977773,0.932041673008451,1.16391583607546,0.231874163067006,2.53968910265269,3.20244902072644
Error,VP0936,Congruent,OddsRatio,0.11265309399216,0.130667165301232,0.545077767863086,0.79151448145521,0.246436713592124,1.72474250670021,2.20673595747272
Error,VP0937,Congruent,OddsRatio,0.0731541774085014,0.0474439652435939,0.927852588677661,1.35822897960572,0.430376390928061,2.52907238351913,3.8892991706231
Error,VP0938,Congruent,OddsRatio,0.0657422322035206,0.077974823823656,1.06138256718857,1.38764175868802,0.326259191499443,2.89036435100111,4.00539322286425
Error,VP0939,Congruent,OddsRatio,0.0931087850472042,0.0867259570146951,0.323837383845446,0.235384319325464,-0.0884530645199825,1.38242248461167,1.26539499104399
Error,VP0940,Congruent,OddsRatio,0.0927924309415443,0.0759393806621555,0.975380375066347,1.2524447046823,0.277064329615952,2.65217584070302,3.4988862538962
Error,VP0941,Congruent,OddsRatio,0.113024354779267,0.11029633858992,0.691899626167232,0.397162254375687,-0.294737371791545,1.99750644695951,1.48759727963865
Error,VP0942,Congruent,OddsRatio,0.117739388170474,0.116213412227841,1.12857577323053,1.68557330610037,0.556997532869839,3.09125072142687,5.39554334372943
Error,VP0943,Congruent,OddsRatio,0.101860767551474,0.126463740799858,0.881901236600697,0.987761603250806,0.105860366650109,2.41548775728274,2.68521715893487
Error,VP0944,Congruent,OddsRatio,0.117018336621962,0.113932275384876,0.545615587179745,0.745524090671041,0.199908503491296,1.72567035602185,2.10754569062566
Error,VP0945,Congruent,OddsRatio,0.0757244616789253,0.0608876146437295,0.942172233269265,1.31422685909272,0.372054625823454,2.5655483392713,3.72187234083735
Error,VP0946,Congruent,OddsRatio,0.111483258232372,0.107808637658131,0.652985364959191,0.825575240128152,0.172589875168962,1.92126796202029,2.28319377232413
Error,VP0947,Congruent,OddsRatio,0.102690073638108,0.0336600939693397,0.665496653111827,1.13684705617255,0.471350403060725,1.94545649846309,3.11692536553592
Error,VP0948,Congruent,OddsRatio,0.113297526543227,0.119071622872721,0.815227318684978,1.14241199076374,0.327184672078766,2.25968928356718,3.13431920421965
Error,VP0949,Congruent,OddsRatio,0.0244920080736503,0.0230509975513946,0.804349826213618,0.976835027978677,0.17248520176506,2.23524273004075,2.65603664339686
Error,VP0950,Congruent,OddsRatio,0.120421716451473,0.0984311991837859,0.65270720533963,0.443475848789603,-0.209231356550027,1.92073361717492,1.55811358442953
Error,VP0951,Congruent,OddsRatio,0.118898249207005,0.127054450176284,0.763031193180106,0.750945464042668,-0.0120857291374374,2.1447675821088,2.11900251050052
Error,VP0952,Congruent,OddsRatio,0.0969279888472808,0.0714222844629336,1.01439932022772,1.143071495566,0.128672175338275,2.75770640131094,3.13638698456721
Error,VP0953,Congruent,OddsRatio,0.0772132556234707,0.110111301709984,0.450902048864561,0.651821868525099,0.200919819660538,1.56972751796993,1.91903387352657
Error,VP0954,Congruent,OddsRatio,0.0413194820425853,0.0253602416291321,0.718552475171984,1.05312401436137,0.334571539189389,2.05146151888167,2.86659242030223
Error,VP0955,Congruent,OddsRatio,0.0386277904165489,0.0220259989711397,0.197629184243461,0.875778057164751,0.678148872921291,1.21851046715533,2.40074248237238
Error,VP0956,Congruent,OddsRatio,0.0372746587482136,0.109774209166692,0.821878239009501,0.970013130126207,0.148134891116706,2.27476838632087,2.63797909612522
Error,VP0957,Congruent,OddsRatio,0.115878547182056,0.121321747682971,0.696551967091353,0.875145644646806,0.178593677555453,2.00682117880209,2.39922470275616
Error,VP0958,Congruent,OddsRatio,0.116606291929964,0.0570141722608069,0.90292039300158,1.42900484696412,0.526084453962536,2.4667966176899,4.17454281519483
Error,VP0959,Congruent,OddsRatio,0.111053695426089,0.118894709328404,1.5574352337822,2.00728725576036,0.44985202197816,4.74663161962359,7.44309871256814
Error,VP0960,Congruent,OddsRatio,0.101706296262186,0.0832475727577455,0.315490418335314,0.49852376634512,0.183033348009806,1.3709314760548,1.64628916849005
Error,VP0961,Congruent,OddsRatio,0.120820041435556,0.115413392009644,1.33944998167254,1.26594423810865,-0.0735057435638811,3.81694353900793,3.54643983927541
Error,VP0962,Congruent,OddsRatio,0.106460393670981,0.0800676059313752,0.913876569231224,1.03805797426241,0.124181405031182,2.49397187276022,2.82372793378547
Error,VP0963,Congruent,OddsRatio,0.0207654392760746,0.109824218642355,-0.477060463306282,-1.25214575070486,-0.775085287398578,0.62060500432855,0.285890688088172
Error,VP0964,Congruent,OddsRatio,0.119221205958866,0.0276298732381751,0.4634936491733,1.45981122270127,0.996317573527974,1.58961786230494,4.30514673765765
Error,VP0965,Congruent,OddsRatio,0.108518445826821,0.0142478128340197,0.0777092503079117,0.367931157150372,0.29022190684246,1.0808083682821,1.44474257535437
Error,VP0966,Congruent,OddsRatio,0.10730056821511,0.117838560000823,0.0437954631105258,0.248260939901719,0.204465476791193,1.04476863930512,1.28179435985365
Error,VP0967,Congruent,OddsRatio,0.0474051289993472,0.119386360742731,1.83571952194507,1.45213209114936,-0.383587430795717,6.26964366909825,4.27221356044537
Error,VP0968,Congruent,OddsRatio,0.0981170554238647,0.103417177967315,0.539875065404715,0.839983388681483,0.300108323276768,1.71579248695374,2.31632849919102
Error,VP0969,Congruent,OddsRatio,0.12006043425104,0.113574669902599,0.364729662822605,1.0839733587786,0.719243695956,1.44012463629147,2.95640309490899
Error,VP0970,Congruent,OddsRatio,0.0132207095515774,0.118161215998664,0.664835658672967,0.760568494346658,0.095732835673691,1.94417098744118,2.13949216403553
Error,VP0971,Congruent,OddsRatio,0.0182462260729733,0.0175055063912464,0.101376779137858,0.0811223633870974,-0.0202544157507604,1.10669354225751,1.0845035919809
Error,VP0972,Congruent,OddsRatio,0.0311536533410625,0.0268952435376001,1.19774254114693,1.5185341150678,0.320791573920871,3.31263034889167,4.56552774916386
Error,VP0973,Congruent,OddsRatio,0.117955661778439,0.125338351362464,0.865920298316621,0.747707910021162,-0.118212388295458,2.37719280614311,2.11215321885964
Error,VP0974,Congruent,OddsRatio,0.0974889792269403,0.114048732219353,0.226100949716951,0.153393532460517,-0.0727074172564331,1.25370221977449,1.1657836623965
Error,VP0975,Congruent,OddsRatio,0.121837348871167,0.11118871501221,0.352159201572742,0.359995398071222,0.00783619649848011,1.42213491181204,1.43332281849564
Error,VP0976,Congruent,OddsRatio,0.116953426273793,0.0958943635494825,0.315597521427304,0.399861918681308,0.0842643972540043,1.3710783149181,1.49161871874101
Error,VP0977,Congruent,OddsRatio,0.101834485793803,0.0681719914258083,0.73732027873312,1.17871734196459,0.441397063231473,2.09032651016274,3.25020262959104
Error,VP0978,Congruent,OddsRatio,0.103866520025531,0.0838687028113976,0.419493298789814,0.598244016886124,0.17875071809631,1.52119057120241,1.81892199813238
Error,VP0979,Congruent,OddsRatio,0.0156397390366561,0.0234032628089953,0.783876010890577,1.80068573761652,1.01680972672594,2.18994408358001,6.05379735795239
Error,VP0980,Congruent,OddsRatio,0.11869569355433,0.112556209927287,2.33878125437772,3.24376542156405,0.904984167186325,10.3685921828236,25.6300482148955
Error,VP0981,Congruent,OddsRatio,0.0844154799059501,0.0909381219016209,0.863016656097494,1.15761748579496,0.294600829697468,2.37030030027634,3.18234226121392
Error,VP0982,Congruent,OddsRatio,0.084092570400582,0.0889454896505536,-0.0684581966925767,0.210518548568902,0.278976745261479,0.933832496574526,1.23431794784135
Error,VP0983,Congruent,OddsRatio,0.112630499341665,0.12400737350008,-0.365267845750609,0.205167808429135,0.570435654179743,0.694010738154032,1.22773107130037
Error,VP0984,Congruent,OddsRatio,0.0921022825806194,0.0509327144293645,0.265039009223679,0.496964854251926,0.231925845028247,1.30348182260059,1.64372474776898
Error,VP0985,Congruent,OddsRatio,0.118991833733467,0.122535966299263,0.57289691418516,0.707802388816581,0.134905474631421,1.77339699625556,2.02952624468906
Error,VP0986,Congruent,OddsRatio,0.121125996488399,0.121304692410285,0.346306585538374,0.77974268412759,0.433436098589216,1.41383601105255,2.1809110102721
Error,VP0987,Congruent,OddsRatio,0.115913099216776,0.116054246627698,0.70385215466343,0.620256876689669,-0.0835952779737614,2.02152495469165,1.85940561846459
Error,VP0988,Congruent,OddsRatio,0.0933401253285546,0.104827621600489,0.326130573699162,0.451923317713404,0.125792744014242,1.3855962794932,1.57133145066904
Error,VP0989,Congruent,OddsRatio,0.0131485116638501,0.0172740315799343,0.346450795332608,0.883210509526879,0.536759714194271,1.41403991475488,2.41865236121994
Error,VP0990,Congruent,OddsRatio,0.097739897141975,0.00664923008447733,-0.163903226749223,0.0678417981139716,0.231745024863195,0.848824161379124,1.07019598806199
Error,VP0991,Congruent,OddsRatio,0.11050555242319,0.114730196596793,2.43569793037015,2.92425154725436,0.488553616884219,11.4237889409555,18.6202844302218
Error,VP0992,Congruent,OddsRatio,0.104323410306475,0.0246591464395416,0.492223596591368,0.900443254326427,0.408219657735059,1.63594987112811,2.46069358253749
Error,VP0993,Congruent,OddsRatio,0.0221702772893458,0.0298835163679147,1.25645144591995,1.38298951598803,0.126538070068081,3.51293350880043,3.98680243943144
Error,VP0994,Congruent,OddsRatio,0.0585334752007399,0.0268224081750182,0.516510050963458,0.678506911088163,0.161996860124705,1.67616769035086,1.97093275637763
Error,VP0995,Congruent,OddsRatio,0.121379368861263,0.118186535895702,0.618303320065356,0.458345086487669,-0.159958233577686,1.85577671009445,1.58145464753846
Error,VP0996,Congruent,OddsRatio,0.115510642107988,0.119597489610933,1.26133718501303,1.73390160193652,0.472564416923489,3.53013878138743,5.66270448295074
Error,VP0997,Congruent,OddsRatio,0.0655193227786367,0.0353781561726724,0.739233590400187,0.906792851105124,0.167559260704937,2.09432978479739,2.47636770409682
Error,VP0998,Congruent,OddsRatio,0.089686948422473,0.0979167292686189,1.00334977997138,1.30860786973961,0.305258089768232,2.72740274248332,3.70101782530096
Error,VP0999,Congruent,OddsRatio,0.093389776308787,0.111839550301231,0.425642681278642,0.964544815384304,0.538902134105662,1.53057377474819,2.62359316539149
Error,VP1000,Congruent,OddsRatio,0.051385380181801,0.110054689661195,2.15365216618511,1.3208767594846,-0.832775406700515,8.61626905026882,3.74670489667628
Error,VP0001,Incongruent,OddsRatio,0.115673835545271,0.127936195697201,0.0482088840953706,0.065176644019258,0.0169677599238874,1.04938983327829,1.06734754829377
Error,VP0002,Incongruent,OddsRatio,0.120590446224682,0.0935236439701773,0.970213427603852,0.912741647840631,-0.0574717797632215,2.63850752960444,2.49114301630278
Error,VP0003,Incongruent,OddsRatio,0.121033257759527,0.0712003714785011,0.166888103596038,0.0144513564124363,-0.152436747183602,1.18162203865369,1.01455628209371
Error,VP0004,Incongruent,OddsRatio,0.120856928122566,0.108985159587661,0.584137385688658,0.499065485135221,-0.0850719005534368,1.79344326836446,1.64718123586958
Error,VP0005,Incongruent,OddsRatio,0.117766262463631,0.121186335537157,0.429316616525129,0.495102993076516,0.0657863765513875,1.53620734603792,1.64066720771886
Error,VP0006,Incongruent,OddsRatio,0.117869470397295,0.070965107498893,0.492267009748307,0.43505225522092,-0.0572147545273861,1.63602089441827,1.54504379344668
Error,VP0007,Incongruent,OddsRatio,0.119681123151929,0.127798611255646,0.669035839993403,0.740365953684169,0.0713301136907664,1.95235403121005,2.09670267018084
Error,VP0008,Incongruent,OddsRatio,0.119760457908616,0.124787463048418,0.608571442559552,0.488423577901735,-0.120147864657817,1.83780411387378,1.62974502776945
Error,VP0009,Incongruent,OddsRatio,0.117218218151095,0.0129438738979416,0.190092002909796,-0.0952814376356394,-0.285373440545435,1.20936085725693,0.909117038710678
Error,VP0010,Incongruent,OddsRatio,0.0710526382081683,0.119830001292286,0.461656242414985,0.567673039000383,0.106016796585398,1.5866997693844,1.76415714661676
Error,VP0011,Incongruent,OddsRatio,0.119961173210788,0.129213158223181,0.682815291847609,0.826711576738851,0.143896284891242,1.97944260381143,2.28578972365487
Error,VP0012,Incongruent,OddsRatio,0.0804913478090997,0.0967484905916656,0.569453269241999,0.666643876106631,0.0971906068646322,1.76730054968055,1.94768965161091
Error,VP0013,Incongruent,OddsRatio,0.0876311488942443,0.0459973462013629,0.405234306938662,0.450869221309436,0.0456349143707733,1.49965383819456,1.56967598849909
Error,VP0014,Incongruent,OddsRatio,0.013371579113673,0.0172125650189144,0.205320914596964,0.230698882170074,0.0253779675731105,1.22791905889048,1.25947993048025
Error,VP0015,Incongruent,OddsRatio,0.124041281253756,0.122778920746308,0.677144159813464,0.70303477639637,0.0258906165829064,1.96824869452127,2.01987327924113
Error,VP0016,Incongruent,OddsRatio,0.121087013723614,0.110225244488893,0.291627122927722,0.321851456888307,0.0302243339605851,1.33860378990767,1.37967981880171
Error,VP0017,Incongruent,OddsRatio,0.0819840953914847,0.0861853985733044,0.376969948004937,0.448726926447638,0.071756978442701,1.45786049709645,1.56631687908037
Error,VP0018,Incongruent,OddsRatio,0.0369243290099368,0.020794884920209,0.00132083147737305,-0.0483777282679559,-0.0496985597453289,1.00132170415945,0.95277382949034
Error,VP0019,Incongruent,OddsRatio,0.0680870033524709,0.0965885344167964,0.189231897491176,0.183222378034026,-0.00600951945715017,1.20832112663361,1.20108147252166
Error,VP0020,Incongruent,OddsRatio,0.111386417090769,0.110354233893101,0.629090041589901,0.555802824815893,-0.0732872167740083,1.87590280884472,1.74334001973932
Error,VP0021,Incongruent,OddsRatio,0.103074039306288,0.110567556353949,0.281209623578728,0.302873237501416,0.0216636139226881,1.32473126974121,1.35374284973929
Error,VP0022,Incongruent,OddsRatio,0.063405438637461,0.108140818749839,0.469205485197316,0.474837262677231,0.005631777479915,1.59872347901411,1.60775253485203
Error,VP0023,Incongruent,OddsRatio,0.126266587912874,0.129079582765248,0.406661098635466,0.400403427884302,-0.00625767075116357,1.50179505901377,1.49242666273938
Error,VP0024,Incongruent,OddsRatio,0.1180823329226,0.0489017081936018,0.297909658390215,0.273686061060708,-0.0242235973295077,1.34704008861233,1.31480196990423
Error,VP0025,Incongruent,OddsRatio,0.114651375172139,0.120999891068995,0.589316852185472,0.698149463457193,0.108832611271721,1.80275644551112,2.01002963040468
Error,VP0026,Incongruent,OddsRatio,0.119160677365872,0.122101464577704,0.377113266462923,0.517861858271707,0.140748591808785,1.45806945038792,1.67843507827502
Error,VP0027,Incongruent,OddsRatio,0.0876240399367916,0.125957531618202,0.504714422413018,0.549295783082653,0.0445813606696355,1.65651239009518,1.73203286144799
Error,VP0028,Incongruent,OddsRatio,0.116201017648255,0.11645579682965,0.277094703756891,0.333332773893828,0.056238070136937,1.31929130696212,1.39561164432558
Error,VP0029,Incongruent,OddsRatio,0.105328551058849,0.112456048612463,0.431264900317852,0.463940436041793,0.0326755357239403,1.53920323138224,1.59032824137394
Error,VP0030,Incongruent,OddsRatio,0.102734636693495,0.105290643927369,0.588606844402513,0.559849663076716,-0.0287571813257971,1.80147692869123,1.75040932936138
Error,VP0031,Incongruent,OddsRatio,0.125395111002302,0.119815207987121,0.528973190795179,0.571519160384009,0.0425459695888304,1.69718872460294,1.7709553741663
Error,VP0032,Incongruent,OddsRatio,0.113060886700629,0.0874998828102512,0.212919599369389,0.137735310225595,-0.075184289143794,1.23728516873661,1.14767173309518
Error,VP0033,Incongruent,OddsRatio,0.101288900184737,0.1168108504253,0.316348976781535,0.380502266171249,0.0641532893897143,1.37210900626968,1.46301922999334
Error,VP0034,Incongruent,OddsRatio,0.107011039640648,0.0221497474002325,0.360152177970634,0.342757868818517,-0.0173943091521168,1.43354755231936,1.40882759953391
Error,VP0035,Incongruent,OddsRatio,0.106106836801491,0.0155977268602627,0.0484805078736766,-0.0882370765185162,-0.136717584392193,1.04967491122495,0.915543797056141
Error,VP0036,Incongruent,OddsRatio,0.061153308036048,0.0500018285728663,0.0461286164014963,0.0462308148082117,0.000102198406715333,1.04720909056059,1.04731611913013
Error,VP0037,Incongruent,OddsRatio,0.116623828064409,0.066893430058138,0.344374705281283,0.28182546913705,-0.0625492361442334,1.41110728580991,1.32554735087382
Error,VP0038,Incongruent,OddsRatio,0.119435055344521,0.12054948353649,0.496135553934757,0.429158187049701,-0.0669773668850563,1.64236217138492,1.53596398479224
Error,VP0039,Incongruent,OddsRatio,0.115977426211004,0.0189769222487996,0.317281780866935,0.27778784762489,-0.0394939332420453,1.37338951229412,1.32020608264059
Error,VP0040,Incongruent,OddsRatio,0.103772199735155,0.10874253561896,0.498351764011181,0.550402418997314,0.0520506549861332,1.64600602726191,1.73395065217017
Error,VP0041,Incongruent,OddsRatio,0.0178741380968964,0.0195229880093517,0.495358470413022,0.665239248186458,0.169880777773436,1.64108641455382,1.94495579282311
Error,VP0042,Incongruent,OddsRatio,0.104805762845706,0.0898471947229755,0.492842820802992,0.517706598073738,0.0248637772707456,1.63696320460525,1.6781745043414
Error,VP0043,Incongruent,OddsRatio,0.0794211910292948,0.102649254243337,0.444288166208576,0.532236046203424,0.0879478799948485,1.55937978144222,1.70273545017262
Error,VP0044,Incongruent,OddsRatio,0.075905313476911,0.0200595003956517,-0.0936116269001616,-0.100659148958952,-0.00704752205879072,0.910636360238399,0.90424119191634
Error,VP0045,Incongruent,OddsRatio,0.0163438670480926,0.114195427140542,0.444516229879639,0.516745267133716,0.0722290372540768,1.55973545987688,1.67656199846769
Error,VP0046,Incongruent,OddsRatio,0.0213164074581088,0.0325850192039783,0.302153535674186,0.373577149130576,0.0714236134563897,1.35276890905222,1.45292265093903
Error,VP0047,Incongruent,OddsRatio,0.116156640479531,0.0907559691375694,0.320777602670107,0.229013710061661,-0.0917638926084465,1.37819903902163,1.25735927736489
Error,VP0048,Incongruent,OddsRatio,0.121824824961382,0.116063875928581,0.121961248929615,0.219141404809686,0.0971801558800716,1.12971032344784,1.24500731426329
Error,VP0049,Incongruent,OddsRatio,0.110903578654817,0.108206853348125,0.313770593981445,0.368221417705648,0.0544508237242026,1.36857574102068,1.44516198800305
Error,VP0050,Incongruent,OddsRatio,0.100829202347629,0.122788712158535,0.382933501412338,0.446458893332793,0.0635253919204556,1.46658050129364,1.56276844603319
Error,VP0051,Incongruent,OddsRatio,0.112749266277335,0.122483232807172,0.893345874057788,1.00925596566539,0.115910091607605,2.44329093411601,2.74355895336881
Error,VP0052,Incongruent,OddsRatio,0.090276033878477,0.11241326676882,0.0960223338395408,0.2686244048405,0.17260207100096,1.10078364844482,1.3081637088056
Error,VP0053,Incongruent,OddsRatio,0.122256007909497,0.0611122157184141,0.224901993171533,0.279990373071738,0.0550883799002054,1.25219998602853,1.32311707472296
Error,VP0054,Incongruent,OddsRatio,0.0777088369375017,0.0546311233239751,0.29394823137071,0.0213471230110581,-0.272601108359652,1.34171444315143,1.02157660284393
Error,VP0055,Incongruent,OddsRatio,0.101684306884591,0.0509644161961348,0.467177545894894,0.470906966487438,0.00372942059254383,1.5954846500216,1.60144599259788
Error,VP0056,Incongruent,OddsRatio,0.0782618541592007,0.118478083746363,0.153149981894577,0.287113776984466,0.133963795089889,1.16549976969827,1.33257582130929
Error,VP0057,Incongruent,OddsRatio,0.0522271111450776,0.0133586713610789,0.175717506843291,0.0533368191731557,-0.122380687670136,1.19210125063452,1.05478485705831
Error,VP0058,Incongruent,OddsRatio,0.113658892125343,0.122039612867343,0.242924354888501,0.239474196452626,-0.00345015843587421,1.27497217505821,1.2705808987085
Error,VP0059,Incongruent,OddsRatio,0.120239733051211,0.0519800530346169,0.192215150403385,0.0779040586448119,-0.114311091758573,1.21193123641134,1.08101893927266
Error,VP0060,Incongruent,OddsRatio,0.0836046627816796,0.079091468521427,0.518077134332765,0.488240558274419,-0.0298365760583453,1.67879644406272,1.6294467797353
Error,VP0061,Incongruent,OddsRatio,0.0945476210331176,0.102972882339927,0.141011774087184,0.301326968003887,0.160315193916703,1.15143820503875,1.35165121599472
Error,VP0062,Incongruent,OddsRatio,0.104585842838596,0.104402107570153,0.603913941419868,0.632553829490638,0.0286398880707694,1.82926444132332,1.88241180467965
Error,VP0063,Incongruent,OddsRatio,0.0519147557407848,0.0452972304485688,0.35274408319687,0.470884842038854,0.118140758841984,1.42296693568301,1.6014105618803
Error,VP0064,Incongruent,OddsRatio,0.121087995155518,0.111528267754378,0.656525078498102,0.646916073677968,-0.0096090048201346,1.9280807507842,1.90964254184659
Error,VP0065,Incongruent,OddsRatio,0.0945193587570833,0.0869791251095656,0.659371298783377,0.608069667474075,-0.0513016313093017,1.93357631040542,1.8368821808783
Error,VP0066,Incongruent,OddsRatio,0.0499713369574242,0.0873778122914033,0.0875000453718443,0.133251362963043,0.0457513175911988,1.0914423139637,1.14253715376362
Error,VP0067,Incongruent,OddsRatio,0.0749626537392644,0.0353825686157653,0.118122375639751,0.110546035066927,-0.00757634057282429,1.1253818222614,1.11688776387163
Error,VP0068,Incongruent,OddsRatio,0.104695814376344,0.116474813621718,0.362002811049507,0.398851928896563,0.0368491178470557,1.43620297919235,1.49011295960102
Error,VP0069,Incongruent,OddsRatio,0.119832540902939,0.0916557058274312,0.256565479470636,0.330507495436192,0.0739420159655559,1.29248339415739,1.39167421759422
Error,VP0070,Incongruent,OddsRatio,0.120133174616406,0.124138127774018,0.312665039581003,0.25475996228525,-0.0579050772957532,1.36706354215094,1.29015189858844
Error,VP0071,Incongruent,OddsRatio,0.117888516874372,0.123697883779363,0.389326196046788,0.465746840693803,0.076420644647015,1.47598593359294,1.59320361396872
Error,VP0072,Incongruent,OddsRatio,0.10230797333193,0.121692210346696,0.371239351908887,0.382781821639875,0.011542469730988,1.44952997963627,1.46635806756668
Error,VP0073,Incongruent,OddsRatio,0.112438172537791,0.118420319376413,0.181592737609628,0.166630104665789,-0.0149626329438388,1.19912573560784,1.18131722075479
Error,VP0074,Incongruent,OddsRatio,0.0839834852021851,0.0965617038035008,0.137256815151013,0.146562784391582,0.00930596924056853,1.14712270918675,1.15784762329503
Error,VP0075,Incongruent,OddsRatio,0.0990987572307489,0.11265567964175,0.411972512707895,0.434108583731636,0.0221360710237405,1.50979293563894,1.54358646739578
Error,VP0076,Incongruent,OddsRatio,0.0778807006777091,0.0897279155511489,0.54488911571574,0.508143295627286,-0.0367458200884538,1.72441716101224,1.66220211014844
Error,VP0077,Incongruent,OddsRatio,0.0940554137785035,0.106596227607566,0.247881207443312,0.243721043811457,-0.0041601636318547,1.2813077133338,1.2759883359955
Error,VP0078,Incongruent,OddsRatio,0.0892975015434861,0.0967180740790714,0.300205868793933,0.333748283829686,0.0335424150357531,1.35013672998749,1.39619165532222
Error,VP0079,Incongruent,OddsRatio,0.106067037393149,0.101364336759033,0.747897547581573,0.786963860669035,0.0390663130874611,2.11255380042473,2.19671675304493
Error,VP0080,Incongruent,OddsRatio,0.0122487143029814,0.0143347550293339,0.742888303491594,0.655410080663238,-0.0874782228283558,2.10199796324041,1.92593214299075
Error,VP0081,Incongruent,OddsRatio,0.122341360412061,0.120451572412562,0.0493301850199399,0.0340262105888258,-0.0153039744311141,1.05056717502242,1.03461172415523
Error,VP0082,Incongruent,OddsRatio,0.107174027589216,0.115189268898424,0.386727107421006,0.349290033216078,-0.0374370742049279,1.47215469636044,1.4180604153275
Error,VP0083,Incongruent,OddsRatio,0.097676686424943,0.116519676394747,0.311559989512477,0.303741228793006,-0.00781876071947057,1.36555370286765,1.35491839685244
Error,VP0084,Incongruent,OddsRatio,0.106534923931933,0.0284280196733879,0.212563861389453,0.185718113314506,-0.0268457480749478,1.23684509768972,1.20408279762598
Error,VP0085,Incongruent,OddsRatio,0.0914368613208847,0.113911753648495,0.233528740388919,0.196107025166886,-0.0374217152220329,1.26304912789243,1.21665711129691
Error,VP0086,Incongruent,OddsRatio,0.0989122183382754,0.0548735269257458,0.337461172604752,0.36275870952272,0.0252975369179684,1.40138519519875,1.43728901324558
Error,VP0087,Incongruent,OddsRatio,0.101278161358503,0.121234692150816,0.348845877451998,0.494513088555534,0.145667211103535,1.41743071547298,1.63969965612518
Error,VP0088,Incongruent,OddsRatio,0.120598214028262,0.0976210553944574,0.192447079902245,0.463238683576215,0.27079160367397,1.21221235161384,1.58921261610166
Error,VP0089,Incongruent,OddsRatio,0.019432174276841,0.0217762539165277,0.501846544521831,0.589504188306417,0.087657643784586,1.65176852050593,1.80309419854632
Error,VP0090,Incongruent,OddsRatio,0.07524268818606,0.121561798558899,0.5103613547815,0.48449378399343,-0.0258675707880696,1.66589306461946,1.62335303352337
Error,VP0091,Incongruent,OddsRatio,0.106593949640226,0.0975177286032698,0.888742789928846,1.02520284425616,0.13646005432731,2.43207010541664,2.78766086421389
Error,VP0092,Incongruent,OddsRatio,0.105964937093605,0.0979140885157121,0.444166033607821,0.492315535490481,0.0481495018826595,1.55918934196362,1.63610028547262
Error,VP0093,Incongruent,OddsRatio,0.116166012666445,0.105605745505035,0.255174572927711,0.307023202007477,0.0518486290797661,1.29068692020115,1.35937250787718
Error,VP0094,Incongruent,OddsRatio,0.119845695399058,0.0268732115777933,0.0809113109589879,0.0174126204553315,-0.0634986905036565,1.08427472901641,1.01756510389055
Error,VP0095,Incongruent,OddsRatio,0.10776814798156,0.116298808083209,0.324760886942426,0.306351304739639,-0.0184095822027873,1.38369974574408,1.35845945597605
Error,VP0096,Incongruent,OddsRatio,0.112479861299222,0.123565225651559,0.446478885164372,0.441872250893179,-0.00460663427119218,1.56279968894906,1.55561699905768
Error,VP0097,Incongruent,OddsRatio,0.0936266786816811,0.0523758775401992,0.546330863224707,0.54241027797259,-0.00392058525211669,1.72690512823786,1.72014790425207
Error,VP0098,Incongruent,OddsRatio,0.103400900454556,0.0712276963743518,0.404117889463128,0.437378027526888,0.0332601380637602,1.49798053266991,1.5486413954929
Error,VP0099,Incongruent,OddsRatio,0.0203696243319984,0.0189500124583685,0.274360701798311,0.413693002341711,0.1393323005434,1.31568928815187,1.51239275457337
Error,VP0100,Incongruent,OddsRatio,0.100564160371602,0.0952636601298795,0.189422241534125,0.349882432513342,0.160460190979218,1.20855114525267,1.41890072219504
Error,VP0101,Incongruent,OddsRatio,0.117851347782231,0.128853355716204,0.240411475278748,0.329103215123581,0.0886917398448331,1.27177234555346,1.38972128843979
Error,VP0102,Incongruent,OddsRatio,0.115348304510079,0.115966078998019,0.587617483000549,0.643713211397809,0.0560957283972601,1.79969549833598,1.9035360042005
Error,VP0103,Incongruent,OddsRatio,0.0875586826001614,0.0929596851949004,0.363713753661917,0.335427851219525,-0.0282859024423924,1.43866234338508,1.39853862369051
Error,VP0104,Incongruent,OddsRatio,0.0920706637983482,0.102946015567003,0.336598132107526,0.337454112371036,0.000855980263509526,1.40017626477608,1.40137530112667
Error,VP0105,Incongruent,OddsRatio,0.104376122134286,0.0467054234586642,0.40517731707976,0.426751512708578,0.0215741956288175,1.49956837556919,1.53227186432903
Error,VP0106,Incongruent,OddsRatio,0.0714907177227971,0.0725163941263569,0.296552580455608,0.310569402644017,0.0140168221884092,1.34521329006541,1.36420167306346
Error,VP0107,Incongruent,OddsRatio,0.113368238240312,0.117170983403435,0.475349247232703,0.433771678857207,-0.0415775683754955,1.60857589007348,1.54306651318328
Error,VP0108,Incongruent,OddsRatio,0.118823610756197,0.117997901156951,0.624711226912169,0.649132873923847,0.0244216470116779,1.86770653616719,1.9138805335579
Error,VP0109,Incongruent,OddsRatio,0.115090240293726,0.0890573200313445,0.43218299575032,0.433418329168698,0.00123533341837728,1.54061701573379,1.54252136743071
Error,VP0110,Incongruent,OddsRatio,0.0771551390458034,0.114913290279647,0.530742478572351,0.574850657463805,0.0441081788914539,1.70019419785846,1.77686514555086
Error,VP0111,Incongruent,OddsRatio,0.110130013629276,0.120965863071448,0.604925226871567,0.452708206618652,-0.152217020252916,1.83111528554832,1.57256525542763
Error,VP0112,Incongruent,OddsRatio,0.12695595653472,0.127766764540511,0.318908058142806,0.30806709829663,-0.0108409598461756,1.37562484158883,1.36079229271886
Error,VP0113,Incongruent,OddsRatio,0.0526907264777812,0.0534795726029204,0.748291142621703,0.852183561310054,0.103892418688351,2.11338545477936,2.34476119598088
Error,VP0114,Incongruent,OddsRatio,0.112368362745825,0.107450646666467,0.504012404429776,0.561759917966031,0.0577475135362546,1.65534989670125,1.75375625306201
Error,VP0115,Incongruent,OddsRatio,0.106307384271669,0.126145005969138,0.61962280246505,0.685255733447416,0.0656329309823656,1.85822699099695,1.98427921722202
Error,VP0116,Incongruent,OddsRatio,0.0886745407740004,0.12663070413418,0.282491294313125,0.317217101889273,0.0347258075761484,1.32643022756026,1.37330068573717
Error,VP0117,Incongruent,OddsRatio,0.112011807911868,0.0986786644983153,0.800781971538785,0.742687586072111,-0.0580943854666732,2.22728191877066,2.10157609797274
Error,VP0118,Incongruent,OddsRatio,0.0930898229672154,0.0401218806977387,0.477079761811003,0.473245085701769,-0.00383467610923355,1.61136196407711,1.60519474505115
Error,VP0119,Incongruent,OddsRatio,0.103852619724684,0.122802284907971,0.434768842204971,0.315449736140631,-0.11931910606434,1.54460596997077,1.37087570468805
Error,VP0120,Incongruent,OddsRatio,0.0344919432396626,0.0339481134836458,0.522718606119338,0.645430249157249,0.122711643037911,1.68660664177799,1.90680725502306
Error,VP0121,Incongruent,OddsRatio,0.0877641774462311,0.107571829210652,0.617960279442359,0.659119087910676,0.0411588084683172,1.85514021247419,1.93308870292927
Error,VP0122,Incongruent,OddsRatio,0.0845013240152923,0.0789621584765621,0.947921126024521,0.968630079972448,0.020708953947927,2.58033987827986,2.63433316056775
Error,VP0123,Incongruent,OddsRatio,0.129203522391081,0.103553918371863,0.310933872106972,0.370677995875187,0.0597441237682149,1.36469897353451,1.44871650558182
Error,VP0124,Incongruent,OddsRatio,0.101836699863263,0.114921994912364,0.3305809498227,0.459038635182998,0.128457685360299,1.3917764459246,1.58255184378152
Error,VP0125,Incongruent,OddsRatio,0.0233585388266016,0.0185122287543941,0.0484485169876444,0.0188387765392994,-0.029609740448345,1.04964133173161,1.01901734587002
Error,VP0126,Incongruent,OddsRatio,0.10526917729926,0.121225344704111,0.282054666191472,0.0956341371546401,-0.186420529036831,1.32585119724116,1.10035641081318
Error,VP0127,Incongruent,OddsRatio,0.113201796064683,0.124146047378631,0.239529529834529,0.229408632988192,-0.0101208968463373,1.27065120619176,1.25785593543478
Error,VP0128,Incongruent,OddsRatio,0.118478596207571,0.122539614560661,0.136363249715849,0.354021523716069,0.21765827400022,1.14609813781288,1.42478585283602
Error,VP0129,Incongruent,OddsRatio,0.091890853188002,0.0425402014576556,0.19461990222861,0.191444982163316,-0.00317492006529485,1.21484913727171,1.21099820480568
Error,VP0130,Incongruent,OddsRatio,0.107365979219132,0.11485591417428,0.635645882752064,0.580058134391423,-0.0555877483606403,1.88824133019677,1.78614226402542
Error,VP0131,Incongruent,OddsRatio,0.104393101831686,0.0892505060413901,0.465601284853453,0.516064287001642,0.0504630021481892,1.59297173075422,1.67542068170767
Error,VP0132,Incongruent,OddsRatio,0.0768398210279845,0.102825482343546,0.475076994041675,0.573421941578305,0.0983449475366294,1.60813800976426,1.77432832272207
Error,VP0133,Incongruent,OddsRatio,0.10379505526602,0.112053824095647,0.47222183401535,0.471918195959071,-0.000303638056278532,1.60355306688946,1.60306624106625
Error,VP0134,Incongruent,OddsRatio,0.108852834065923,0.108388881982043,0.779084021030588,0.839647243332016,0.0605632223014284,2.17947499764797,2.31555000698878
Error,VP0135,Incongruent,OddsRatio,0.0820938188135774,0.110027439194735,0.787605847416474,0.974788421806714,0.18718257439024,2.19812746887024,2.65060634115001
Error,VP0136,Incongruent,OddsRatio,0.045143107729251,0.126861243311667,0.376508601028256,0.440880845858223,0.0643722448299671,1.4571880726861,1.55407551677525
Error,VP0137,Incongruent,OddsRatio,0.121398717977271,0.122766549873366,0.575968091015915,0.646848145521314,0.070880054505399,1.7788517840436,1.90951282775452
Error,VP0138,Incongruent,OddsRatio,0.0968785947494381,0.0354816751516148,0.165483168122754,0.101666067571907,-0.063817100550847,1.17996310155823,1.10701374221216
Error,VP0139,Incongruent,OddsRatio,0.108319619720486,0.121507027620458,0.367799392594716,0.449889696178096,0.0820903035833797,1.44455222203208,1.56813920420259
Error,VP0140,Incongruent,OddsRatio,0.0577028043009908,0.119560834656556,0.498832112421786,0.517797999074589,0.0189658866528026,1.64679687356663,1.67832789818076
Error,VP0141,Incongruent,OddsRatio,0.116940441048808,0.124079499809825,0.386723123541181,0.465850590269349,0.0791274667281688,1.47214883148472,1.59336891674232
Error,VP0142,Incongruent,OddsRatio,0.117614818375762,0.120334407439201,0.496228254481612,0.570653706296706,0.0744254518150941,1.64251442631329,1.76942335664034
Error,VP0143,Incongruent,OddsRatio,0.0673732445837012,0.0210902202027314,0.181167544520987,0.195130158094129,0.0139626135731423,1.19861598401175,1.21546917934632
Error,VP0144,Incongruent,OddsRatio,0.103926185471281,0.0570879325548958,0.294298889290576,0.303241300252442,0.00894241096186693,1.34218500844602,1.3542412037639
Error,VP0145,Incongruent,OddsRatio,0.0877848168188843,0.122919267006488,0.75716202713542,0.88668953892946,0.12952751179404,2.13221645340052,2.42708157814399
Error,VP0146,Incongruent,OddsRatio,0.112473689947627,0.0859397641767893,0.399985642980778,0.433765376940533,0.0337797339597543,1.49180327963916,1.54305678893733
Error,VP0147,Incongruent,OddsRatio,0.102196428506592,0.100996064386631,0.289248556809794,0.443395488113657,0.154146931303864,1.33542361591406,1.55798837839957
Error,VP0148,Incongruent,OddsRatio,0.121674980442615,0.107904638021878,0.78313600426527,0.740043467635991,-0.0430925366292781,2.18832410991865,2.09602662183647
Error,VP0149,Incongruent,OddsRatio,0.0254953089899855,0.103344695337522,0.518800275391054,0.543228015054808,0.0244277396637539,1.68001088975478,1.72155510826332
Error,VP0150,Incongruent,OddsRatio,0.080014822324955,0.125424688002559,0.553678803100127,0.540617104997692,-0.0130616981024342,1.73964105740824,1.71706614540646
Error,VP0151,Incongruent,OddsRatio,0.0216719498486214,0.0230807078326373,0.405308383957545,0.479955549234445,0.0746471652768996,1.49976493219495,1.61600256804507
Error,VP0152,Incongruent,OddsRatio,0.125334443068083,0.105992956714689,0.584790651950014,0.460567573837478,-0.124223078112536,1.79461524710875,1.58497331914012
Error,VP0153,Incongruent,OddsRatio,0.0144535934606602,0.0864329797251143,0.234692076226528,0.302845968594143,0.0681538923676144,1.26451933321303,1.35370593515436
Error,VP0154,Incongruent,OddsRatio,0.107485400256342,0.121811279139831,0.658347542777784,0.808365919351587,0.150018376573803,1.93159781296749,2.24423772330591
Error,VP0155,Incongruent,OddsRatio,0.0699586944975145,0.0524418421142607,0.232727494748719,0.274543775862258,0.0418162811135386,1.26203752061243,1.31593017878649
Error,VP0156,Incongruent,OddsRatio,0.0388475999730443,0.118101145414413,0.466761329733209,0.450762039254105,-0.0159992904791046,1.59482072170297,1.56950775641634
Error,VP0157,Incongruent,OddsRatio,0.0988640993144461,0.0947162797186261,0.493247101913463,0.508893381096762,0.015646279183299,1.6376251317007,1.66344937151643
Error,VP0158,Incongruent,OddsRatio,0.119095069326815,0.0624646788792869,0.410089693648339,0.309140648805956,-0.100949044842383,1.5069529431587,1.36225395642232
Error,VP0159,Incongruent,OddsRatio,0.0903016834455264,0.10420125739603,0.286927208065863,0.348002150831447,0.0610749427655842,1.33232722727004,1.41623529582016
Error,VP0160,Incongruent,OddsRatio,0.0977594386502123,0.103445232782756,0.167603205507036,0.166974383273195,-0.000628822233841253,1.18246732102711,1.18172399301994
Error,VP0161,Incongruent,OddsRatio,0.0972699248263088,0.0981327041268309,0.640492811517528,0.707982297529306,0.0674894860117786,1.89741571725558,2.02989140699014
Error,VP0162,Incongruent,OddsRatio,0.119122508213593,0.117406408213931,0.317263171524088,0.338635297546153,0.021372126022065,1.37336395465563,1.40303156284046
Error,VP0163,Incongruent,OddsRatio,0.111188394707906,0.0980781673571414,0.47937312825504,0.425861790880909,-0.0535113373741304,1.61506164827898,1.53090917490257
Error,VP0164,Incongruent,OddsRatio,0.11419803127679,0.037977625897924,0.232709648512864,0.21491321760007,-0.0177964309127942,1.26201499819415,1.23975430344374
Error,VP0165,Incongruent,OddsRatio,0.0671555196648559,0.0420434796117778,0.328264751881773,0.37784658668887,0.0495818348070974,1.38855654658793,1.45913907434723
Error,VP0166,Incongruent,OddsRatio,0.108888517390076,0.115179492345595,0.393930450291316,0.428174529752053,0.0342440794607364,1.48279741696002,1.53445386545139
Error,VP0167,Incongruent,OddsRatio,0.123157401347648,0.124122037818517,0.598834608013614,0.503024396115978,-0.0958102118976361,1.8199965546066,1.65371520491858
Error,VP0168,Incongruent,OddsRatio,0.110684260181519,0.100421011779249,0.260000349919398,0.246387122072275,-0.0136132278471223,1.29693054048685,1.27939475963743
Error,VP0169,Incongruent,OddsRatio,0.0285719926976361,0.10288070464259,0.420336646749446,0.457461033526215,0.0371243867767698,1.52247400528153,1.58005717568448
Error,VP0170,Incongruent,OddsRatio,0.117815334593053,0.0326747350371188,0.0886233104568297,0.107058815509572,0.0184355050527422,1.09266898181486,1.11299971419963
Error,VP0171,Incongruent,OddsRatio,0.103999065238798,0.113635321936338,0.255522672272827,0.499462608931551,0.243939936658724,1.2911362856802,1.64783550063867
Error,VP0172,Incongruent,OddsRatio,0.0146819168676296,0.100644865722765,0.30438045162846,0.286986776363014,-0.0173936752654467,1.35578476850466,1.33240659409806
Error,VP0173,Incongruent,OddsRatio,0.113625728097797,0.11448676306332,0.772888289452006,0.792914954113547,0.0200266646615403,2.16601330117221,2.20982859591764
Error,VP0174,Incongruent,OddsRatio,0.117678402937916,0.124372268889573,0.370881979834173,0.397120963546759,0.0262389837125862,1.44901205065227,1.48753585678197
Error,VP0175,Incongruent,OddsRatio,0.108910181562516,0.0218383836892683,0.346463757386008,0.360510475170524,0.0140467177845157,1.41405824373456,1.43406128042144
Error,VP0176,Incongruent,OddsRatio,0.118147414580821,0.124833917133573,0.281442770764804,0.318370353617159,0.0369275828523556,1.32504016311646,1.37488536071484
Error,VP0177,Incongruent,OddsRatio,0.113513912614626,0.107813638785385,0.392461553716797,0.35396042976159,-0.0385011239552064,1.48062093981479,1.42469880969291
Error,VP0179,Incongruent,OddsRatio,0.119437010317428,0.119098732686964,0.34620784605552,0.275970468945878,-0.0702373771096421,1.41369641650784,1.31780894716534
Error,VP0180,Incongruent,OddsRatio,0.121330291471807,0.122372149148943,0.399515882216133,0.404034475029335,0.00451859281320227,1.49110265356602,1.49785558468325
Error,VP0181,Incongruent,OddsRatio,0.078976187916396,0.060467765173272,0.61517712294427,0.749863543543885,0.134686420599615,1.84998424519705,2.11671115800157
Error,VP0182,Incongruent,OddsRatio,0.112280565379007,0.104551513605644,0.624717116113771,0.625194957517204,0.000477841403432655,1.8677175354999,1.86861022153247
Error,VP0183,Incongruent,OddsRatio,0.053484758737243,0.104656741670826,0.289042212796467,0.378050372037002,0.0890081592405356,1.33514808767344,1.45943645581144
Error,VP0184,Incongruent,OddsRatio,0.106597942798426,0.0952906618809384,0.430584721389063,0.45400682245444,0.0234221010653768,1.53815665374751,1.57460874013476
Error,VP0185,Incongruent,OddsRatio,0.114054473338102,0.118040112626921,0.243443856065912,0.203190533025225,-0.0402533230406865,1.2756346966798,1.22530590724921
Error,VP0186,Incongruent,OddsRatio,0.033786223949862,0.0911185675243142,0.0287668559925029,0.262014355664887,0.233247499672384,1.02918461827535,1.29954519813084
Error,VP0187,Incongruent,OddsRatio,0.106072185493267,0.0518156127900348,0.272289957213913,0.249915419154367,-0.0223745380595461,1.31296765056436,1.28391681732496
Error,VP0188,Incongruent,OddsRatio,0.120206508722683,0.111594974313608,0.627138729673398,0.561891119715481,-0.0652476099579166,1.87224590637864,1.75398636404567
Error,VP0189,Incongruent,OddsRatio,0.0902050796911364,0.0630670350564648,0.533520392110319,0.584419577675093,0.0508991855647738,1.70492375644887,1.79394943509766
Error,VP0190,Incongruent,OddsRatio,0.121918022417056,0.122097447564519,0.235013808272677,0.25355856445429,0.0185447561816125,1.26492623505867,1.28860284359784
Error,VP0191,Incongruent,OddsRatio,0.125157352780159,0.112349639380687,0.629817238049288,0.540862630598698,-0.0889546074505901,1.8772674548482,1.7174877808628
Error,VP0192,Incongruent,OddsRatio,0.0757902801225024,0.0749561403365047,0.275909115519559,0.235875143894276,-0.0400339716252828,1.31772809755142,1.26601623044216
Error,VP0193,Incongruent,OddsRatio,0.0297050107590733,0.0249445117514588,0.0989202057967709,0.104587482474253,0.00566727667748168,1.10397820498296,1.11025251725511
Error,VP0194,Incongruent,OddsRatio,0.118794257851091,0.117112083209403,0.399571442969447,0.397620896168863,-0.00195054680058415,1.49118550265428,1.48827971040618
Error,VP0195,Incongruent,OddsRatio,0.121081735772092,0.108024163112455,0.406094052937527,0.393156718802176,-0.0129373341353519,1.50094371398495,1.48165057363811
Error,VP0196,Incongruent,OddsRatio,0.0522398387168263,0.125201382512433,0.492240691183216,0.482582192350013,-0.00965849883320291,1.63597783726247,1.62025280955535
Error,VP0197,Incongruent,OddsRatio,0.055549714197163,0.0752593214556801,0.447217143948197,0.58570143817319,0.138484294224994,1.56395386553487,1.79625050252273
Error,VP0198,Incongruent,OddsRatio,0.0129465263574498,0.112544910148482,0.227587618282544,0.24331393368776,0.0157263154052159,1.255567445598,1.27546897395214
Error,VP0199,Incongruent,OddsRatio,0.122976873594488,0.109456370775159,0.245831332260462,0.353530845819908,0.107699513559447,1.27868388263213,1.42408691340236
Error,VP0200,Incongruent,OddsRatio,0.105861698967656,0.123038957920693,0.367205251404495,0.489264998316818,0.122059746912323,1.44369420897124,1.63111690558926
Error,VP0201,Incongruent,OddsRatio,0.102768882491602,0.124464344245404,0.327640388641329,0.335498162927942,0.00785777428661277,1.38768985351676,1.39863696078751
Error,VP0202,Incongruent,OddsRatio,0.0735660954496991,0.10663143326492,0.725720752327938,0.750802603507039,0.0250818511791009,2.06621979613952,2.11869981028935
Error,VP0203,Incongruent,OddsRatio,0.0722679513719517,0.0988108154183231,0.271332438840441,0.282231599214543,0.0108991603741017,1.31171106161468,1.32608580485593
Error,VP0204,Incongruent,OddsRatio,0.0998984895839245,0.0679698388905447,0.307858024614837,0.36772319220354,0.0598651675887037,1.36050781660334,1.44444215078148
Error,VP0205,Incongruent,OddsRatio,0.119093739617543,0.118041564754131,0.563450820379298,0.582302154463713,0.0188513340844146,1.75672419228324,1.79015490365595
Error,VP0206,Incongruent,OddsRatio,0.11544283858156,0.118637446959269,0.691854858912696,0.654694629919999,-0.0371602289926962,1.99741702608154,1.92455472620331
Error,VP0207,Incongruent,OddsRatio,0.104021171481385,0.018549305186589,0.271211643030011,0.333174794504524,0.0619631514745128,1.31155262198356,1.39539118386487
Error,VP0208,Incongruent,OddsRatio,0.0833397321706779,0.117115572943098,0.537722042636332,0.591683992921681,0.0539619502853483,1.71210232059509,1.8070288784608
Error,VP0209,Incongruent,OddsRatio,0.0274003157856601,0.0139329805346247,0.092783720040333,-0.0437440739019975,-0.136527793942331,1.09722440195439,0.95719889830739
Error,VP0210,Incongruent,OddsRatio,0.115007687309262,0.106113690200389,0.979060299634394,0.999302722781997,0.0202424231476029,2.66195362746276,2.71638709312261
Error,VP0211,Incongruent,OddsRatio,0.118469689221489,0.0970094242576919,0.805265245171002,0.818263504553077,0.0129982593820757,2.23728985045364,2.26656054617293
Error,VP0212,Incongruent,OddsRatio,0.0902200735774075,0.100069574026137,0.181549542953948,0.207735173436507,0.0261856304825591,1.19907394090321,1.23088715476684
Error,VP0213,Incongruent,OddsRatio,0.108293191149814,0.0564098790257324,0.316235202410198,0.293045752938145,-0.0231894494720526,1.37195290431045,1.34050412103078
Error,VP0214,Incongruent,OddsRatio,0.122854138845046,0.124635787328319,0.903836470385903,0.891985789917235,-0.0118506804686687,2.46905742966435,2.43997011167664
Error,VP0215,Incongruent,OddsRatio,0.0801614353940943,0.033128569756681,0.204023193670179,0.18762910064372,-0.0163940930264593,1.22632659614097,1.20638598457519
Error,VP0216,Incongruent,OddsRatio,0.117780826488832,0.128379744239591,0.73119125909444,1.15406626513603,0.422875006041586,2.07755403927615,3.17106110442632
Error,VP0217,Incongruent,OddsRatio,0.121024059735429,0.108180499077273,0.384667847015891,0.45382035474194,0.0691525077260495,1.46912626571786,1.57431515381794
Error,VP0218,Incongruent,OddsRatio,0.0292760889744248,0.0372399908809571,0.464378673524781,0.62916865002968,0.1647899765049,1.59102533555481,1.87605027643372
Error,VP0219,Incongruent,OddsRatio,0.0807384182059092,0.0932841528597046,0.178295043215008,0.0362243662887215,-0.142070676926287,1.19517789834914,1.03688846321058
Error,VP0220,Incongruent,OddsRatio,0.0692708480628499,0.120313006901409,0.245781872894838,0.207551633074731,-0.0382302398201076,1.27862064130242,1.23066125802437
Error,VP0221,Incongruent,OddsRatio,0.0623753215173155,0.0781991780930763,0.369662645205477,0.414694076132354,0.0450314309268769,1.44724629682268,1.51390752939531
Error,VP0222,Incongruent,OddsRatio,0.0655234979244643,0.0633171920912693,0.507713109934656,0.564894679988385,0.0571815700537293,1.66148720836368,1.75926248741873
Error,VP0223,Incongruent,OddsRatio,0.122410343139906,0.0641413769808225,0.260746139390091,0.284743369242941,0.0239972298528504,1.29789813839548,1.32942081407037
Error,VP0224,Incongruent,OddsRatio,0.0935595207736554,0.0542491118911207,0.236069967178912,0.26998234964274,0.0339123824638279,1.26626290391066,1.30994132959674
Error,VP0225,Incongruent,OddsRatio,0.118504214368998,0.122509686857787,0.185010458653306,0.215512335610972,0.0305018769576664,1.20323102423802,1.24049728512066
Error,VP0226,Incongruent,OddsRatio,0.0287762446526665,0.120858131243396,0.0468768986053182,0.220283587459227,0.173406688853908,1.04799299173981,1.24643015243204
Error,VP0227,Incongruent,OddsRatio,0.111033758439246,0.124500596760872,0.14415881600224,0.138295548170011,-0.00586326783222901,1.1550675371674,1.14831488248932
Error,VP0228,Incongruent,OddsRatio,0.0585637927352622,0.0777210191450131,0.407065418155347,0.479505086968564,0.0724396688132171,1.50240238683996,1.61527478379858
Error,VP0229,Incongruent,OddsRatio,0.047041590561757,0.0346794122695762,0.725345618831803,0.878576135957031,0.153230517125228,2.06544483324997,2.40746935577006
Error,VP0230,Incongruent,OddsRatio,0.102313260781845,0.0929879182978507,0.488547156699345,0.503977529943882,0.015430373244537,1.62994644214541,1.65529216823126
Error,VP0231,Incongruent,OddsRatio,0.0760638268123001,0.0826812216450561,0.0543178580256484,0.186153199382694,0.131835341357046,1.05582014973224,1.20460679125907
Error,VP0232,Incongruent,OddsRatio,0.0982933719102486,0.0581608055416571,0.363210390470463,0.399893158741816,0.0366827682713526,1.43793835594609,1.49166531772791
Error,VP0233,Incongruent,OddsRatio,0.0384464740329634,0.0252421478558678,0.259016717322639,0.328318772841952,0.0693020555193124,1.29565546453743,1.38863155977196
Error,VP0234,Incongruent,OddsRatio,0.119383416769396,0.124152618517894,0.443492487324422,0.504991348923213,0.0614988615987913,1.55813950937233,1.65697118581388
Error,VP0235,Incongruent,OddsRatio,0.0583829408210352,0.0960011862300353,0.468557469487644,0.518096678161844,0.0495392086741997,1.59768781668326,1.6788292544941
Error,VP0236,Incongruent,OddsRatio,0.09253435099862,0.0923156087878214,0.884418706854842,0.979335634984805,0.0949169281299637,2.42157633655394,2.66268665830758
Error,VP0237,Incongruent,OddsRatio,0.0844783324216091,0.0529039259656384,0.888875102539029,0.947912105174521,0.0590370026354919,2.43239192025004,2.58031660152586
Error,VP0238,Incongruent,OddsRatio,0.0456632815756719,0.0463157134871926,0.416474399068312,0.491709281422561,0.0752348823542494,1.51660517431986,1.6351086936277
Error,VP0239,Incongruent,OddsRatio,0.120469162467316,0.0392009912395436,0.329359564155384,0.323467270850988,-0.00589229330439539,1.39007758781311,1.38191092675923
Error,VP0240,Incongruent,OddsRatio,0.0283642214529539,0.0310111414059279,0.210433453021692,0.26745875546794,0.0570253024462478,1.23421291734903,1.30663973698018
Error,VP0241,Incongruent,OddsRatio,0.117262375750813,0.125495051222097,0.58259713029061,0.642068578353711,0.0594714480631007,1.79068303396793,1.90040795893573
Error,VP0242,Incongruent,OddsRatio,0.0874785643290036,0.112063447498963,0.478583147186351,0.513983827241374,0.0354006800550232,1.61378628397523,1.67193865975708
Error,VP0243,Incongruent,OddsRatio,0.108398881437321,0.109889435448463,0.430720284474315,0.515118670929006,0.0843983864546909,1.53836518514335,1.67383712581857
Error,VP0244,Incongruent,OddsRatio,0.0432163057779074,0.100566449944745,0.227066782012782,0.216270728177647,-0.0107960538351352,1.25491367080279,1.24143842587264
Error,VP0245,Incongruent,OddsRatio,0.0586073668865962,0.11931582552538,0.285068261382014,0.168192842321427,-0.116875419060587,1.32985280261342,1.18316475288694
Error,VP0246,Incongruent,OddsRatio,0.0328203970180103,0.113871772590329,0.441094419079885,0.544957469876705,0.103863050796819,1.55440746113603,1.72453503612902
Error,VP0247,Incongruent,OddsRatio,0.119519469385989,0.0184497691115142,0.242953930106085,0.230752058170179,-0.0122018719359057,1.27500988319532,1.2595469063659
Error,VP0248,Incongruent,OddsRatio,0.0766187763782923,0.0635488142900272,0.854563022081566,0.996634677597317,0.142071655515751,2.35034710635704,2.70914930927973
Error,VP0249,Incongruent,OddsRatio,0.0937176584740641,0.0303469417982264,0.474293878521809,0.403324475496197,-0.0709694030256123,1.60687914491337,1.49679248536209
Error,VP0250,Incongruent,OddsRatio,0.0168212559496805,0.0148732196459583,0.380983804831529,0.389015929974575,0.00803212514304635,1.46372389996262,1.47552805627026
Error,VP0251,Incongruent,OddsRatio,0.0246222219153572,0.0207384062286682,0.682841175086593,0.763168158859945,0.0803269837733521,1.97949383886047,2.14506136177719
Error,VP0252,Incongruent,OddsRatio,0.0812884608408482,0.0844277622042369,0.641073365174175,0.704867804887822,0.0637944397136468,1.89851758870521,2.02357915996594
Error,VP0253,Incongruent,OddsRatio,0.114545850997799,0.116055740166887,0.865063176352757,0.894924336832564,0.029861160479807,2.37515613493912,2.44715062328992
Error,VP0254,Incongruent,OddsRatio,0.111435353286658,0.096982613413901,0.788668198159719,0.771415949335531,-0.0172522488241885,2.20046389205126,2.1628265394703
Error,VP0255,Incongruent,OddsRatio,0.0456122412394374,0.124753611211318,0.182106543932256,0.296720662205541,0.114614118273285,1.19974201230229,1.34543941487243
Error,VP0256,Incongruent,OddsRatio,0.0760768681142217,0.0528327814014133,0.23715823987906,0.205833826998672,-0.0313244128803873,1.26764169337359,1.22854903535164
Error,VP0257,Incongruent,OddsRatio,0.102421720960126,0.123222378220747,0.350941986121821,0.302508576037738,-0.0484334100840824,1.42040492032387,1.35324928188832
Error,VP0258,Incongruent,OddsRatio,0.101074948187598,0.0329259238574183,0.57258548984605,0.513381035930823,-0.059204453915227,1.77284480325565,1.67093113335579
Error,VP0259,Incongruent,OddsRatio,0.099093360594027,0.0339726553546985,0.532949756956957,0.515793202680134,-0.0171565542768225,1.7039511445493,1.67496656298395
Error,VP0260,Incongruent,OddsRatio,0.116687905019866,0.111812266269175,0.906261288391907,0.781969205270292,-0.124292083121615,2.47505170915901,2.18577226458131
Error,VP0261,Incongruent,OddsRatio,0.122096207279953,0.119455383400934,0.557153345485967,0.606259324741121,0.0491059792551539,1.74569602703113,1.83355980279974
Error,VP0262,Incongruent,OddsRatio,0.0491596714955864,0.120885698690822,0.57253128158848,0.673245406080864,0.100714124492384,1.77274870303266,1.9605899171216
Error,VP0263,Incongruent,OddsRatio,0.0278999125731348,0.0268963660729406,-0.30952808893547,-0.433399109365599,-0.123871020430129,0.733793159640364,0.648301696885712
Error,VP0264,Incongruent,OddsRatio,0.129910373063364,0.133359804121325,0.733896526191208,0.75521404797159,0.0213175217803816,2.0831819869789,2.12806698302957
Error,VP0265,Incongruent,OddsRatio,0.111057504046107,0.0990731676167432,0.585421809139188,0.610903051656771,0.0254812425175828,1.7957482889499,1.84209415406944
Error,VP0266,Incongruent,OddsRatio,0.0576922639163912,0.0955745718626827,0.358208248133122,0.361404568344271,0.00319632021114985,1.43076354329472,1.43534403819003
Error,VP0267,Incongruent,OddsRatio,0.0977984184877804,0.110455161590855,0.549477323909202,0.579980983634993,0.0305036597257909,1.73234732466836,1.78600446711429
Error,VP0268,Incongruent,OddsRatio,0.0719086915347734,0.0955014922855708,0.414534505623165,0.405121118319959,-0.0094133873032059,1.51366597367308,1.49948410405425
Error,VP0269,Incongruent,OddsRatio,0.0792798698336036,0.0505696316625833,0.860266172730242,0.966022256386105,0.105756083655863,2.36378978635958,2.62747223434823
Error,VP0270,Incongruent,OddsRatio,0.0817939912071899,0.0992695749685216,0.418783910180174,0.497536154576674,0.078752244396501,1.52011183860365,1.64466407654504
Error,VP0271,Incongruent,OddsRatio,0.0570410608832233,0.0342111937913404,0.331964357777913,0.392661207243971,0.0606968494660584,1.39370317294923,1.48091658051971
Error,VP0272,Incongruent,OddsRatio,0.0133896180342859,0.107486926553078,0.620977796623307,0.766881445724969,0.145903649101662,1.8607465843461,2.1530413968669
Error,VP0273,Incongruent,OddsRatio,0.0893499879218303,0.0913133992565221,0.557694984910736,0.613838730601872,0.0561437456911362,1.74664182093954,1.84750989664366
Error,VP0274,Incongruent,OddsRatio,0.114432027916664,0.102631915931546,0.604309837199072,0.630670369113911,0.0263605319148398,1.82998878276709,1.87886969339309
Error,VP0275,Incongruent,OddsRatio,0.0737534334726715,0.0514975132140892,0.632967611036374,0.722088241358716,0.0891206303223424,1.88319087311685,2.05872784559959
Error,VP0276,Incongruent,OddsRatio,0.117769808005786,0.126148971404332,0.460781029230365,0.487686918638386,0.0269058894080206,1.58531167635347,1.6285449030936
Error,VP0277,Incongruent,OddsRatio,0.102464794645704,0.114753954901544,0.550072544019186,0.467561143307001,-0.0825114007121846,1.73337875956843,1.59609679120478
Error,VP0278,Incongruent,OddsRatio,0.105057099519912,0.0462421739481769,0.510592896152944,0.490252654442991,-0.0203402417099535,1.66627883244321,1.63272868400396
Error,VP0279,Incongruent,OddsRatio,0.0147439557287829,0.115106510548905,0.248864952666295,0.24375140627681,-0.00511354638948502,1.28256881387507,1.2760270787353
Error,VP0280,Incongruent,OddsRatio,0.0445508558699187,0.065045711100414,0.646027424892491,0.693343364088558,0.0473159391960671,1.90794629411695,2.00039240554772
Error,VP0281,Incongruent,OddsRatio,0.118741358491633,0.115166427709788,0.347319859989129,0.369092297444013,0.0217724374548842,1.41526934101578,1.44642109848439
Error,VP0282,Incongruent,OddsRatio,0.0850563500453375,0.0754868256462583,0.695929356706292,0.835979371447933,0.140050014741641,2.00557209998028,2.30707242307208
Error,VP0283,Incongruent,OddsRatio,0.0899376768720903,0.121802254918803,0.377666077704328,0.346268000876369,-0.0313980768279591,1.45887571040511,1.41378145972036
Error,VP0284,Incongruent,OddsRatio,0.116863948941355,0.108697928428024,0.626336466505966,0.636393941764829,0.0100574752588636,1.87074447479973,1.88965437459651
Error,VP0285,Incongruent,OddsRatio,0.0462407568525805,0.116650049279602,0.394002703075013,0.480743330942246,0.0867406278672329,1.48290455707159,1.61727612688526
Error,VP0286,Incongruent,OddsRatio,0.0701659085409756,0.0505427141958944,0.735296165530452,0.803299684103327,0.0680035185728747,2.08609973185762,2.232896639603
Error,VP0287,Incongruent,OddsRatio,0.118150277686197,0.0143925088783547,0.232800181346319,0.104633183824694,-0.128166997521625,1.26212925715982,1.11030325845394
Error,VP0288,Incongruent,OddsRatio,0.120009959841037,0.121790197718804,0.46877088480233,0.617572064368003,0.148801179565673,1.59802882411823,1.85442015885554
Error,VP0289,Incongruent,OddsRatio,0.0916787984115763,0.0972375025554109,0.634702505903052,0.679153103551207,0.0444505976481552,1.88646084700588,1.97220676985459
Error,VP0290,Incongruent,OddsRatio,0.100705010994559,0.101413772661853,0.640473289740305,0.661782576489976,0.0213092867496704,1.8973786766902,1.93824432553536
Error,VP0291,Incongruent,OddsRatio,0.100720943582484,0.122623694315086,0.487345081129413,0.510691978744491,0.0233468976150782,1.62798830049992,1.66644393984766
Error,VP0292,Incongruent,OddsRatio,0.00710894834227431,0.11178912447675,0.280593924198285,0.432485877370418,0.151891953172133,1.32391588456101,1.5410837109846
Error,VP0293,Incongruent,OddsRatio,0.0598978304028005,0.0279605623950677,0.634372273648502,0.724476968612444,0.0901046949639419,1.88583797963836,2.06365146316092
Error,VP0294,Incongruent,OddsRatio,0.114711733334231,0.115623488524271,0.460369755800466,0.411612845461309,-0.0487569103391576,1.58465981383893,1.50925001021296
Error,VP0295,Incongruent,OddsRatio,0.0982613619993313,0.118883847659365,0.641668586687247,0.747200409984123,0.105531823296876,1.89964796359531,2.111081572976
Error,VP0296,Incongruent,OddsRatio,0.111033758884474,0.120349462451893,0.458656111598476,0.441055096863198,-0.0176010147352779,1.58194659614567,1.55434633959075
Error,VP0297,Incongruent,OddsRatio,0.100357179128463,0.122081528719043,0.103418160307617,0.221499345134461,0.118081184826844,1.10895503311245,1.24794643098338
Error,VP0298,Incongruent,OddsRatio,0.114005672325202,0.113726831071096,0.231334872290797,0.300969166608191,0.069634294317394,1.26028120204667,1.35116767981326
Error,VP0299,Incongruent,OddsRatio,0.072172577291057,0.0168358878662536,0.398237917574148,0.352983833555285,-0.0452540840188631,1.48919829420834,1.42330813341536
Error,VP0300,Incongruent,OddsRatio,0.121009063259202,0.0350058020127321,-0.0719855674529835,-0.0746385669302038,-0.00265299947722025,0.930544325839024,0.92807886410946
Error,VP0301,Incongruent,OddsRatio,0.11006099120917,0.100532264212608,0.799985512984224,0.743570311362183,-0.0564152016220408,2.22550868727947,2.10343203136259
Error,VP0302,Incongruent,OddsRatio,0.0893777090433501,0.11707892333351,0.65271579889637,0.706331311696143,0.0536155127997733,1.92075012317917,2.02654285000502
Error,VP0303,Incongruent,OddsRatio,0.0209888631483125,0.021893837166228,0.185677222008158,0.228934556187434,0.0432573341792762,1.20403356211409,1.25725975644558
Error,VP0304,Incongruent,OddsRatio,0.119179254084659,0.118116973141637,0.671153181765691,0.714569892532074,0.0434167107663824,1.95649221137949,2.04330765135311
Error,VP0305,Incongruent,OddsRatio,0.0748463361104515,0.125722737539471,0.46575823737597,0.622532987596106,0.156774750220136,1.5932217713074,1.86364265202218
Error,VP0306,Incongruent,OddsRatio,0.0911579920144289,0.122254680939402,0.510550368786788,0.501943179585023,-0.00860718920176495,1.66620797149996,1.65192814697392
Error,VP0307,Incongruent,OddsRatio,0.0346338941451465,0.0313370838087562,0.018069346726943,0.0202850269124943,0.00221568018555124,1.01823358510791,1.02049216630952
Error,VP0308,Incongruent,OddsRatio,0.111878789468566,0.117755365964966,0.437795505789623,0.502189833847797,0.0643943280581747,1.54928805458596,1.65233565234757
Error,VP0309,Incongruent,OddsRatio,0.109879740254888,0.126947753530951,0.422161515546895,0.517000561672485,0.0948390461255909,1.52525485716189,1.67699007022968
Error,VP0310,Incongruent,OddsRatio,0.104398893022881,0.0726817861347635,0.356959166276263,0.325237109825822,-0.0317220564504414,1.42897751818932,1.38435885215507
Error,VP0311,Incongruent,OddsRatio,0.103990665158646,0.118511434080634,0.077397930715555,0.0943837347266626,0.0169858040111076,1.08047194383195,1.09898138233409
Error,VP0312,Incongruent,OddsRatio,0.101784095083669,0.0794564948516658,0.540586869450199,0.562490342108747,0.021903472658548,1.71701422975632,1.75503770691513
Error,VP0313,Incongruent,OddsRatio,0.117586747023605,0.12919898467069,0.883153650206974,0.978899462174991,0.095745811968017,2.41851484220125,2.66152552003305
Error,VP0314,Incongruent,OddsRatio,0.112924999627019,0.123190105740957,0.558248788492862,0.578643821505527,0.0203950330126642,1.74760938533225,1.78361788555665
Error,VP0315,Incongruent,OddsRatio,0.00979620245077129,0.126065809705765,0.420400399614447,0.436776418154874,0.0163760185404272,1.52257107045532,1.54770999851216
Error,VP0316,Incongruent,OddsRatio,0.083003436929591,0.0947149392366096,0.578178433844242,0.603622937987043,0.0254445041428012,1.78278800492335,1.82873219653764
Error,VP0317,Incongruent,OddsRatio,0.0863539464561965,0.0967829056472011,0.634656144742887,0.779872750547641,0.145216605804753,1.88637339051971,2.18119469200799
Error,VP0318,Incongruent,OddsRatio,0.0222650129274599,0.0212952630694402,0.216333803469705,0.286615031628708,0.0702812281590031,1.2415167324335,1.33191137101674
Error,VP0319,Incongruent,OddsRatio,0.116643359803842,0.111431218396404,0.385624648887068,0.35992873916835,-0.0256959097187179,1.4705326011628,1.43322727795344
Error,VP0320,Incongruent,OddsRatio,0.1112598673498,0.119499288191651,0.367805894257475,0.322357474403709,-0.0454484198537654,1.444561614054,1.38037813762155
Error,VP0321,Incongruent,OddsRatio,0.103009131013015,0.0226162184822334,0.262652527534157,0.067375872769582,-0.195276654764575,1.30037479600399,1.06969747277216
Error,VP0322,Incongruent,OddsRatio,0.0567760900054527,0.118618659715039,0.429011492145516,0.549685217595059,0.120673725449543,1.53573868322836,1.7327075061773
Error,VP0323,Incongruent,OddsRatio,0.122355469137771,0.123564556149717,0.401132461980322,0.515714923718608,0.114582461738285,1.49351508936418,1.67483545347243
Error,VP0324,Incongruent,OddsRatio,0.0694235593626601,0.1182329704431,0.5629073527808,0.62891758710212,0.06601023432132,1.75576972898867,1.87557932888028
Error,VP0325,Incongruent,OddsRatio,0.115710638341224,0.122897314088062,0.368741077852461,0.492232653989976,0.123491576137515,1.4459131762583,1.6359646886453
Error,VP0326,Incongruent,OddsRatio,0.108884038955867,0.0155884016111848,0.225934060013538,0.0315925465388161,-0.194341513474722,1.25349300724105,1.03209688817062
Error,VP0327,Incongruent,OddsRatio,0.0591205118623969,0.0380482971484908,0.685657851527636,0.791147553509347,0.105489701981711,1.98507729222091,2.20592639291579
Error,VP0328,Incongruent,OddsRatio,0.107028599705352,0.116704946312941,0.247694988183028,0.20135033293048,-0.0463446552525484,1.28106913137419,1.22305317257958
Error,VP0329,Incongruent,OddsRatio,0.0613816286761351,0.123290967601989,0.53357836182728,0.530388704197682,-0.00318965762959889,1.70502259326121,1.69959281910177
Error,VP0330,Incongruent,OddsRatio,0.10528836105723,0.110089832173894,0.420703049352002,0.538301624340126,0.117598574988123,1.5230319459286,1.71309491139108
Error,VP0331,Incongruent,OddsRatio,0.112920782099695,0.110472033803169,0.211753478900398,0.203059116032953,-0.00869436286744479,1.23584318610151,1.22514489181258
Error,VP0332,Incongruent,OddsRatio,0.114039281629998,0.127260342073039,0.578724807525837,0.507147601818108,-0.0715772057077293,1.78376233952025,1.66054788948307
Error,VP0333,Incongruent,OddsRatio,0.102446238390945,0.0210717915617422,0.553732183268317,0.552223921242028,-0.00150826202628862,1.73973392221902,1.73711192543444
Error,VP0334,Incongruent,OddsRatio,0.0979191782617168,0.118460706020036,0.873117370113077,0.872931004444874,-0.000186365668202293,2.39436334813835,2.39391716259118
Error,VP0335,Incongruent,OddsRatio,0.120554456451551,0.125898395213123,0.353115326611392,0.444189352161188,0.0910740255497953,1.42349530085694,1.55922570042741
Error,VP0336,Incongruent,OddsRatio,0.0253934321688829,0.0932887169326352,0.188650728612725,0.246997175308064,0.0583464466953384,1.20761909201973,1.28017549667176
Error,VP0337,Incongruent,OddsRatio,0.124809339956042,0.124141626805916,0.4777470559029,0.500201749290088,0.0224546933871873,1.61243757523022,1.64905393260207
Error,VP0338,Incongruent,OddsRatio,0.0501878489464151,0.0448269966200609,0.45561826092653,0.486020036409716,0.0304017754831865,1.57714817075569,1.62583257173253
Error,VP0339,Incongruent,OddsRatio,0.0620411517047365,0.109753496498598,0.396697247744151,0.463645477691714,0.0669482299475634,1.48690569784608,1.5898592299526
Error,VP0340,Incongruent,OddsRatio,0.105707528523909,0.120485761471239,0.451653904226197,0.424378495299895,-0.0272754089263023,1.57090816980471,1.52864006738312
Error,VP0341,Incongruent,OddsRatio,0.0475088527101839,0.0462423050599479,0.254593920012764,0.321587144186923,0.066993224174159,1.28993769661913,1.37931520009056
Error,VP0342,Incongruent,OddsRatio,0.111868005123293,0.0541728456224145,0.0632512443321755,-0.00537581785764127,-0.0686270621898168,1.06529445480532,0.994638605992939
Error,VP0343,Incongruent,OddsRatio,0.103535136577049,0.101073102365097,0.634594510639892,0.690934675060809,0.0563401644209176,1.88625712917074,1.9955798805741
Error,VP0344,Incongruent,OddsRatio,0.103092077194642,0.0659342525474387,0.5832980065161,0.66126287934332,0.0779648728272195,1.79193852105296,1.93723728719
Error,VP0345,Incongruent,OddsRatio,0.0944695382453272,0.127245532242938,0.247939633912458,0.310853424043585,0.0629137901311274,1.28138257780639,1.36458919056096
Error,VP0346,Incongruent,OddsRatio,0.112538960351471,0.0889472873297316,-0.0369748904112004,0.285103982701095,0.322078873112295,0.963700333164345,1.32990030755818
Error,VP0347,Incongruent,OddsRatio,0.123787485384965,0.120199467027445,0.508147467383248,0.434661728268937,-0.0734857391143108,1.66220904446447,1.54444053000633
Error,VP0348,Incongruent,OddsRatio,0.110559427400052,0.0528461976832657,0.378249113307304,0.325958970300883,-0.0522901430064204,1.45972653489098,1.38535852686316
Error,VP0349,Incongruent,OddsRatio,0.0154071790731631,0.0165917561900174,0.753414946862396,0.861254143167818,0.107839196305422,2.12424181732166,2.36612629479973
Error,VP0350,Incongruent,OddsRatio,0.0814740230349961,0.117887266676991,0.913201535233714,0.926958952361624,0.0137574171279103,2.49228892504464,2.52681332213131
Error,VP0351,Incongruent,OddsRatio,0.0966675821532919,0.0143898130977328,0.250787780198161,-0.0712113856042872,-0.321999165802448,1.28503734502116,0.931265015301851
Error,VP0352,Incongruent,OddsRatio,0.0735858357446796,0.0807286030117748,0.773101235432513,0.830359019179691,0.0572577837471783,2.16647459411191,2.29414223349317
Error,VP0353,Incongruent,OddsRatio,0.0779155224080834,0.0887270738303074,0.335012370192562,0.352830486641625,0.0178181164490626,1.39795767812118,1.4230898902398
Error,VP0354,Incongruent,OddsRatio,0.0554452690702875,0.0983155658958008,1.03755129431376,0.984762761699977,-0.0527885326137875,2.82229756985997,2.67717668023217
Error,VP0355,Incongruent,OddsRatio,0.113870328208046,0.119786314596151,0.130689523513971,0.169982274112057,0.0392927505980865,1.13961390305934,1.18528384092561
Error,VP0356,Incongruent,OddsRatio,0.0957777457843303,0.118869438609345,0.370455033844877,0.499353108748656,0.128898074903779,1.44839353281506,1.64765507222862
Error,VP0357,Incongruent,OddsRatio,0.0813721638606514,0.0315488786838842,0.194853837120515,0.0357297708124636,-0.159124066308051,1.21513336611754,1.03637574967064
Error,VP0358,Incongruent,OddsRatio,0.00903847931993364,0.0132746423965538,0.568895066602723,0.540142499044011,-0.0287525675587119,1.76631431313485,1.71625140894566
Error,VP0359,Incongruent,OddsRatio,0.0600187570685545,0.0332893827829262,0.571812623532511,0.627090720590785,0.0552780970582747,1.7714751605716,1.87215602372786
Error,VP0360,Incongruent,OddsRatio,0.0923110271021854,0.102861609404649,0.314787970166649,0.350297483604985,0.0355095134383359,1.3699688059026,1.41948976072081
Error,VP0361,Incongruent,OddsRatio,0.121272533210779,0.122770020434181,0.780165072105278,0.747056389957306,-0.0331086821479712,2.18183239544056,2.11077755684398
Error,VP0362,Incongruent,OddsRatio,0.0661097069784893,0.0497994496825137,0.356901377842679,0.464279653611759,0.10737827576908,1.42889494220291,1.59086780016417
Error,VP0363,Incongruent,OddsRatio,0.102345964004491,0.1030319268095,0.379381628609868,0.35663504649303,-0.0227465821168381,1.46138063399878,1.42851443335741
Error,VP0364,Incongruent,OddsRatio,0.108688935330807,0.109863320274289,0.838180803388868,0.891633159908362,0.0534523565194944,2.31215688048435,2.43910985667929
Error,VP0365,Incongruent,OddsRatio,0.100070089798895,0.0369208938799942,0.335468950599733,0.281147858668495,-0.0543210919312376,1.39859610394233,1.32464945036006
Error,VP0366,Incongruent,OddsRatio,0.099231424152116,0.0885990046180619,0.144066189915608,0.134581465951269,-0.00948472396433847,1.15496055273648,1.14405785696774
Error,VP0367,Incongruent,OddsRatio,0.116652124658674,0.116475863079743,0.634021342970053,0.813003982257319,0.178982639287266,1.88517629734582,2.25467081500709
Error,VP0368,Incongruent,OddsRatio,0.0276659467845499,0.105216572575404,0.544977224208135,0.505702159279573,-0.0392750649285611,1.72456910350217,1.65814939678562
Error,VP0369,Incongruent,OddsRatio,0.114420805770416,0.105770946356944,0.906086778010637,0.941060759399325,0.0349739813886881,2.47461982462685,2.56269838344924
Error,VP0370,Incongruent,OddsRatio,0.10402308952154,0.0911443239531132,0.577799165853104,0.609745840254217,0.0319466744011124,1.78211197870375,1.83996369464349
Error,VP0371,Incongruent,OddsRatio,0.0966982307272865,0.126039598390422,0.461699002798151,0.580123825919807,0.118424823121656,1.58676761872513,1.78625960229467
Error,VP0372,Incongruent,OddsRatio,0.120654220303877,0.0615841206604144,0.469364558765932,0.404354680441356,-0.0650098783245758,1.59897781389159,1.49833528294478
Error,VP0373,Incongruent,OddsRatio,0.0387784868843606,0.126406281721429,0.523880177316667,0.547115571246869,0.0232353939302018,1.68856689374001,1.72826077636992
Error,VP0374,Incongruent,OddsRatio,0.0943464867948502,0.0421097990253732,0.150949745536499,0.211837297709891,0.060887552173392,1.16293821377727,1.23594677734748
Error,VP0375,Incongruent,OddsRatio,0.123096345564013,0.109115357958348,0.952233760211904,0.897367041473247,-0.0548667187386565,2.59149197041627,2.45313559625857
Error,VP0376,Incongruent,OddsRatio,0.119185027882291,0.0502481588453684,0.495113419953286,0.33658858045808,-0.158524839495207,1.64068431484284,1.4001628908471
Error,VP0377,Incongruent,OddsRatio,0.0954529497218339,0.119818402190628,0.267427378914974,0.299426281983137,0.0319989030681633,1.30659873977244,1.34908459137
Error,VP0378,Incongruent,OddsRatio,0.114951184846222,0.0292927598305689,0.269111359631869,0.143224881087382,-0.125886478544487,1.30880088051581,1.15398928285347
Error,VP0379,Incongruent,OddsRatio,0.0572078801152669,0.0439336385629481,0.802408869276967,0.960204938238801,0.157796068961834,2.23090842786644,2.61223176474762
Error,VP0380,Incongruent,OddsRatio,0.0295846286500615,0.11754925328716,0.625089044940617,0.606691742142152,-0.0183973027984657,1.86841232268944,1.83435283741293
Error,VP0381,Incongruent,OddsRatio,0.114544698710421,0.126999880504875,0.728975263318122,0.673955073997891,-0.055020189320231,2.07295528559132,1.96198177870557
Error,VP0382,Incongruent,OddsRatio,0.0933643817991955,0.0771970584087023,0.426660558857303,0.433420204361222,0.00675964550391817,1.53213250463952,1.54252425995796
Error,VP0383,Incongruent,OddsRatio,0.058391870356793,0.0406856605662293,0.606996030804834,0.701438499951691,0.0944424691468577,1.83491109511615,2.01665157515352
Error,VP0384,Incongruent,OddsRatio,0.105539509470203,0.0704013836888955,0.849594886185581,0.870414015472422,0.0208191292868408,2.33869922062764,2.38789927614594
Error,VP0385,Incongruent,OddsRatio,0.118353045122288,0.114931685809678,0.288113620294189,0.399415445457068,0.111301825162879,1.3339088546301,1.49095289956859
Error,VP0386,Incongruent,OddsRatio,0.121407794796979,0.129744012146671,0.414058655902555,0.468727119172607,0.0546684632700514,1.51294586748716,1.59795888691087
Error,VP0387,Incongruent,OddsRatio,0.0316853945520467,0.0335945318695423,0.646035869320343,0.766598061272,0.120562191951658,1.9079624056998,2.15243134485214
Error,VP0388,Incongruent,OddsRatio,0.100141464728518,0.0899413363423891,0.685046392325499,0.691277504928118,0.00623111260261877,1.98386386946069,1.99626414224573
Error,VP0389,Incongruent,OddsRatio,0.0589316124802289,0.0179114198927477,0.220980876829403,0.0361973242684882,-0.184783552560915,1.24729957801338,1.0368604240309
Error,VP0390,Incongruent,OddsRatio,0.12256299739909,0.119817685228856,0.313321074029574,0.330255107037592,0.0169340330080187,1.36796067717154,1.39132301948809
Error,VP0391,Incongruent,OddsRatio,0.118109905800701,0.1304900149031,0.208543809316185,0.317172963919614,0.108629154603429,1.23188289682614,1.37324007237085
Error,VP0392,Incongruent,OddsRatio,0.120504348548567,0.0958681629472636,0.787105493260494,0.857633568142035,0.0705280748815406,2.19702790176525,2.357575046588
Error,VP0393,Incongruent,OddsRatio,0.111182951172733,0.0712860144642605,0.481933345514416,0.480198254973821,-0.0017350905405949,1.61920185463826,1.61639482874322
Error,VP0394,Incongruent,OddsRatio,0.114975649109841,0.0626603310491888,0.509203971420753,0.411886408889447,-0.0973175625313062,1.66396610303743,1.50966294229865
Error,VP0395,Incongruent,OddsRatio,0.0687452010041395,0.0206242598267652,0.138382014429182,-0.11904202840241,-0.257424042831593,1.14841417727432,0.887770488402532
Error,VP0396,Incongruent,OddsRatio,0.0307615103508677,0.0170383816693961,0.45758152910667,0.527382551258681,0.0698010221520109,1.58024757706205,1.69449125503631
Error,VP0397,Incongruent,OddsRatio,0.101804831570417,0.120873820266679,0.401752723506068,0.414192844289682,0.0124401207836145,1.49444174666746,1.51314890087499
Error,VP0398,Incongruent,OddsRatio,0.114104071443866,0.109978950031957,0.430220124578527,0.526079808696926,0.0958596841183986,1.53759594895925,1.69228520642656
Error,VP0399,Incongruent,OddsRatio,0.0951692531286477,0.0979262536633215,-0.322810483599073,-0.0245516807619034,0.298258802837169,0.724111072289273,0.975747260253488
Error,VP0400,Incongruent,OddsRatio,0.0773238301431068,0.0489160960508567,0.59001451061982,0.706528273808301,0.116513763188481,1.80401459257784,2.02694204147664
Error,VP0401,Incongruent,OddsRatio,0.0515703525028944,0.0272996603330382,0.461761502728673,0.511846624287083,0.0500851215584104,1.58686679469027,1.66836920319927
Error,VP0402,Incongruent,OddsRatio,0.108867655148934,0.120644827701642,0.35001072958267,0.317941157110056,-0.0320695724726142,1.41908277467752,1.37429539133581
Error,VP0403,Incongruent,OddsRatio,0.101357726178487,0.090679796836684,0.130187925394608,0.167975893259611,0.0377879678650032,1.13904241820861,1.18290809424576
Error,VP0404,Incongruent,OddsRatio,0.118686071794589,0.121200106360049,0.489283329313194,0.489139940932561,-0.000143388380632936,1.63114680586139,1.6309129351299
Error,VP0405,Incongruent,OddsRatio,0.109910379324974,0.0993552952584889,0.570389624327446,0.628941695223801,0.0585520708963554,1.76895614552959,1.87562454612001
Error,VP0406,Incongruent,OddsRatio,0.0180945409903743,0.0174099868450824,0.184831982563669,0.118610520556488,-0.0662214620071808,1.20301629543243,1.12593130578021
Error,VP0407,Incongruent,OddsRatio,0.0924154761147228,0.0220376774497655,0.172355626449626,0.0250778404521954,-0.14727778599743,1.18810027797684,1.0253949346234
Error,VP0408,Incongruent,OddsRatio,0.110207812129378,0.0917142364948766,0.60270135735459,0.650412588834484,0.0477112314798934,1.82704764870592,1.91633132283519
Error,VP0409,Incongruent,OddsRatio,0.0961140754403519,0.0956487999576056,0.375010890251987,0.39556666451776,0.0205557742657733,1.45500725992762,1.48522557714198
Error,VP0410,Incongruent,OddsRatio,0.111093486804087,0.118350459029233,0.601356087392373,0.672428293031316,0.0710722056389435,1.82459142889437,1.95898854785447
Error,VP0411,Incongruent,OddsRatio,0.0638171949372928,0.127397069461065,0.437020986693676,0.527300361598121,0.0902793749044458,1.54808856597594,1.69435199109834
Error,VP0412,Incongruent,OddsRatio,0.0907946536599389,0.127846790503926,0.570785685870684,0.582908112778915,0.0121224269082308,1.76965689979225,1.79123999163115
Error,VP0413,Incongruent,OddsRatio,0.0173537733021944,0.0147153880354731,0.610388081430817,0.882940090987025,0.272552009556208,1.84114577464123,2.41799840120545
Error,VP0414,Incongruent,OddsRatio,0.0672941871446543,0.0147483336612214,0.231938944553152,0.207301344197782,-0.0246376003553702,1.26104273295029,1.23035327574407
Error,VP0415,Incongruent,OddsRatio,0.112071916364851,0.094169637906754,0.342275334237489,0.307950056124839,-0.0343252781126501,1.40814795548749,1.36063303195386
Error,VP0416,Incongruent,OddsRatio,0.100028277202978,0.0503238071705373,0.488560468738545,0.502762622528902,0.0142021537903575,1.62996814020076,1.6532823626132
Error,VP0417,Incongruent,OddsRatio,0.116539102287235,0.112669034065675,0.453956527865665,0.487083579236644,0.0331270513709787,1.57452954782719,1.62756263413663
Error,VP0418,Incongruent,OddsRatio,0.0756697385594944,0.109040243095802,0.0133024152354075,-0.103736441165475,-0.117038856400883,1.01339128598896,0.901462854614011
Error,VP0419,Incongruent,OddsRatio,0.0735807476285805,0.101401183663728,0.341207767461477,0.517294755813103,0.176086988351626,1.40664546566131,1.67748350346124
Error,VP0420,Incongruent,OddsRatio,0.0957678109284088,0.120463381277772,0.389574744079777,0.318102694722226,-0.0714720493575505,1.47635283258758,1.37451740966342
Error,VP0421,Incongruent,OddsRatio,0.0916729330586483,0.0891350836258303,0.43093318967585,0.478500556299219,0.0475673666233689,1.53869274596159,1.61365300543826
Error,VP0422,Incongruent,OddsRatio,0.111364306513415,0.119176586077115,0.616657671246489,0.583425809773897,-0.0332318614725918,1.8527252648357,1.79216755126882
Error,VP0423,Incongruent,OddsRatio,0.126486598875819,0.128141616193745,0.427528777808507,0.429750973114583,0.00222219530607598,1.53346330874688,1.5368747527572
Error,VP0424,Incongruent,OddsRatio,0.0811981117128594,0.0382418061417942,0.522841737423657,0.59167197420396,0.0688302367803028,1.68681432863978,1.80700716042131
Error,VP0425,Incongruent,OddsRatio,0.113939722517146,0.0908002588126624,0.576050955794687,0.627332560429279,0.0512816046345923,1.77899919431063,1.87260884039062
Error,VP0426,Incongruent,OddsRatio,0.106588495153377,0.0971895906586598,0.421288103790824,0.344964804871,-0.0763232989198243,1.52392326323818,1.41194022537479
Error,VP0427,Incongruent,OddsRatio,0.114770202045742,0.125022380124162,0.456956115229194,0.502066973060203,0.0451108578310087,1.5792595772841,1.65213265755825
Error,VP0428,Incongruent,OddsRatio,0.0891597767798933,0.103507746089495,0.869883987552392,0.907449294997988,0.0375653074455963,2.3866339582159,2.47799383422586
Error,VP0429,Incongruent,OddsRatio,0.0360058774637153,0.0180245432556357,0.334217351149357,0.3142911011786,-0.0199262499707567,1.39684671682169,1.36928827996847
Error,VP0430,Incongruent,OddsRatio,0.0939440580518452,0.106447372833702,0.522421519890709,0.51455045428551,-0.00787106560519879,1.68610564859437,1.67288629387003
Error,VP0431,Incongruent,OddsRatio,0.107722439035463,0.0522762664658988,0.431466717126802,0.427621961316942,-0.00384475580986016,1.53951389981473,1.53360620889591
Error,VP0432,Incongruent,OddsRatio,0.112233146074612,0.10793484447492,0.314263988036925,0.378175836102685,0.0639118480657593,1.36925115476464,1.45961957412993
Error,VP0433,Incongruent,OddsRatio,0.106931192091999,0.115606057663569,0.453277178891253,0.536283699186463,0.0830065202952091,1.57346025604595,1.70964149961388
Error,VP0434,Incongruent,OddsRatio,0.0236978513547072,0.0230651790829888,0.325163972090123,0.387779944350988,0.062615972260865,1.38425760698569,1.47370545139425
Error,VP0435,Incongruent,OddsRatio,0.101041760770059,0.0238625705627277,0.190023406221946,0.114700557879832,-0.0753228483421141,1.20927790195297,1.12153755170293
Error,VP0436,Incongruent,OddsRatio,0.122417130906487,0.131547381278303,0.60419659425153,0.769227721929139,0.165031127677608,1.82978156117677,2.15809895755995
Error,VP0437,Incongruent,OddsRatio,0.103607702353267,0.0351537556469816,0.363503613476167,0.308478569600982,-0.0550250438751843,1.43836005437565,1.36135233491124
Error,VP0438,Incongruent,OddsRatio,0.040816978486679,0.113988004421118,0.515012655678769,0.544097523429258,0.0290848677504892,1.67365968296281,1.7230526658221
Error,VP0439,Incongruent,OddsRatio,0.0940377403730275,0.110465442187144,0.326245479525076,0.205409785566962,-0.120835693958113,1.38575550172569,1.22802819009755
Error,VP0440,Incongruent,OddsRatio,0.112479292674694,0.123349161713037,0.50037134649956,0.497582822522869,-0.00278852397669155,1.64933363126469,1.64474083143066
Error,VP0441,Incongruent,OddsRatio,0.0668937669047337,0.113239373645693,0.434529488579864,0.433406846515284,-0.00112264206457968,1.54423630717433,1.54250365529416
Error,VP0442,Incongruent,OddsRatio,0.120224679356865,0.120014486054655,0.410020657627391,0.521099700935118,0.111079043307726,1.50684891271472,1.68387839452455
Error,VP0443,Incongruent,OddsRatio,0.102704173263283,0.109672661718663,0.503439173313343,0.641386089454198,0.137946916140855,1.65440127054887,1.89911139409509
Error,VP0444,Incongruent,OddsRatio,0.116516394536359,0.0677693247065338,0.192393526862434,0.254656370182379,0.0622628433199456,1.21214743569576,1.29001825596253
Error,VP0445,Incongruent,OddsRatio,0.0194135670456742,0.019704424815219,0.460541586573346,0.578961696156464,0.118420109583118,1.58493213055502,1.78418494259118
Error,VP0446,Incongruent,OddsRatio,0.0984100316512497,0.122950193812117,0.0515612540297405,0.216221656746523,0.164660402716783,1.05291367952272,1.2413775082071
Error,VP0447,Incongruent,OddsRatio,0.0717381752945897,0.125835248682725,0.338044849035414,0.303860402924708,-0.0341844461107065,1.40220338946459,1.35507987769789
Error,VP0448,Incongruent,OddsRatio,0.108854758484429,0.113431440202008,0.392142168341462,0.527267312642475,0.135125144301013,1.48014812664902,1.69429599545985
Error,VP0449,Incongruent,OddsRatio,0.0785124819559588,0.0237247267879432,0.297218668450092,0.284809935157797,-0.0124087332922956,1.34610961897176,1.3295093111285
Error,VP0450,Incongruent,OddsRatio,0.12210294784947,0.129013086988693,0.392156894756761,0.574300124807649,0.182143230050888,1.48016992408554,1.77588719248489
Error,VP0451,Incongruent,OddsRatio,0.0546741646278949,0.0565960906521691,0.59791907305067,0.670424537141563,0.0725054640908935,1.81833104666013,1.95506714309474
Error,VP0452,Incongruent,OddsRatio,0.117965164986648,0.0966558085918103,0.67252902837983,0.677005568637484,0.00447654025765454,1.95918589718844,1.96797593152179
Error,VP0453,Incongruent,OddsRatio,0.0590713341448005,0.020161779811686,-0.0420138929854882,-0.0335602449446034,0.00845364804088488,0.958856459101076,0.966996652816753
Error,VP0454,Incongruent,OddsRatio,0.111763859472074,0.0854109346077437,0.402961893873542,0.39744375306398,-0.00551814080956187,1.49624987429031,1.48801609526683
Error,VP0455,Incongruent,OddsRatio,0.118119023571128,0.0858494341728667,0.478045525111625,0.403296798315829,-0.0747487267957964,1.61291891002565,1.49675105893978
Error,VP0456,Incongruent,OddsRatio,0.107526934069589,0.11413184874707,0.764576328470066,0.793965939032823,0.0293896105627575,2.14808409976308,2.21215231332822
Error,VP0457,Incongruent,OddsRatio,0.113552450683417,0.108002352507749,0.556603339902949,0.53290200682657,-0.0237013330763783,1.74473614846349,1.70386978260251
Error,VP0458,Incongruent,OddsRatio,0.118981126999319,0.0773491544140169,0.755570224373661,0.770400499678488,0.0148302753048276,2.12882508527201,2.16063141271154
Error,VP0459,Incongruent,OddsRatio,0.0138828421066134,0.015430802065508,0.185049333566648,0.26086487798411,0.0758155444174614,1.20327780064902,1.29805225814541
Error,VP0460,Incongruent,OddsRatio,0.105599702089049,0.116318890990034,0.844938027857254,0.897958451753945,0.0530204238966908,2.32783354926706,2.45458683496659
Error,VP0461,Incongruent,OddsRatio,0.112227848948008,0.114047271452483,0.538931891877432,0.376709898884855,-0.162221992992577,1.71417495982603,1.45748143104701
Error,VP0462,Incongruent,OddsRatio,0.0355817036612204,0.108514815825527,0.695495500988465,0.691693347682947,-0.0038021533055187,2.0047021597851,1.99709444685212
Error,VP0463,Incongruent,OddsRatio,0.118771040065682,0.0985988496327726,0.50858248209883,0.43635240392738,-0.0722300781714504,1.66293228715839,1.54705388656298
Error,VP0464,Incongruent,OddsRatio,0.123404073810854,0.129178627137426,0.70400108466531,0.789619599890375,0.0856185152250647,2.02182604282693,2.20255841341404
Error,VP0465,Incongruent,OddsRatio,0.0693151413080598,0.0545429002793907,0.753447184424925,0.846573009800033,0.0931258253751081,2.12431029880391,2.33164262812496
Error,VP0466,Incongruent,OddsRatio,0.11479117083711,0.123723846866468,0.81795321952237,0.83400713558658,0.0160539160642097,2.26585737546158,2.30252681608254
Error,VP0467,Incongruent,OddsRatio,0.117602858739542,0.124114740317257,0.770165066661529,0.879894981323976,0.109729914662447,2.16012278861531,2.41064653021636
Error,VP0468,Incongruent,OddsRatio,0.0380780694342535,0.0891261540597998,0.984101523969841,1.11001530595863,0.125913781988785,2.6754070151501,3.03440483855515
Error,VP0469,Incongruent,OddsRatio,0.058849631953295,0.0962481060525125,0.602200190324502,0.671417915331797,0.0692177250072953,1.82613222207197,1.95701022910498
Error,VP0470,Incongruent,OddsRatio,0.0892368217158069,0.105861575789817,0.447345420186087,0.655333434477355,0.207988014291268,1.56415449652079,1.92578453329465
Error,VP0471,Incongruent,OddsRatio,0.0285380541524144,0.0212307008685515,0.0867346393446556,0.0719882623909489,-0.0147463769537067,1.09060723706548,1.07464273025355
Error,VP0472,Incongruent,OddsRatio,0.107119721643517,0.124458820030084,0.162666229221815,0.312849085211166,0.150182855989351,1.17664389479197,1.36731516737658
Error,VP0473,Incongruent,OddsRatio,0.0230005956828327,0.128249310257839,0.471729114530054,0.459457084821863,-0.0122720297081909,1.60276315966502,1.58321420060085
Error,VP0474,Incongruent,OddsRatio,0.0312835843452135,0.0296973371181936,0.589617823687644,0.706145349918986,0.116527526231342,1.80329910548508,2.02616602553371
Error,VP0475,Incongruent,OddsRatio,0.0988564340201336,0.116789258044859,0.886983940141709,0.975329060716508,0.0883451205747992,2.42779621909324,2.65203974951584
Error,VP0476,Incongruent,OddsRatio,0.0874803026460972,0.125053232068665,0.645894725927585,0.771878848326979,0.125984122399394,1.90769312841641,2.1638279414502
Error,VP0477,Incongruent,OddsRatio,0.111782525021112,0.11304202444423,0.0639176762572392,0.112618390081116,0.0487007138238766,1.06600463765757,1.11920475181094
Error,VP0478,Incongruent,OddsRatio,0.119428307255076,0.12929796233381,0.436975967714086,0.588853324729764,0.151877357015678,1.54801887417712,1.80192101204081
Error,VP0479,Incongruent,OddsRatio,0.0881934324706266,0.109216262505966,0.382182137536761,0.351081035014241,-0.0311011025225197,1.46547897955799,1.42060243978694
Error,VP0480,Incongruent,OddsRatio,0.0275062729129406,0.0830206830672263,0.169084471756201,0.177172422521365,0.00808795076516422,1.18422016785641,1.19383691975386
Error,VP0481,Incongruent,OddsRatio,0.105287955460523,0.105616432066561,0.744290387966871,0.808627236768524,0.0643368488016527,2.10494720901445,2.24482425834332
Error,VP0482,Incongruent,OddsRatio,0.113787211349808,0.106211314635744,0.22711836740115,0.225332140115357,-0.00178622728579231,1.25497840768159,1.25273873188721
Error,VP0483,Incongruent,OddsRatio,0.123005966742886,0.0342686836980514,0.192557014937816,0.158109196521836,-0.0344478184159798,1.21234562354733,1.1712940889653
Error,VP0484,Incongruent,OddsRatio,0.112811244032502,0.0621213718042002,0.743052872754513,0.695947201959941,-0.0471056707945717,2.10234391596169,2.00560789024246
Error,VP0485,Incongruent,OddsRatio,0.0789944450013392,0.125462726502142,0.533684838177506,0.566146303780392,0.0324614656028862,1.70520414750944,1.76146580077644
Error,VP0486,Incongruent,OddsRatio,0.0186996561125041,0.0226783272791669,0.046818280580274,0.0878881126356757,0.0410698320554016,1.04793156226083,1.09186594919028
Error,VP0487,Incongruent,OddsRatio,0.114868749520343,0.0678018331313913,0.45970672029384,0.487449531433497,0.0277428111396566,1.58360947636043,1.62815835325382
Error,VP0488,Incongruent,OddsRatio,0.115952551261707,0.0700577211532316,0.670568649826787,0.626969271801807,-0.0435993780249796,1.95534891337337,1.87192866645241
Error,VP0489,Incongruent,OddsRatio,0.0338115601751754,0.0295519240964634,0.520243195946834,0.647483362354876,0.127240166408042,1.68243676175094,1.91072616777282
Error,VP0490,Incongruent,OddsRatio,0.0699011519366643,0.0865777466125349,0.746217319958632,0.74733094679873,0.00111362684009808,2.10900720954867,2.11135716482696
Error,VP0491,Incongruent,OddsRatio,0.0838501301117874,0.130498714209581,0.692349811211016,0.708943141728817,0.016593330517801,1.99840589693107,2.03184275369413
Error,VP0492,Incongruent,OddsRatio,0.11558874362002,0.121607689715214,0.596157515703604,0.600163155210316,0.00400563950671173,1.81513077180689,1.82241611281998
Error,VP0493,Incongruent,OddsRatio,0.124869032713645,0.126641934789612,0.280832915026289,0.267361804389373,-0.0134711106369158,1.32423232612628,1.30651306298907
Error,VP0494,Incongruent,OddsRatio,0.107021576247506,0.103627612949077,0.276423894819372,0.249313760733204,-0.0271101340861683,1.31840661132626,1.2831445702975
Error,VP0495,Incongruent,OddsRatio,0.0793011980855015,0.121824519624244,0.276957604013361,0.395502374153399,0.118544770140038,1.31911044486065,1.4851300945178
Error,VP0496,Incongruent,OddsRatio,0.117101829906489,0.101787283167182,0.505383222661645,0.543858888610624,0.0384756659489789,1.65762063654997,1.72264153451876
Error,VP0497,Incongruent,OddsRatio,0.0883748647082782,0.119205914797464,0.295546735944893,0.300139436062586,0.00459270011769314,1.34386089492549,1.35004703969605
Error,VP0498,Incongruent,OddsRatio,0.097715785830506,0.110761962453449,0.0482508719048258,0.0137636518591404,-0.0344872200456854,1.0494338957837,1.01385880697484
Error,VP0499,Incongruent,OddsRatio,0.122482040303757,0.101586981257264,0.822603962837798,0.752172382705078,-0.0704315801327202,2.27641983911952,2.12160394977721
Error,VP0500,Incongruent,OddsRatio,0.0913683425515276,0.0814956869604627,0.389538024756646,0.361557772193768,-0.0279802525628773,1.47629862290614,1.43556395526767
Error,VP0501,Incongruent,OddsRatio,0.11668116379261,0.120339761725543,0.360873076593166,0.449773567143111,0.0889004905499454,1.43458136736831,1.56795710828361
Error,VP0502,Incongruent,OddsRatio,0.0913686901487491,0.101266683878366,0.357035934138975,0.215597434751124,-0.141438499387851,1.42908722195007,1.24060285486486
Error,VP0503,Incongruent,OddsRatio,0.0303210774313964,0.0355663360891072,0.647057313056848,0.800963049724249,0.153905736667401,1.90991227762129,2.22768526745675
Error,VP0504,Incongruent,OddsRatio,0.108944566471159,0.114862741144933,0.479487646025105,0.588221127346265,0.10873348132116,1.61524661212808,1.80078220230592
Error,VP0505,Incongruent,OddsRatio,0.100510819943038,0.100355770380195,0.515515905709295,0.57627862756284,0.0607627218535458,1.67450216422093,1.77940426831295
Error,VP0506,Incongruent,OddsRatio,0.0784374252252829,0.076625093700924,0.479083648702258,0.50028447158312,0.0212008228808616,1.61459418861859,1.64919035176708
Error,VP0507,Incongruent,OddsRatio,0.119558371713715,0.11938579217323,0.538845481056499,0.509175970804858,-0.029669510251641,1.71402684296007,1.66391951161401
Error,VP0508,Incongruent,OddsRatio,0.0964035324409956,0.0632939255701642,0.672318272683974,0.735791512326662,0.0634732396426885,1.95877303110983,2.08713333065016
Error,VP0509,Incongruent,OddsRatio,0.109002028886781,0.0202998295956289,0.15618138778847,0.0985014387706886,-0.0576799490177816,1.1690382331192,1.10351599209971
Error,VP0510,Incongruent,OddsRatio,0.0914045943210708,0.115913173923228,0.673791376151505,0.852815804965835,0.17902442881433,1.96166063279991,2.34624412510822
Error,VP0511,Incongruent,OddsRatio,0.11153432247261,0.125356814383564,0.475923091897925,0.489458448092352,0.0135353561944263,1.60949922766745,1.63143247531097
Error,VP0512,Incongruent,OddsRatio,0.127561799236837,0.129519342101586,0.287673535820166,0.403290326409213,0.115616790589047,1.33332195120643,1.49674137213805
Error,VP0513,Incongruent,OddsRatio,0.0171274342701118,0.0126577842461451,0.496322058813028,0.561460420315596,0.0651383615025676,1.64266850850757,1.75323108583188
Error,VP0514,Incongruent,OddsRatio,0.031590794150844,0.0254727433349961,0.27420293447531,0.320586273775924,0.0463833393006135,1.31548173174822,1.37793537494761
Error,VP0515,Incongruent,OddsRatio,0.0786843525317691,0.0358538842923069,0.693577809118186,0.756121696210551,0.0625438870923649,2.00086144258406,2.12999939612212
Error,VP0516,Incongruent,OddsRatio,0.0735957392832659,0.122540464462451,0.402267715607869,0.454131075809852,0.0518633602019828,1.4952115705732,1.5748044027098
Error,VP0517,Incongruent,OddsRatio,0.10482728617521,0.0932040597697642,0.502027974752196,0.55319229868005,0.0511643239278542,1.65206822843633,1.7387949201859
Error,VP0518,Incongruent,OddsRatio,0.0469766453228593,0.0752811475353544,0.777439147171431,0.820464827911464,0.0430256807400332,2.17589298298642,2.27155547455563
Error,VP0519,Incongruent,OddsRatio,0.117249247951112,0.126016522169877,0.775219556921093,0.706519920272541,-0.0686996366485523,2.17106874802862,2.02692510941453
Error,VP0520,Incongruent,OddsRatio,0.0981040038783608,0.0963087687918456,0.372372835633679,0.293388033947646,-0.078984801686033,1.45117392979615,1.34096302866777
Error,VP0521,Incongruent,OddsRatio,0.0596084436274297,0.110485196041455,0.0835738660071142,0.170787339794073,0.0872134737869584,1.08716551690287,1.18623845648194
Error,VP0522,Incongruent,OddsRatio,0.115639557314778,0.114355360610925,0.364549276380265,0.377509249779444,0.012959973399179,1.4398648807607,1.45864693589437
Error,VP0523,Incongruent,OddsRatio,0.096055008578694,0.0251267185749448,0.638017528909888,0.685647283642819,0.0476297547329306,1.8927248850939,1.98505631426358
Error,VP0524,Incongruent,OddsRatio,0.0996447758302119,0.123826767619485,0.435226292337008,0.493475080540359,0.0582487882033509,1.54531271181293,1.63799851779
Error,VP0525,Incongruent,OddsRatio,0.114587265455883,0.117386245129525,0.408651649515136,0.382741670622843,-0.025909978892293,1.50478743574058,1.46629919298088
Error,VP0526,Incongruent,OddsRatio,0.017483319567102,0.0222523594682056,0.025771909897584,0.060475465787997,0.034703555890413,1.0261068769571,1.06234153353819
Error,VP0527,Incongruent,OddsRatio,0.0440186960408436,0.0217912467468995,0.402736859979298,0.371537020443231,-0.031199839536067,1.49591320523673,1.4499615233261
Error,VP0528,Incongruent,OddsRatio,0.117165524968833,0.0824969433613876,0.421803474900786,0.397474807153972,-0.0243286677468139,1.52470885167926,1.48806230497006
Error,VP0529,Incongruent,OddsRatio,0.0969990778606244,0.116920608536173,0.326149290226093,0.365915001051214,0.039765710825122,1.38562221328598,1.44183268318348
Error,VP0530,Incongruent,OddsRatio,0.0431170439326614,0.0216993661644523,0.415472373432796,0.471940508740784,0.0564681353079881,1.51508625817978,1.60310201033241
Error,VP0531,Incongruent,OddsRatio,0.121109210803038,0.129041577596021,0.400154191042328,0.516439358291813,0.116285167249485,1.49205474138126,1.67604920176689
Error,VP0532,Incongruent,OddsRatio,0.104421347261229,0.0527250691673466,0.240802262316274,0.270301388310227,0.0294991259939531,1.27226943482248,1.31035931820674
Error,VP0533,Incongruent,OddsRatio,0.0461604251572545,0.0483345564850055,0.540837849044963,0.687702978171555,0.146865129126592,1.71744521937445,1.98914118084847
Error,VP0534,Incongruent,OddsRatio,0.118793485482099,0.0936558506982465,0.18990679453647,0.15282494673174,-0.03708184780473,1.20913689424035,1.16512100285045
Error,VP0535,Incongruent,OddsRatio,0.105246472123419,0.102163649911674,0.0865833465099697,0.0961076736891198,0.00952432717915006,1.09044224848616,1.10087759316435
Error,VP0536,Incongruent,OddsRatio,0.121871881087884,0.0665719768968663,0.310491777440407,0.376496079238668,0.0660043017982608,1.36409578074083,1.4571698261979
Error,VP0537,Incongruent,OddsRatio,0.118038874257511,0.109229194468663,0.279782038324162,0.393436142726008,0.113654104401846,1.32284145217306,1.48206464010249
Error,VP0538,Incongruent,OddsRatio,0.117387942222223,0.0238720144088363,0.427902770280873,0.446729024448007,0.0188262541671338,1.53403691973741,1.56319065543972
Error,VP0539,Incongruent,OddsRatio,0.0939350718026344,0.123181547081524,0.061269812180287,0.158714440891769,0.0974446287114821,1.06318573595292,1.17200322269613
Error,VP0540,Incongruent,OddsRatio,0.101358521215643,0.0550524718417121,0.472722137262018,0.470124687024298,-0.00259745023771951,1.60435553041584,1.60019370417016
Error,VP0541,Incongruent,OddsRatio,0.116248948350341,0.109752787494411,0.778989889595479,0.799918788928514,0.0209288993330352,2.17926985019422,2.22536019726782
Error,VP0542,Incongruent,OddsRatio,0.117673301860937,0.120329417085909,0.78451378938798,0.847198115163827,0.062684325775847,2.1913412283141,2.3331006060857
Error,VP0543,Incongruent,OddsRatio,0.0981662646805032,0.0298842004644154,0.198085724088885,0.161778097689658,-0.0363076263992267,1.21906689274121,1.17559934416472
Error,VP0544,Incongruent,OddsRatio,0.0406587733869265,0.119001614218011,0.631156766862473,0.697813264142858,0.0666564972803847,1.87978379367194,2.00935397340521
Error,VP0545,Incongruent,OddsRatio,0.0902932707750375,0.129244206445736,0.270497940850876,0.293551099761254,0.0230531589103785,1.31061689797305,1.34118171172444
Error,VP0546,Incongruent,OddsRatio,0.0267399026772392,0.0414737236459179,0.553804542459309,0.671807823343859,0.118003280884549,1.73985981251278,1.95777343185276
Error,VP0547,Incongruent,OddsRatio,0.116594515205183,0.111469506406579,0.128986974630417,0.271331485136027,0.142344510505609,1.1376753054279,1.31170981063065
Error,VP0548,Incongruent,OddsRatio,0.100578257656835,0.0743452742667107,0.667793538346002,0.623872994035873,-0.0439205443101283,1.94993012450415,1.86614161911939
Error,VP0549,Incongruent,OddsRatio,0.111183272548262,0.119290178284341,0.490740334442052,0.525285505691353,0.0345451712493013,1.63352512731599,1.69094155290547
Error,VP0550,Incongruent,OddsRatio,0.113743374768439,0.118843618107318,0.311949683934812,0.266433521260968,-0.0455161626738448,1.36608595523021,1.30530081169892
Error,VP0551,Incongruent,OddsRatio,0.117670131377728,0.112284226475717,0.809698287036253,0.782948782728599,-0.0267495043076542,2.24722986599962,2.18791444686613
Error,VP0552,Incongruent,OddsRatio,0.0505524251840562,0.120810530964454,0.0969661587184526,0.192774191979915,0.095808033261462,1.10182308588482,1.21260894577659
Error,VP0553,Incongruent,OddsRatio,0.0230059427930879,0.0225373609196996,0.223640169261492,0.30116472194941,0.0775245526879186,1.25062092660299,1.35143193370722
Error,VP0554,Incongruent,OddsRatio,0.0370046901460615,0.0517320409649367,0.32919640278626,0.393084061252515,0.0638876584662552,1.38985079935275,1.48154292444879
Error,VP0555,Incongruent,OddsRatio,0.116083751263118,0.117247873004061,0.262478347573523,0.302184643104896,0.0397062955313731,1.30014831649788,1.35281099087185
Error,VP0556,Incongruent,OddsRatio,0.12431754282576,0.10525907910923,0.796984283854239,0.745111287040494,-0.0518729968137451,2.21883943875568,2.10667586765842
Error,VP0557,Incongruent,OddsRatio,0.0774591137371862,0.101300000575643,0.326096728574386,0.275798945470141,-0.0502977831042444,1.38554938460782,1.31758293137842
Error,VP0558,Incongruent,OddsRatio,0.0627564335431186,0.103728814109935,-0.00802753619832714,0.101208455442717,0.109235991641044,0.992004598425604,1.10650727518811
Error,VP0559,Incongruent,OddsRatio,0.0881020624107567,0.101567296115478,0.198021567792831,0.254981520326889,0.0569599525340588,1.21898868443354,1.29043777378432
Error,VP0560,Incongruent,OddsRatio,0.113778183969483,0.0720411405933053,0.451150251473383,0.432138353774964,-0.0190118976984198,1.57011717679019,1.54054824108207
Error,VP0561,Incongruent,OddsRatio,0.0934930518467042,0.0418952032431326,0.316358878350678,0.319897905857163,0.00353902750648477,1.37212259236914,1.37698717483408
Error,VP0562,Incongruent,OddsRatio,0.110490281014569,0.122684804318054,0.39636289352524,0.390756658177826,-0.00560623534741367,1.48640862775625,1.47809878639457
Error,VP0563,Incongruent,OddsRatio,0.0819645549664369,0.0878324176671854,0.576218653147135,0.453540853809968,-0.122677799337167,1.77929755278179,1.57387519275286
Error,VP0564,Incongruent,OddsRatio,0.0960406238176694,0.0841984533947463,0.346164445724905,0.426312322349559,0.0801478766246537,1.41363506294736,1.53159905305575
Error,VP0565,Incongruent,OddsRatio,0.110070357389248,0.113733201722632,0.355714797033802,0.348664297955695,-0.00705049907810668,1.42720044841232,1.41717336248334
Error,VP0566,Incongruent,OddsRatio,0.0482283760901043,0.0867780847371858,0.409118549888621,0.477576228193699,0.0684576783050785,1.50549018560066,1.61216214973884
Error,VP0567,Incongruent,OddsRatio,0.121621210752232,0.104371232511182,0.433044543379155,0.412638007282799,-0.0204065360963565,1.54194490260739,1.51079802905184
Error,VP0568,Incongruent,OddsRatio,0.0969135542024057,0.100358040099526,0.38979531222505,0.386676502041516,-0.00311881018353372,1.47667850490878,1.47208019929835
Error,VP0569,Incongruent,OddsRatio,0.102400089705049,0.116785878558622,0.278540910296525,0.364517202370972,0.0859762920744463,1.32120065500095,1.43981869926175
Error,VP0570,Incongruent,OddsRatio,0.116620188200692,0.125003310320325,0.39609980482382,0.518413650593799,0.12231384576998,1.48601762187747,1.67936148143192
Error,VP0571,Incongruent,OddsRatio,0.100937114654021,0.0988856592220706,0.56323402848388,0.748835008382505,0.185600979898625,1.75634338999479,2.11453516538337
Error,VP0572,Incongruent,OddsRatio,0.00922425058222503,0.0891326710959246,0.252253329772397,0.428667884938604,0.176414555166208,1.2869220116539,1.53521108299768
Error,VP0573,Incongruent,OddsRatio,0.0992294326207611,0.0647676362462528,0.706099930325224,0.73691925526024,0.0308193249350165,2.02607399998583,2.08948840822669
Error,VP0574,Incongruent,OddsRatio,0.0959393879697121,0.122729761628334,0.399617626575765,0.288729915780429,-0.110887710795337,1.4912543725688,1.33473119001103
Error,VP0575,Incongruent,OddsRatio,0.0420451153238819,0.122234401807767,0.422805062028081,0.603006837486219,0.180201775458138,1.52623674546962,1.82760586071914
Error,VP0576,Incongruent,OddsRatio,0.101084248274782,0.0867043640844709,0.400399161523039,0.467940827922177,0.0675416663991373,1.49242029552166,1.59670291966228
Error,VP0577,Incongruent,OddsRatio,0.112914314174473,0.0993548637465271,0.275910209551467,0.249757740377018,-0.0261524691744489,1.31772953918879,1.2837143868509
Error,VP0578,Incongruent,OddsRatio,0.0843431708412428,0.127536089483854,0.0677108322717608,0.137871823163451,0.0701609908916897,1.07005583812071,1.14782841582952
Error,VP0579,Incongruent,OddsRatio,0.110376378650702,0.10684207949178,0.326389349220722,0.364925781218162,0.0385364319974395,1.38595488429017,1.4404070989217
Error,VP0580,Incongruent,OddsRatio,0.0199114260006647,0.0195159294454807,0.426024631646492,0.520348444072842,0.0943238124263507,1.5311584896234,1.68261384438588
Error,VP0581,Incongruent,OddsRatio,0.103660891660722,0.114080902802889,0.641225879188446,0.709358978040159,0.0681330988517128,1.89880716132521,2.03268784338737
Error,VP0582,Incongruent,OddsRatio,0.0605952706249506,0.0715806683947043,0.549039911602039,0.563010643029564,0.0139707314275247,1.73158974032871,1.75595109224712
Error,VP0583,Incongruent,OddsRatio,0.122262508433487,0.119773563479619,0.459484758919655,0.504855002384833,0.0453702434651788,1.58325801523173,1.65674527892966
Error,VP0584,Incongruent,OddsRatio,0.115316255352975,0.0998738925653287,0.615663768320808,0.582072378139681,-0.033591390181127,1.85088475057226,1.78974361569666
Error,VP0585,Incongruent,OddsRatio,0.0791201908304166,0.0448772928219279,0.176245617294549,0.20941971325982,0.0331740959652709,1.19273097803211,1.2329623806066
Error,VP0586,Incongruent,OddsRatio,0.124595526356839,0.125289904134697,0.293980866524509,0.357700557993737,0.0637196914692285,1.34175823092314,1.43003734310993
Error,VP0587,Incongruent,OddsRatio,0.113645303432853,0.0398128473670317,0.27070289844579,0.339421739351971,0.0687188409061814,1.31088554639014,1.40413539951112
Error,VP0588,Incongruent,OddsRatio,0.0632191568854661,0.0643808504301594,0.657351243309794,0.682753646679441,0.0254024033696465,1.92967432143996,1.97932058450023
Error,VP0589,Incongruent,OddsRatio,0.085498746865272,0.101663405989477,0.264137440439493,0.272219018575437,0.00808157813594407,1.30230717367155,1.3128745137304
Error,VP0590,Incongruent,OddsRatio,0.0834760283204993,0.128691878699299,0.524114238791992,0.586890190908279,0.0627759521162874,1.68896216845583,1.79838706989406
Error,VP0591,Incongruent,OddsRatio,0.0995028971507538,0.0222122145282748,0.0838078930643271,0.0727740174028826,-0.0110338756614445,1.08741997282311,1.07548746799988
Error,VP0592,Incongruent,OddsRatio,0.115540621243893,0.102551445098551,0.216757743097583,0.338011210400403,0.12125346730282,1.2420431721565,1.40215622204989
Error,VP0593,Incongruent,OddsRatio,0.109862771900202,0.0963218880485841,0.938271910546104,0.990513651689911,0.0522417411438072,2.55556136166471,2.69261718456976
Error,VP0594,Incongruent,OddsRatio,0.0517563921033722,0.118163488322275,0.487596998346924,0.486120255454488,-0.00147674289243521,1.62839847044498,1.62599551928492
Error,VP0595,Incongruent,OddsRatio,0.0867311248871971,0.0859579160521803,0.269181077566611,0.290893923398021,0.0217128458314107,1.30889213059104,1.33762268595488
Error,VP0596,Incongruent,OddsRatio,0.0551335242321478,0.0694207714752296,0.497349363137933,0.59554816982703,0.0981988066890964,1.64435689606617,1.81402506626841
Error,VP0597,Incongruent,OddsRatio,0.082020974182441,0.119146291597301,0.392953123250844,0.485161426297748,0.0922083030469044,1.48134894687866,1.62443721456568
Error,VP0598,Incongruent,OddsRatio,0.111445541428656,0.114107275708934,0.423335685944918,0.436365338498531,0.0130296525536125,1.52704681809247,1.54707389717097
Error,VP0599,Incongruent,OddsRatio,0.121946855292827,0.1180004526041,0.429801009796899,0.434814546129939,0.00501353633303975,1.5369516547949,1.54467656613938
Error,VP0600,Incongruent,OddsRatio,0.0140415739720039,0.124944864313281,0.374073131454854,0.369449790066057,-0.00462334138879683,1.45364345363035,1.44693827579349
Error,VP0601,Incongruent,OddsRatio,0.0618924428675788,0.122255929613074,0.362993813043528,0.602971535287941,0.239977722244413,1.43762696467824,1.82754134335348
Error,VP0602,Incongruent,OddsRatio,0.0809696097898339,0.0521737847106291,0.0882365336511739,0.0730096432090447,-0.0152268904421292,1.09224644451552,1.07574091045916
Error,VP0603,Incongruent,OddsRatio,0.104596659369807,0.0814408770839073,0.611764352737068,0.614976923813569,0.00321257107650175,1.84368143521971,1.84961391703028
Error,VP0604,Incongruent,OddsRatio,0.0966202472212961,0.103186504798834,0.212943807430286,0.220260100266337,0.00731629283605073,1.23731512137387,1.24640087763042
Error,VP0605,Incongruent,OddsRatio,0.0915888199866554,0.0715525845251633,0.461509848400485,0.521946537489383,0.0604366890888973,1.58646750303697,1.6853049682541
Error,VP0606,Incongruent,OddsRatio,0.1180494366114,0.12119524634001,0.422752149568251,0.451660950126555,0.0289088005583036,1.52615599066563,1.57091923830614
Error,VP0607,Incongruent,OddsRatio,0.0674327729447738,0.115696099086212,0.10993513303151,0.0871982143550036,-0.0227369186765062,1.11620566323289,1.09111293253152
Error,VP0608,Incongruent,OddsRatio,0.119042003553245,0.0865575953521281,0.49502227401037,0.488194831072105,-0.00682744293826465,1.64053477993879,1.62937227139629
Error,VP0609,Incongruent,OddsRatio,0.11832362654153,0.111646582471841,0.179542095388825,0.160145020923758,-0.0193970744650675,1.19666927726576,1.17368106696305
Error,VP0610,Incongruent,OddsRatio,0.116880162335558,0.119440022474921,0.691527986715639,0.673092700002577,-0.0184352867130616,1.9967642326856,1.96029054598271
Error,VP0611,Incongruent,OddsRatio,0.102427322812092,0.12725443493873,0.684435987401851,0.828430987047555,0.143994999645704,1.98265327869979,2.28972331482877
Error,VP0612,Incongruent,OddsRatio,0.104643622506483,0.125511443664084,0.338657264594911,0.395600113067307,0.0569428484723962,1.40306238364173,1.48527525661413
Error,VP0613,Incongruent,OddsRatio,0.122865004103232,0.0224187766269262,0.0660599694299683,-0.0966844172998217,-0.16274438672979,1.06829078003419,0.907842460305864
Error,VP0614,Incongruent,OddsRatio,0.0726712837247425,0.123013159938364,0.688250617148097,0.797099946422375,0.108849329274278,1.99023081042353,2.21909609026564
Error,VP0615,Incongruent,OddsRatio,0.0898888617864815,0.0628662641705705,0.581098729842313,0.54145616759618,-0.0396425622461329,1.78800188292768,1.71850747598693
Error,VP0616,Incongruent,OddsRatio,0.104419202755491,0.126860268750934,0.490987606722392,0.866208911062667,0.375221304340275,1.63392910274312,2.37787899330319
Error,VP0617,Incongruent,OddsRatio,0.118059246972578,0.0684248780412794,0.625466943388496,0.531133199565665,-0.0943337438228307,1.86911852623439,1.70085862921947
Error,VP0618,Incongruent,OddsRatio,0.0748613225144655,0.0825161478837374,-0.188798065844608,-0.189723456728166,-0.000925390883557392,0.827953681942436,0.82718785555219
Error,VP0619,Incongruent,OddsRatio,0.114209111407804,0.125420962311197,0.402953950850726,0.463592099366288,0.0606381485155622,1.49623798959062,1.58977436819415
Error,VP0620,Incongruent,OddsRatio,0.114706269607511,0.120094720333083,0.351080221615748,0.299535072574219,-0.0515451490415295,1.42060128427153,1.34923136706388
Error,VP0621,Incongruent,OddsRatio,0.0245508830281729,0.101537237814746,0.548035231496491,0.600373092703057,0.0523378612065651,1.72985092019089,1.82279874645261
Error,VP0622,Incongruent,OddsRatio,0.116205922829013,0.1188101186675,0.0428670695210819,0.134454289657083,0.0915872201360011,1.04379913290934,1.14391236918065
Error,VP0623,Incongruent,OddsRatio,0.105807687523593,0.0639043395666187,0.0809288055533439,0.0395548841647321,-0.0413739213886118,1.08429369812889,1.04034759592692
Error,VP0624,Incongruent,OddsRatio,0.110457006331861,0.0977081102337469,0.440684403997802,0.550760861974206,0.110076457976404,1.55377026127296,1.7345722860072
Error,VP0625,Incongruent,OddsRatio,0.0699597232598263,0.055303836223482,0.427404397304263,0.527913009754525,0.100508612450262,1.53327258766853,1.69539035076408
Error,VP0626,Incongruent,OddsRatio,0.0992070406797172,0.113570616945235,0.344158273888485,0.307824533720769,-0.0363337401677163,1.4108019109422,1.36046225274316
Error,VP0627,Incongruent,OddsRatio,0.11651762300453,0.105539499976223,0.145753908538586,0.113330219941304,-0.0324236885972821,1.15691144698734,1.12000171879174
Error,VP0628,Incongruent,OddsRatio,0.119666339752369,0.126047255283689,0.376514247732437,0.462328171921104,0.0858139241886667,1.45719630101931,1.587766278046
Error,VP0629,Incongruent,OddsRatio,0.0992936282564378,0.0937770180325939,0.30785580487082,0.383423763162634,0.0755679582918138,1.3605047966276,1.4672996858971
Error,VP0630,Incongruent,OddsRatio,0.100860109050193,0.0915950647169127,0.358788735442334,0.29265103269726,-0.0661377027450742,1.43159432447972,1.33997510133547
Error,VP0631,Incongruent,OddsRatio,0.0373577445185294,0.0295633486115787,0.348797897145631,0.458697319897879,0.109899422752248,1.41736270834451,1.58201178681783
Error,VP0632,Incongruent,OddsRatio,0.0891433642115766,0.126239291249148,0.621154608118746,0.728890614922825,0.107736006804079,1.86107561481964,2.07277982067938
Error,VP0633,Incongruent,OddsRatio,0.0895469218790711,0.11843232007546,0.400984345781628,0.338086195996963,-0.0628981497846649,1.49329389196831,1.40226136751282
Error,VP0634,Incongruent,OddsRatio,0.0811901654561984,0.0917343537923657,0.187509527974253,0.344959361632853,0.1574498336586,1.20624174240649,1.41193253986881
Error,VP0635,Incongruent,OddsRatio,0.0987842358032447,0.0898585368784854,0.813999111804615,0.852161949116756,0.0381628373121408,2.25691562130582,2.34471052109627
Error,VP0636,Incongruent,OddsRatio,0.1044791750889,0.127530312031885,0.681872021318604,0.808006304967485,0.126134283648881,1.97757633427631,2.24343080823709
Error,VP0637,Incongruent,OddsRatio,0.0134146147507595,0.118485803922674,0.416341528791027,0.482327098895883,0.0659855701048557,1.51640367595668,1.6198395463822
Error,VP0638,Incongruent,OddsRatio,0.0066710310293946,0.105191718057291,0.348191184609649,0.414977110342375,0.0667859257327265,1.41650303743426,1.51433607766099
Error,VP0639,Incongruent,OddsRatio,0.106235269303073,0.121784645051015,0.412001649904806,0.501221196902528,0.0892195469977223,1.50983692741389,1.65073591389668
Error,VP0640,Incongruent,OddsRatio,0.102356405037008,0.0672000515705317,0.796562006683055,0.776750971359373,-0.0198110353236828,2.21790267131584,2.1743961011839
Error,VP0641,Incongruent,OddsRatio,0.113669798622515,0.111079995562188,0.210291447383195,0.222469194696827,0.0121777473136315,1.23403766459939,1.24915733838742
Error,VP0642,Incongruent,OddsRatio,0.120746313381836,0.119404558183273,0.580702510863118,0.61310039659273,0.0323978857296117,1.78729358297704,1.84614632070393
Error,VP0643,Incongruent,OddsRatio,0.114368329918874,0.12514227408387,0.610384131310759,0.594449408824102,-0.0159347224866566,1.84113850190874,1.81203298088055
Error,VP0644,Incongruent,OddsRatio,0.085959730797134,0.107333504319043,0.392249392603494,0.480467529342601,0.0882181367391071,1.48030684294857,1.61683014104702
Error,VP0645,Incongruent,OddsRatio,0.0553536720430371,0.0369182406687903,0.534750323913883,0.628584704719988,0.0938343808061052,1.70702198647499,1.87495508547099
Error,VP0646,Incongruent,OddsRatio,0.025927806283549,0.0250130557109163,0.606397901567987,0.807080527662409,0.200682626094422,1.83381390930531,2.24135485199417
Error,VP0647,Incongruent,OddsRatio,0.121182171588528,0.128429026205878,0.384354513448828,0.443691983589717,0.0593374701408898,1.46866601125491,1.55845038339333
Error,VP0648,Incongruent,OddsRatio,0.11036647313094,0.115879212370349,0.186296579643043,0.296682063961553,0.110385484318509,1.2047795204771,1.34538748427584
Error,VP0649,Incongruent,OddsRatio,0.101249180339359,0.120044521290828,0.0470996500815309,0.127815774947862,0.0807161248663316,1.04822645972749,1.13634364044636
Error,VP0650,Incongruent,OddsRatio,0.0287748547236663,0.118397055777313,0.223933065474097,0.246089467724009,0.0221564022499124,1.25098728238529,1.27901399889443
Error,VP0651,Incongruent,OddsRatio,0.116395099377657,0.10120885015426,0.461007316063064,0.591876279537284,0.13086896347422,1.58567045210314,1.80737637933695
Error,VP0652,Incongruent,OddsRatio,0.123879284290735,0.110127308263238,0.150336811299615,0.173276586191419,0.0229397748918044,1.16222562753723,1.18919497451042
Error,VP0653,Incongruent,OddsRatio,0.121150909227486,0.122582170991008,0.379635983499912,0.229461153585175,-0.150174829914736,1.4617523905863,1.25792200051431
Error,VP0654,Incongruent,OddsRatio,0.0600969696216058,0.121154636647924,0.669246098216413,0.799975917518572,0.130729819302159,1.9527645728577,2.22548733258975
Error,VP0655,Incongruent,OddsRatio,0.115812171022422,0.126143042287909,0.65561602014178,0.552003322344058,-0.103612697797723,1.92632880929521,1.73672876272223
Error,VP0656,Incongruent,OddsRatio,0.0502153712747705,0.034446314092607,0.691293609444772,0.696166868032857,0.00487325858808441,1.99629629137373,2.00604850264354
Error,VP0657,Incongruent,OddsRatio,0.0946765470709527,0.122731557244659,0.582422171629733,0.715232125230073,0.13280995360034,1.79036976586754,2.04466124463931
Error,VP0658,Incongruent,OddsRatio,0.0845806051687304,0.120737193569805,0.663817867883265,0.73996850532789,0.0761506374446247,1.94219323475652,2.09586950473205
Error,VP0659,Incongruent,OddsRatio,0.106208640344494,0.0903321587775799,0.270144342917826,0.197141117188154,-0.0730032257296721,1.31015354847145,1.21791589744651
Error,VP0660,Incongruent,OddsRatio,0.0480538207937342,0.11448135662005,0.641445830185446,0.655112070099653,0.0136662399142062,1.89922485178749,1.9253582803802
Error,VP0661,Incongruent,OddsRatio,0.0696265064068149,0.120318099343075,0.360301092763604,0.459605930410594,0.0993048376469897,1.43376104465201,1.58344987258956
Error,VP0662,Incongruent,OddsRatio,0.0709208202605152,0.016527092261429,0.2667479680415,0.011279842041053,-0.255468126000446,1.30571132387552,1.01134369933349
Error,VP0663,Incongruent,OddsRatio,0.0892088025613895,0.0370723742580916,0.480376912152494,0.149638662072181,-0.330738250080313,1.61668363508084,1.16141450378891
Error,VP0664,Incongruent,OddsRatio,0.102707349391832,0.105618046276701,0.687410669998929,0.704128802553647,0.0167181325547178,1.98855982359668,2.02208428267027
Error,VP0665,Incongruent,OddsRatio,0.113868212661292,0.108446798801984,0.558272443020588,0.578508035707827,0.0202355926872397,1.74765072469584,1.7833757120215
Error,VP0666,Incongruent,OddsRatio,0.113736887027996,0.121189661168778,0.280628361651241,0.271271856541096,-0.00935650511014524,1.32396147763705,1.31163159754957
Error,VP0667,Incongruent,OddsRatio,0.0512906016421461,0.0250829434743335,0.392693690100519,0.408646136983277,0.0159524468827584,1.48096468570184,1.50477914057476
Error,VP0668,Incongruent,OddsRatio,0.112826276519646,0.114384599911362,0.339232787825725,0.445096602457938,0.105863814632213,1.40387011104845,1.56064095030268
Error,VP0669,Incongruent,OddsRatio,0.076448176254068,0.094386773530488,0.713381105410388,0.817520630262789,0.104139524852401,2.04088003677591,2.26487740187552
Error,VP0670,Incongruent,OddsRatio,0.0313031921480476,0.0211588159167537,0.492157883809865,0.590597984368735,0.0984401005588701,1.63584237184375,1.80506749487582
Error,VP0671,Incongruent,OddsRatio,0.0356040396980198,0.111737443474334,0.332224271269736,0.334771235876012,0.00254696460627624,1.39406546228738,1.39762062319129
Error,VP0672,Incongruent,OddsRatio,0.0563885425288717,0.108332599263698,0.779103745824138,0.760832036797306,-0.0182717090268326,2.17951798776633,2.14005608534892
Error,VP0673,Incongruent,OddsRatio,0.12127796448492,0.121235468468352,0.184807635350188,0.266984890762117,0.0821772554119293,1.20298700569443,1.30602071320394
Error,VP0674,Incongruent,OddsRatio,0.0605075696732892,0.0834496595500016,0.207690245159395,0.252174746386886,0.0444845012274911,1.23083185436994,1.28682088493882
Error,VP0675,Incongruent,OddsRatio,0.0970276920806791,0.111031269570306,0.334299900625018,0.403799528777214,0.069499628152196,1.39696203054522,1.49750371046479
Error,VP0676,Incongruent,OddsRatio,0.105366976953951,0.122455226142812,0.559010433067324,0.599035036113757,0.0400246030464331,1.74894094956384,1.82036136961667
Error,VP0677,Incongruent,OddsRatio,0.0998558390734673,0.0798608092054568,0.0989897318284733,0.11650064358422,0.0175109117557472,1.10405496287494,1.12355823357132
Error,VP0678,Incongruent,OddsRatio,0.101825164929674,0.104554100580521,-0.0632147693220059,0.227704245131805,0.290919014453811,0.938741839089125,1.25571388701255
Error,VP0679,Incongruent,OddsRatio,0.102814871306388,0.102856056798454,0.136813641756399,0.114770792253057,-0.0220428495033423,1.14661444755401,1.12161632495618
Error,VP0680,Incongruent,OddsRatio,0.118334607349357,0.112277293608755,0.351282646099664,0.28161342397472,-0.0696692221249431,1.42088887786036,1.32526630476892
Error,VP0681,Incongruent,OddsRatio,0.11126558212999,0.0941740201652134,0.452016253468542,0.467698901511476,0.0156826480429341,1.57147749033003,1.59631668177843
Error,VP0682,Incongruent,OddsRatio,0.07840448086294,0.116076002170889,0.277263161821834,0.307116641436001,0.0298534796141675,1.31951357094334,1.35949953280194
Error,VP0683,Incongruent,OddsRatio,0.0937507080662119,0.109748367824104,0.488527364790707,0.611053439336075,0.122526074545368,1.62991418271358,1.84237120316619
Error,VP0684,Incongruent,OddsRatio,0.0966504649842854,0.0729935048214455,0.654450258954223,0.693861895221377,0.0394116362671542,1.92408447836597,2.00142994026163
Error,VP0685,Incongruent,OddsRatio,0.0328577294610291,0.0913155966531072,0.675105830421476,0.757174266257154,0.0820684358356778,1.96424084140654,2.13224255001696
Error,VP0686,Incongruent,OddsRatio,0.0570949489512301,0.127824546055619,0.564021501476713,0.683323774274643,0.11930227279793,1.75772700768983,1.98044937153095
Error,VP0687,Incongruent,OddsRatio,0.0485671386461803,0.10405300832365,0.522349282991284,0.628970257172979,0.106620974181695,1.6859838539493,1.87567811837804
Error,VP0688,Incongruent,OddsRatio,0.12181947248625,0.078117585036976,0.16240457505182,0.271435209265235,0.109030634213415,1.17633606128502,1.31184587364492
Error,VP0689,Incongruent,OddsRatio,0.0968390774393741,0.115334378557765,0.843229359114553,0.909705196100504,0.0664758369859507,2.32385944902054,2.48359025335917
Error,VP0690,Incongruent,OddsRatio,0.0896813319543948,0.0996860268123759,0.534110926269327,0.603209498368555,0.0690985720992275,1.70593086950362,1.82797628246916
Error,VP0691,Incongruent,OddsRatio,0.120021057526087,0.113649403751422,0.520361512320618,0.517258542792017,-0.00310296952860056,1.68263583334419,1.67742275781565
Error,VP0692,Incongruent,OddsRatio,0.00974865406408513,0.11680826828503,0.396656003963992,0.31799978565855,-0.0786562183054424,1.48684437349899,1.37437596664179
Error,VP0693,Incongruent,OddsRatio,0.114525476260251,0.118530649306151,0.599326370011335,0.620055048821502,0.0207286788101673,1.82089177984897,1.85903037646098
Error,VP0694,Incongruent,OddsRatio,0.0453327399266747,0.0372091075339859,0.180280953197313,0.221638412667206,0.0413574594698936,1.19755377242328,1.2481199918826
Error,VP0695,Incongruent,OddsRatio,0.0753217363432654,0.0202988991025282,0.233703349074167,-0.0471095536053431,-0.28081290267951,1.26326968649522,0.953982879601418
Error,VP0696,Incongruent,OddsRatio,0.0994969042590516,0.113818734622374,0.429424105829698,0.555505340094305,0.126081234264607,1.53637248077216,1.74282147985159
Error,VP0697,Incongruent,OddsRatio,0.107536255225684,0.0198071148296341,0.141621006440373,-0.0638253210453811,-0.205446327485754,1.15213991217559,0.938168863574858
Error,VP0698,Incongruent,OddsRatio,0.103698878499743,0.102492123892091,0.742760210330669,0.76401197037957,0.0212517600489015,2.10172872892095,2.14687215314043
Error,VP0699,Incongruent,OddsRatio,0.0369782357662823,0.020946932276827,0.349129705585953,0.400912624670695,0.0517829190847419,1.41783307928635,1.49318679511203
Error,VP0700,Incongruent,OddsRatio,0.0149047690944254,0.121043022511645,0.126039008183988,0.137549473067003,0.0115104648830149,1.13432641543353,1.14745847285776
Error,VP0701,Incongruent,OddsRatio,0.119680730087067,0.101504106384347,0.439490865561982,0.456384901778462,0.0168940362164793,1.55191688300482,1.57835774056651
Error,VP0702,Incongruent,OddsRatio,0.0813002526409836,0.0330969368569239,0.310299510971366,0.3326948383722,0.0223953274008334,1.36383353607287,1.39472161800316
Error,VP0703,Incongruent,OddsRatio,0.116689028588056,0.120476312311019,0.481313555807171,0.537848929881048,0.0565353740738777,1.61819860093008,1.71231957832455
Error,VP0704,Incongruent,OddsRatio,0.014573196935353,0.015285928797099,0.532041131547466,0.67725834297995,0.145217211432484,1.70240359442098,1.96847344822095
Error,VP0705,Incongruent,OddsRatio,0.0171417797090941,0.0186177912426359,0.664448024472038,0.864099230798718,0.199651206326679,1.94341750632096,2.37286771687511
Error,VP0706,Incongruent,OddsRatio,0.117458841063094,0.1197217350117,0.430996656199411,0.635968703023709,0.204972046824298,1.53879040454,1.88885099117609
Error,VP0707,Incongruent,OddsRatio,0.11885605685675,0.100873505645157,0.743021738554716,0.680416029852761,-0.0626057087019544,2.1022784621851,1.97469909513665
Error,VP0708,Incongruent,OddsRatio,0.0936259090162993,0.124969007258941,0.549171013243784,0.48794412621788,-0.0612268870259036,1.73181676946811,1.62896383105964
Error,VP0709,Incongruent,OddsRatio,0.109482241627252,0.124114611937182,0.464758889871618,0.466592428028305,0.0018335381566873,1.59163038441306,1.59455137651113
Error,VP0710,Incongruent,OddsRatio,0.065516171020331,0.0279766782575247,0.463370831048795,0.516804386741413,0.0534335556926181,1.58942264040905,1.67666111908528
Error,VP0711,Incongruent,OddsRatio,0.114034048684769,0.11892201066854,0.602742781600108,0.688149724077591,0.0854069424774829,1.82712333434389,1.9900300200554
Error,VP0712,Incongruent,OddsRatio,0.12661798898408,0.130494989679002,0.820830749353123,0.788873264664443,-0.0319574846886801,2.27238683750718,2.20091517976079
Error,VP0713,Incongruent,OddsRatio,0.0651414827811442,0.105928855808167,0.738014887087836,0.77220423530099,0.0341893482131537,2.09177897280873,2.16453213743824
Error,VP0714,Incongruent,OddsRatio,0.0552249262734859,0.0397833113708752,0.700634472550706,0.817907812171847,0.117273339621141,2.01503078369654,2.26575449121736
Error,VP0715,Incongruent,OddsRatio,0.122622857646209,0.112087321790086,0.269938821540513,0.293767534352086,0.0238287128115736,1.30988431157759,1.34147202125482
Error,VP0716,Incongruent,OddsRatio,0.0451719620039246,0.0269653373027669,0.813345678218811,0.948745222142763,0.135399543923952,2.25544135855739,2.58246720279684
Error,VP0717,Incongruent,OddsRatio,0.044468152848618,0.0309645664160446,0.74828088647621,0.953596554683284,0.205315668207074,2.11336377970181,2.59502604891054
Error,VP0718,Incongruent,OddsRatio,0.0768227530090063,0.0235431725103461,0.437338313436303,0.419612405790162,-0.017725907646141,1.54857989382949,1.5213717664389
Error,VP0719,Incongruent,OddsRatio,0.117053143502646,0.0932995570922655,0.255193400175645,0.17205491250856,-0.083138487667085,1.29071122051256,1.18774305337377
Error,VP0720,Incongruent,OddsRatio,0.115693027527737,0.0339329709771399,0.307431734387505,0.216819568021452,-0.0906121663660528,1.35992796901737,1.24211996375485
Error,VP0721,Incongruent,OddsRatio,0.109087432829266,0.114510657817237,0.402621605357598,0.464636947605984,0.0620153422483857,1.49574080426136,1.59143630923116
Error,VP0722,Incongruent,OddsRatio,0.0227124121503557,0.0220903937585496,0.317721931847293,0.40863816140785,0.0909162295605568,1.37399414408924,1.50476713914309
Error,VP0723,Incongruent,OddsRatio,0.125476508736769,0.129714919819676,0.48761107951832,0.409594582373807,-0.078016497144513,1.62842140036439,1.50620701843946
Error,VP0724,Incongruent,OddsRatio,0.0554339336277419,0.0690362857285025,0.33607366464247,0.430812775017088,0.0947391103746185,1.39944211041672,1.53850747595449
Error,VP0725,Incongruent,OddsRatio,0.0873484122751814,0.101346524529683,0.371231699001624,0.428057846612727,0.0568261476111028,1.4495188865602,1.53427483100258
Error,VP0726,Incongruent,OddsRatio,0.106758214302367,0.120895063569622,0.713402908094844,0.688335351762538,-0.0250675563323063,2.04092453392444,1.99039945900898
Error,VP0727,Incongruent,OddsRatio,0.104801202042953,0.12329089488542,0.2918207202539,0.2861266917344,-0.00569402851950002,1.33886296510921,1.33126110434709
Error,VP0728,Incongruent,OddsRatio,0.119868331812128,0.10059545095798,0.236730196403355,0.46209311566295,0.225362919259596,1.26709920373007,1.58739310750561
Error,VP0729,Incongruent,OddsRatio,0.105756100133226,0.128014661222042,0.414353387865585,0.521756377934208,0.107402990068623,1.51339184671158,1.68498452187994
Error,VP0730,Incongruent,OddsRatio,0.0709699769922742,0.0818865585366981,0.417082992059856,0.485451749614787,0.068368757554931,1.5175284505211,1.62490889503274
Error,VP0731,Incongruent,OddsRatio,0.127109535124288,0.123241695464324,0.287652052168336,0.383785664277029,0.0961336121086928,1.33329330688955,1.46783079938807
Error,VP0732,Incongruent,OddsRatio,0.0727305021522553,0.113615504277005,0.278868744624575,0.270294922309239,-0.00857382231533627,1.32163386093591,1.31035084544949
Error,VP0733,Incongruent,OddsRatio,0.11410069820754,0.11873738582309,0.554073405162346,0.479142489536444,-0.074930915625902,1.74032765881527,1.61468919548263
Error,VP0734,Incongruent,OddsRatio,0.0997960664815293,0.122129806067428,0.595633041798401,0.689823111815393,0.0941900700169926,1.81417903268553,1.99336289971106
Error,VP0735,Incongruent,OddsRatio,0.100074251818779,0.126371655272367,0.537012950523947,0.47721933502656,-0.0597936154973868,1.71088871267471,1.61158688274381
Error,VP0736,Incongruent,OddsRatio,0.102196229978201,0.117446427963502,0.648588986989181,0.708584294516566,0.0599953075273856,1.91283988196524,2.03111376339213
Error,VP0737,Incongruent,OddsRatio,0.126217240493442,0.12373219451447,0.386129640422682,0.499273612729319,0.113143972306637,1.4712753952158,1.64752409541527
Error,VP0738,Incongruent,OddsRatio,0.0282513054400736,0.0910025854633319,0.259307678805994,0.305092904254213,0.0457852254482198,1.29603250522281,1.35675104509521
Error,VP0739,Incongruent,OddsRatio,0.101299284364188,0.107493505304933,0.643790711977875,0.741367350162391,0.0975766381845163,1.90368353506179,2.09880335248302
Error,VP0740,Incongruent,OddsRatio,0.111798280504382,0.0955350551202926,0.390929359189988,0.432789254216172,0.041859895026184,1.47835407759495,1.54155131102581
Error,VP0741,Incongruent,OddsRatio,0.111903928440385,0.067944607923862,0.0979623874208608,-0.104506701343828,-0.202469088764688,1.10292130061364,0.900768761025481
Error,VP0742,Incongruent,OddsRatio,0.0263183330597455,0.0246751308839828,0.11490106244721,0.104102376574019,-0.0107986858731907,1.12176244765011,1.10971405782373
Error,VP0743,Incongruent,OddsRatio,0.118036302897037,0.104781863095495,0.33915772033045,0.308271229079242,-0.0308864912512083,1.40376472999092,1.36107010066816
Error,VP0744,Incongruent,OddsRatio,0.118923262502919,0.0357966089704766,0.414984947063835,0.417289769601395,0.0023048225375597,1.51434794513753,1.517842273768
Error,VP0745,Incongruent,OddsRatio,0.0803549051806285,0.11424965461313,0.340781148586679,0.451396970947438,0.110615822360759,1.40604549214463,1.57050460306509
Error,VP0746,Incongruent,OddsRatio,0.102275387003136,0.122466735425889,0.427180430743388,0.518502749562133,0.0913223188187453,1.53292922433258,1.67951111747348
Error,VP0747,Incongruent,OddsRatio,0.0494163187904556,0.0860158993954798,0.094730264398875,0.137887459795493,0.0431571953966178,1.09936227798429,1.14784636414043
Error,VP0748,Incongruent,OddsRatio,0.0850524968284074,0.120179803148011,0.323858983435845,0.433118469683978,0.109259486248133,1.38245234469358,1.54205889710983
Error,VP0749,Incongruent,OddsRatio,0.0836552194387012,0.0784794716630438,0.490962193991786,0.726104613589924,0.235142419598138,1.6338875806706,2.06701309012568
Error,VP0750,Incongruent,OddsRatio,0.0489267290545972,0.0202469900772506,0.470479954950519,0.521068485699456,0.0505885307489365,1.60076230266542,1.683825832684
Error,VP0751,Incongruent,OddsRatio,0.087674553453205,0.0857597463565109,0.246491882527329,0.285958705109439,0.0394668225821092,1.27952879663541,1.33103748906994
Error,VP0752,Incongruent,OddsRatio,0.104201346202959,0.0893736845441206,0.755379607306677,0.688727914570718,-0.0666516927359589,2.12841933355096,1.99118096919589
Error,VP0753,Incongruent,OddsRatio,0.0283001222484803,0.0296577484318167,0.386984205854169,0.470727618935986,0.0837434130818178,1.47253323368483,1.60115880293447
Error,VP0754,Incongruent,OddsRatio,0.095982368192878,0.110748380408824,0.373118240391179,0.465205067507598,0.0920868271164187,1.45225604500419,1.5923406927454
Error,VP0755,Incongruent,OddsRatio,0.103158061827845,0.12230481385498,0.897585592834013,0.994000283225324,0.096414690391311,2.45367179097219,2.70202173413054
Error,VP0756,Incongruent,OddsRatio,0.0439750934802119,0.0286049030123907,0.491467131918234,0.591562740105935,0.100095608187702,1.63471280080257,1.80680978440431
Error,VP0757,Incongruent,OddsRatio,0.110545959827754,0.113515481416834,0.532650290122655,0.610596537784423,0.0779462476617686,1.7034409440921,1.84152961318127
Error,VP0758,Incongruent,OddsRatio,0.09396851247323,0.117629040436479,0.689350890158526,0.727170558026204,0.0378196678676775,1.99242181279812,2.06921758595512
Error,VP0759,Incongruent,OddsRatio,0.115787252592823,0.12640927451542,0.398706697915736,0.40436113797908,0.00565444006334376,1.48989656474835,1.49834495853263
Error,VP0760,Incongruent,OddsRatio,0.0530067247743817,0.0258987875680979,0.646154013038653,0.663122631537953,0.0169686184992996,1.90818783278894,1.94084342070436
Error,VP0761,Incongruent,OddsRatio,0.120689797676044,0.0861419329563593,0.409914239674209,0.440047401524413,0.0301331618502034,1.50668856546973,1.55278082094488
Error,VP0762,Incongruent,OddsRatio,0.0902331294397381,0.099759034271801,0.30466884588396,0.511204561094599,0.206535715210639,1.35617582543016,1.66729834855738
Error,VP0763,Incongruent,OddsRatio,0.0934692481157092,0.0857586306712016,0.510042366521425,0.562945702842037,0.0529033363206121,1.66536174903553,1.75583706415644
Error,VP0764,Incongruent,OddsRatio,0.053335791365735,0.131666418518492,0.251230916104716,0.389266748464732,0.138035832360016,1.28560691739967,1.47589819240607
Error,VP0765,Incongruent,OddsRatio,0.0619536412213752,0.017356695616376,0.235705181611465,0.176929378274625,-0.0587758033368393,1.26580107371834,1.19354679981639
Error,VP0766,Incongruent,OddsRatio,0.118468088945446,0.121834966047394,0.322073339448095,0.36019246450601,0.0381191250579149,1.37998597965622,1.43360530614688
Error,VP0767,Incongruent,OddsRatio,0.0772173042232212,0.0539817745227447,1.21590632261445,1.24265654783788,0.0267502252234326,3.37335002268235,3.46480567160368
Error,VP0768,Incongruent,OddsRatio,0.101613775860591,0.102711483838663,0.327835068135817,0.220088974854629,-0.107746093281188,1.38796003457446,1.24618760501579
Error,VP0769,Incongruent,OddsRatio,0.0789592864957352,0.0166640601961822,0.00628691475250606,0.0872143545466788,0.0809274397941727,1.0063067188816,1.09113054344551
Error,VP0770,Incongruent,OddsRatio,0.0951223948946082,0.115145782327663,0.21837802193384,0.233235169008127,0.0148571470742873,1.24405725967312,1.26267838723803
Error,VP0771,Incongruent,OddsRatio,0.0971644067068034,0.109631889543551,0.235147959626919,0.302825887065604,0.0676779274386856,1.26509593800881,1.35367875094294
Error,VP0772,Incongruent,OddsRatio,0.10319190718892,0.114031049289074,0.611356476482132,0.736751489558341,0.125395013076208,1.84292959467999,2.0891378931403
Error,VP0773,Incongruent,OddsRatio,0.110106735647043,0.0835655674314459,0.523699900897667,0.514145272455651,-0.00955462844201649,1.68826251238438,1.6722086080426
Error,VP0774,Incongruent,OddsRatio,0.060693214050237,0.0991165639687556,0.215997120047065,0.215187356205405,-0.000809763841660233,1.24109880468938,1.24009421454869
Error,VP0775,Incongruent,OddsRatio,0.118173131653511,0.12159053423382,0.381998773331411,0.511929411141961,0.12993063781055,1.46521028780442,1.66850732795575
Error,VP0776,Incongruent,OddsRatio,0.0398565084389489,0.0266051737800232,0.843263257274488,1.01039907082955,0.167135813555066,2.32393822491498,2.7466969229495
Error,VP0777,Incongruent,OddsRatio,0.113442400017291,0.114059050585015,0.246562578281199,0.328711656181446,0.0821490779002473,1.27961925708583,1.38917723716325
Error,VP0778,Incongruent,OddsRatio,0.121637269007177,0.112362146700391,0.581455684622878,0.555982724631392,-0.0254729599914859,1.78864023267167,1.7436536744996
Error,VP0779,Incongruent,OddsRatio,0.120227649660562,0.110293593197681,0.477421701284384,0.324053496290936,-0.153368204993448,1.61191304655159,1.38272127560059
Error,VP0780,Incongruent,OddsRatio,0.117412379797007,0.118210461212558,0.591243236668402,0.677600757691871,0.0863575210234695,1.80623259467918,1.96914759790244
Error,VP0781,Incongruent,OddsRatio,0.0926156084508351,0.104327362457005,0.40476120853079,0.477148271605348,0.0723870630745581,1.49894452215272,1.61147236193551
Error,VP0782,Incongruent,OddsRatio,0.108294742984251,0.0844579694981306,0.43867793146588,0.408314950288506,-0.0303629811773745,1.5506557895187,1.5042808602613
Error,VP0783,Incongruent,OddsRatio,0.106184709946935,0.111386519369616,0.705262136792074,0.762760590467696,0.057498453675622,2.02437727914108,2.14418728070271
Error,VP0784,Incongruent,OddsRatio,0.0905318547637593,0.0922276621096477,0.700046959329116,0.825364236731787,0.125317277402671,2.013847274167,2.28271206150671
Error,VP0785,Incongruent,OddsRatio,0.115465660627379,0.118402996742255,1.11059078045954,1.24389431722122,0.133303536761678,3.03615156371487,3.4690969572463
Error,VP0786,Incongruent,OddsRatio,0.0849083408351011,0.049343688943761,0.70546414964039,0.744616763783444,0.0391526141430536,2.02478627067068,2.10563432500155
Error,VP0787,Incongruent,OddsRatio,0.106164986358893,0.107268083530633,0.051058589159354,0.0619026894057564,0.0108441002464024,1.05238454980307,1.06385881495737
Error,VP0788,Incongruent,OddsRatio,0.0998761267303941,0.110565664532581,0.839721940593849,0.912507918531526,0.072785977937677,2.31572297869411,2.49056083120621
Error,VP0789,Incongruent,OddsRatio,0.0318976028689794,0.0274297559878096,0.164446010442713,0.163004049140124,-0.00144196130258936,1.17873992818676,1.1770414556846
Error,VP0790,Incongruent,OddsRatio,0.123389562961449,0.125370380275416,0.410152647634208,0.36521960479057,-0.0449330428436384,1.50704781483923,1.44083038666414
Error,VP0791,Incongruent,OddsRatio,0.0720843928201838,0.0875445964179273,0.0204857151073879,0.0231832906187854,0.00269757551139746,1.02069698759219,1.02345411189403
Error,VP0792,Incongruent,OddsRatio,0.0180669545732834,0.0190917807077405,0.573090473358021,0.756168522745635,0.183078049387614,1.77374028673375,2.13009913894886
Error,VP0793,Incongruent,OddsRatio,0.120402768128724,0.128093186369545,0.345065554982104,0.390183067299608,0.0451175123175038,1.41208248567562,1.47725120551916
Error,VP0794,Incongruent,OddsRatio,0.0473362195850141,0.0260643259654414,0.388991649617553,0.394860001744413,0.00586835212686032,1.47549223035719,1.48417639426949
Error,VP0795,Incongruent,OddsRatio,0.0943464406465438,0.0576602055626476,0.31280639394277,0.307359921211634,-0.00544647273113641,1.36725679620377,1.35983031177754
Error,VP0796,Incongruent,OddsRatio,0.0936267230570682,0.123320476498275,0.270575183456791,0.373766899833586,0.103191716376795,1.31071813734755,1.45319837019159
Error,VP0797,Incongruent,OddsRatio,0.0780353458562998,0.123782287713952,0.455791338306804,0.482476646899416,0.0266853085926111,1.5774211630531,1.62008180826684
Error,VP0798,Incongruent,OddsRatio,0.0245475448300089,0.113790121550125,0.344867780555846,0.470101255903018,0.125233475347172,1.41180323948698,1.60015621027667
Error,VP0799,Incongruent,OddsRatio,0.0619914585502736,0.107034386290568,0.48487941844515,0.505880741012938,0.0210013225677886,1.62397917510352,1.65844553842104
Error,VP0800,Incongruent,OddsRatio,0.0725349643176015,0.0150457134511336,0.260962767740249,0.0428800254923223,-0.218082742247927,1.29817933038385,1.04381265642849
Error,VP0801,Incongruent,OddsRatio,0.113302162833159,0.125612668185988,0.48351309344721,0.488319574798465,0.00480648135125566,1.62176180692818,1.6295755380429
Error,VP0802,Incongruent,OddsRatio,0.10405113840397,0.102168123468901,0.890752161517441,0.958753936522191,0.0680017750047505,2.43696195110988,2.60844416054742
Error,VP0803,Incongruent,OddsRatio,0.0456248124919874,0.0292525627236737,0.40101815017953,0.442984735188132,0.0419665850086026,1.49334437272245,1.55734856152753
Error,VP0804,Incongruent,OddsRatio,0.0984984779583717,0.114564559458959,0.611511860913019,0.679089221713166,0.0675773608001475,1.84321597949552,1.97208078568523
Error,VP0805,Incongruent,OddsRatio,0.0973734121641346,0.104862110845546,0.309553495411127,0.332100786393429,0.0225472909823017,1.36281647445245,1.39389332691449
Error,VP0806,Incongruent,OddsRatio,0.0585173573500273,0.0848980118231925,0.847260141618776,0.848830347653646,0.00157020603487046,2.33324532453347,2.33691187829197
Error,VP0807,Incongruent,OddsRatio,0.0686661861879186,0.0822838072777852,0.4533447226676,0.471984765587848,0.0186400429202482,1.57356653708285,1.60317296014291
Error,VP0808,Incongruent,OddsRatio,0.109203811092446,0.118990481029613,0.0872513886209461,0.158362854820454,0.0711114661995076,1.09117095320336,1.17159123511629
Error,VP0809,Incongruent,OddsRatio,0.027954880240452,0.121920290223242,0.0412325431641503,0.126114650077946,0.084882106913796,1.04209440930263,1.13441222127718
Error,VP0810,Incongruent,OddsRatio,0.117660372404353,0.119379025689258,0.595059212498569,0.682521177363698,0.087461964865129,1.81313830223081,1.97886050667738
Error,VP0811,Incongruent,OddsRatio,0.113218763723005,0.128136528668556,0.601086789968444,0.791704661222858,0.190617871254414,1.8241001372776,2.20715567391389
Error,VP0812,Incongruent,OddsRatio,0.0998856333208118,0.123743102256703,0.347191364268396,0.393856915239518,0.0466655509711217,1.41508749664514,1.4826883833841
Error,VP0813,Incongruent,OddsRatio,0.113806105855657,0.129525931468605,0.0440103270851671,-0.0449184452799821,-0.0889287723651492,1.04499314656594,0.956075451119407
Error,VP0814,Incongruent,OddsRatio,0.107092249101629,0.0180656672024176,0.411458789098578,0.263821116709047,-0.147637672389531,1.5090175185548,1.30189528815621
Error,VP0815,Incongruent,OddsRatio,0.118902884881805,0.037605240964987,0.197366941223404,0.193895345731244,-0.00347159549216042,1.21819096318612,1.21396922924601
Error,VP0816,Incongruent,OddsRatio,0.104647730808801,0.0918333235179473,0.565747714201185,0.676405273027316,0.110657558826131,1.76076383877078,1.96679491872304
Error,VP0817,Incongruent,OddsRatio,0.0907181317287072,0.117627194908282,0.694199847166025,0.777642506665841,0.0834426594998162,2.00210644170807,2.1763355164785
Error,VP0818,Incongruent,OddsRatio,0.0179773004518512,0.108703618379312,0.33820270012682,0.375065844222165,0.036863144095345,1.40242474627024,1.45508722055025
Error,VP0819,Incongruent,OddsRatio,0.0717913437491283,0.0791030562475591,-0.334330593460803,-0.32236441396859,0.0119661794922128,0.715817098654397,0.724434148299559
Error,VP0820,Incongruent,OddsRatio,0.114623422103169,0.0376306569289232,0.374162736283328,0.280731751240725,-0.0934309850426034,1.45377371293852,1.32409836854714
Error,VP0821,Incongruent,OddsRatio,0.0775581042562885,0.087687958602897,0.328479068264367,0.370026579964871,0.0415475117005036,1.38885416889555,1.44777309590994
Error,VP0822,Incongruent,OddsRatio,0.0175806827011945,0.107761552732487,0.430661041013989,0.60436405724123,0.173703016227242,1.53827404976615,1.830088007526
Error,VP0823,Incongruent,OddsRatio,0.0902049944704601,0.125227073368319,0.600000094934316,0.62821725232924,0.0282171573949238,1.82211897337212,1.87426625530618
Error,VP0824,Incongruent,OddsRatio,0.114497040953349,0.126347958720135,0.933293230072492,0.961754290572554,0.0284610605000621,2.54286965839792,2.61628216907009
Error,VP0825,Incongruent,OddsRatio,0.119189379551281,0.0828795365565312,0.348825459656457,0.265941226426333,-0.0828842332301242,1.41740177495789,1.30465837699829
Error,VP0826,Incongruent,OddsRatio,0.108419313785924,0.10095542529782,0.493780323559475,0.523595509920037,0.0298151863605624,1.63849858171951,1.68808628220879
Error,VP0827,Incongruent,OddsRatio,0.111914393890415,0.125559142571466,0.470463018607808,0.644980150679933,0.174517132072125,1.60073519183604,1.90594919710081
Error,VP0828,Incongruent,OddsRatio,0.0659679874064969,0.0789743874045626,0.136737475649355,0.160869414352994,0.024131938703639,1.14652711772109,1.17453158183248
Error,VP0829,Incongruent,OddsRatio,0.101059555202668,0.0123435416984451,0.221663461072062,-0.109874556685886,-0.331538017757948,1.24815125568902,0.895946518748085
Error,VP0830,Incongruent,OddsRatio,0.110012774776537,0.10215922850199,0.214161077136708,0.149346241172327,-0.0648148359643806,1.23882218465357,1.16107493156604
Error,VP0831,Incongruent,OddsRatio,0.0422273087181874,0.125246632086755,0.360579865680012,0.425307879188414,0.064728013508402,1.43416079411694,1.53006142122246
Error,VP0832,Incongruent,OddsRatio,0.108184277959963,0.112086227861453,0.601889817853752,0.668682272962503,0.0667924551087515,1.82556552884983,1.95166386520913
Error,VP0833,Incongruent,OddsRatio,0.0292990908010603,0.0316547161839686,0.419472856581163,0.562955481925737,0.143482625344574,1.52115947502519,1.75585423471801
Error,VP0834,Incongruent,OddsRatio,0.0274304169010257,0.0246460752084911,0.461517113534956,0.552662829804144,0.0911457162691876,1.58647902897858,1.7378745260756
Error,VP0836,Incongruent,OddsRatio,0.048965687729587,0.09975777596507,0.214134143431396,0.404782657230467,0.190648513799071,1.23878881903124,1.49897667290841
Error,VP0837,Incongruent,OddsRatio,0.125913370833893,0.124966622759295,0.442896413632549,0.473441758461372,0.0305453448288225,1.55721102015402,1.605510474178
Error,VP0838,Incongruent,OddsRatio,0.0730550080218014,0.107253607218368,0.319331274546674,0.467451831106162,0.148120556559488,1.37620715180029,1.59592232788744
Error,VP0839,Incongruent,OddsRatio,0.0281182355324142,0.0841938036279073,0.350512862985932,0.462943730607067,0.112430867621135,1.41979552247294,1.5887439422437
Error,VP0840,Incongruent,OddsRatio,0.116164335063217,0.115783547188818,0.571308245238064,0.582617372029618,0.011309126791554,1.77058189224298,1.7907192808734
Error,VP0841,Incongruent,OddsRatio,0.118466898373059,0.113548635243987,0.447061133422103,0.434408402065883,-0.0126527313562204,1.56370989130129,1.54404933230342
Error,VP0842,Incongruent,OddsRatio,0.0459353292161189,0.0644222652376328,0.396165636389998,0.424747593404155,0.0285819570141576,1.486115451965,1.52920438967282
Error,VP0843,Incongruent,OddsRatio,0.00965489460524143,0.0249370795984111,0.176563757134452,0.163300812837787,-0.0132629442966648,1.19311049364083,1.17739081069467
Error,VP0844,Incongruent,OddsRatio,0.117545764853999,0.020480577317686,0.160537825057897,-0.00175998441374861,-0.162297809471645,1.17414218429678,0.998241563450614
Error,VP0845,Incongruent,OddsRatio,0.0736742138701943,0.12102114548216,0.844937262476948,0.967679975849479,0.12274271337253,2.32783176758979,2.63183145839758
Error,VP0846,Incongruent,OddsRatio,0.0920340369283932,0.0553417362783611,0.494441013175736,0.538833024529542,0.0443920113538062,1.63958147840862,1.71400549227148
Error,VP0847,Incongruent,OddsRatio,0.105785772964812,0.127551986073253,0.449021588901717,0.514039040924592,0.0650174520228751,1.56677848186099,1.67203097619714
Error,VP0848,Incongruent,OddsRatio,0.106030080211654,0.104309245447632,0.496699210668967,0.483494984248825,-0.0132042264201418,1.64328816082841,1.62173243838781
Error,VP0849,Incongruent,OddsRatio,0.117174722576617,0.0900692542757617,0.557291770293334,0.505678748326402,-0.0516130219669321,1.74593769139318,1.65811057838213
Error,VP0850,Incongruent,OddsRatio,0.0803274419267757,0.0161958159260199,0.260121505681007,0.0160745063459435,-0.244046999335063,1.29708768061326,1.01620439626189
Error,VP0851,Incongruent,OddsRatio,0.0799881167974043,0.092588590761825,0.383726437661708,0.407602526249365,0.0238760885876577,1.46774386731233,1.50320955607157
Error,VP0852,Incongruent,OddsRatio,0.0589720715582651,0.0874681435230166,0.306030910147859,0.376345063494059,0.0703141533461997,1.35802428263052,1.45694978722667
Error,VP0853,Incongruent,OddsRatio,0.0945710273398666,0.086489540068734,0.568029254101983,0.567043745119423,-0.000985508982559891,1.76478567797352,1.76304732255871
Error,VP0854,Incongruent,OddsRatio,0.108995236817441,0.101738629845244,0.362027084359799,0.3295582254995,-0.0324688588602992,1.43623784101601,1.39035376992758
Error,VP0855,Incongruent,OddsRatio,0.1213039056882,0.104421770162825,0.515162313491205,0.443603933567554,-0.0715583799236506,1.67391017795353,1.55831316784354
Error,VP0856,Incongruent,OddsRatio,0.124383200688184,0.121340895382074,0.589242671526764,0.648722715473947,0.059480043947183,1.80262272081046,1.91309570024897
Error,VP0857,Incongruent,OddsRatio,0.102688559954419,0.110913652803889,0.428017441450466,0.354566964570646,-0.0734504768798205,1.53421283963147,1.42556320122869
Error,VP0858,Incongruent,OddsRatio,0.120520666234529,0.0258890172042069,0.186382365061115,0.0738693972288367,-0.112512967832278,1.20488287742515,1.07666618072661
Error,VP0859,Incongruent,OddsRatio,0.0739843362544005,0.079126105197252,0.333806150774231,0.343614814297542,0.00980866352331067,1.39627245100499,1.41003540541404
Error,VP0860,Incongruent,OddsRatio,0.10267598761945,0.0401961593905324,0.524426671578473,0.480551802737588,-0.0438748688408845,1.68948993805435,1.61696640255366
Error,VP0861,Incongruent,OddsRatio,0.120415851199004,0.121064743600291,0.463446248422597,0.570463654254371,0.107017405831774,1.58954251501071,1.76908710607122
Error,VP0862,Incongruent,OddsRatio,0.0807587742239633,0.0831510775088765,0.315944292981765,0.354288568830471,0.0383442758487067,1.37155384832261,1.42516638574455
Error,VP0863,Incongruent,OddsRatio,0.102213827742626,0.0940498450272489,0.261800267367812,0.308348462860153,0.046548195492342,1.29926701049182,1.36117522531765
Error,VP0864,Incongruent,OddsRatio,0.0286238202772181,0.114987124356241,0.342770754412488,0.550719327695738,0.20794857328325,1.40884575323129,1.73450024329499
Error,VP0865,Incongruent,OddsRatio,0.0988821654731263,0.117819005305357,0.283936452096866,0.311014179088709,0.0270777269918434,1.32834851430786,1.36480857279079
Error,VP0866,Incongruent,OddsRatio,0.0957690631041436,0.073950209730917,0.52163645043791,0.587300028655701,0.0656635782177916,1.68478245802168,1.79912426785523
Error,VP0867,Incongruent,OddsRatio,0.0136429859577527,0.0148218944603075,0.0525559170819276,0.0195135108417056,-0.033042406240222,1.0539614948821,1.01970514384237
Error,VP0868,Incongruent,OddsRatio,0.0793312926582034,0.104686333029964,0.399609937327774,0.442154606859235,0.0425446695314615,1.4912429059882,1.55605629881479
Error,VP0869,Incongruent,OddsRatio,0.0126818025220252,0.0419927444672508,0.412783134055333,0.381569676590406,-0.031213457464927,1.51101730220457,1.46458170571595
Error,VP0870,Incongruent,OddsRatio,0.0969058871388047,0.100748201417073,0.494798719627761,0.556457550451514,0.0616588308237531,1.64016807219,1.74448180287841
Error,VP0871,Incongruent,OddsRatio,0.103449034630171,0.122733875704817,0.560168574080529,0.671545998591967,0.111377424511438,1.75096764317917,1.95726090540869
Error,VP0872,Incongruent,OddsRatio,0.0892995506016399,0.0322666798939969,0.167387156526034,0.135193496261535,-0.0321936602644994,1.18221187776245,1.14475826936785
Error,VP0873,Incongruent,OddsRatio,0.122138443306196,0.125526326416256,0.363986063841737,0.363446238715291,-0.000539825126445903,1.43905415913179,1.43827753117888
Error,VP0874,Incongruent,OddsRatio,0.0137643420356218,0.099176007121751,0.0990820328950227,0.343345920399503,0.24426388750448,1.10415687302868,1.40965630646848
Error,VP0875,Incongruent,OddsRatio,0.10832590967981,0.0738481791027525,0.356097842219289,0.33652561628271,-0.0195722259365786,1.42774723538818,1.4000747335207
Error,VP0876,Incongruent,OddsRatio,0.114055682467463,0.126387348927352,0.426958663485373,0.503092366985718,0.0761337035003454,1.53258930851426,1.65382761319956
Error,VP0877,Incongruent,OddsRatio,0.105653411868318,0.107619967372715,0.166341611365118,0.236979606062374,0.0706379946972562,1.18097646780547,1.26741526992375
Error,VP0878,Incongruent,OddsRatio,0.121602579374851,0.0783264568402267,0.247730511396155,0.0686993115678772,-0.179031199828277,1.28111463987427,1.07111408910581
Error,VP0879,Incongruent,OddsRatio,0.117614293342768,0.109909035217288,0.42101822967966,0.379713510333952,-0.0413047193457078,1.52351205129226,1.46186572001428
Error,VP0880,Incongruent,OddsRatio,0.118869450300254,0.113491044122106,0.538214030982671,0.589139814867181,0.0509257838845097,1.7129448622279,1.802437318594
Error,VP0881,Incongruent,OddsRatio,0.0167314521028656,0.10150758714758,1.09961926477379,1.00897802333905,-0.0906412414347435,3.00302244982903,2.74279650817365
Error,VP0882,Incongruent,OddsRatio,0.049246085129855,0.0940101411820395,0.579621497264343,0.62734522096134,0.0477237236969972,1.7853625382397,1.87263254876496
Error,VP0883,Incongruent,OddsRatio,0.0504008333562922,0.124833601675353,0.58315180257081,0.645731222674896,0.0625794201040868,1.79167655172241,1.90738123988287
Error,VP0884,Incongruent,OddsRatio,0.11385928135389,0.114749135889735,0.236189342050379,0.261735933230093,0.0255465911797136,1.26641407290477,1.29918342595774
Error,VP0885,Incongruent,OddsRatio,0.0429191168648061,0.0532083310913941,0.393381977050003,0.489365026093307,0.0959830490433048,1.48198436524346,1.63128007074691
Error,VP0886,Incongruent,OddsRatio,0.0770327874746289,0.116276560787389,0.535283048566509,0.575669324131518,0.0403862755650086,1.7079316014354,1.778320401422
Error,VP0887,Incongruent,OddsRatio,0.0276633882285983,0.0239359948220408,0.577934452164099,0.698230754828459,0.12029630266436,1.78235309036831,2.01019303511122
Error,VP0888,Incongruent,OddsRatio,0.0764229350878333,0.10176852178213,0.828061910682113,0.876194512390998,0.0481326017088844,2.28887838800071,2.40174249234127
Error,VP0889,Incongruent,OddsRatio,0.059264247483147,0.108676607882585,0.439728819489593,0.272915666368902,-0.166813153120691,1.55228621166231,1.3137894435184
Error,VP0890,Incongruent,OddsRatio,0.0209730395524364,0.0169976793283539,0.288061121918076,0.433795297308432,0.145734175390357,1.3338388284195,1.54310295845485
Error,VP0891,Incongruent,OddsRatio,0.124327797946245,0.106681069640886,0.408459921590344,0.399837229240132,-0.00862269235021196,1.5044989536242,1.49158189196301
Error,VP0892,Incongruent,OddsRatio,0.028911563902743,0.120283692444202,0.395615935102019,0.545311535601592,0.149695600499572,1.48529875687671,1.72514574298548
Error,VP0893,Incongruent,OddsRatio,0.0987291918136294,0.0751707073421184,0.467560875664666,0.510168959079641,0.0426080834149749,1.59609636402177,1.66557258478453
Error,VP0894,Incongruent,OddsRatio,0.117779976677418,0.114808340064283,0.282720875773192,0.296306674460706,0.0135857986875145,1.32673478630777,1.34488253472199
Error,VP0895,Incongruent,OddsRatio,0.121916981057899,0.121971642569833,0.675096309051432,0.779136115186077,0.104039806134645,1.96422213923166,2.17958853851476
Error,VP0896,Incongruent,OddsRatio,0.121347332265876,0.0519556420162987,0.347727583896506,0.186068734972809,-0.161658848923698,1.41584649781381,1.20450504915416
Error,VP0897,Incongruent,OddsRatio,0.101447688799493,0.109056191340133,0.491905975790685,0.574074903725376,0.0821689279346911,1.63543034193117,1.77548727028655
Error,VP0898,Incongruent,OddsRatio,0.0978940190934953,0.117093005364885,0.353109333879572,0.273819783459389,-0.0792895504201834,1.42348677025692,1.3149778001334
Error,VP0899,Incongruent,OddsRatio,0.0936451652506088,0.0998921621777932,0.158798119833832,0.185659176417283,0.0268610565834516,1.1721012987893,1.20401183481307
Error,VP0900,Incongruent,OddsRatio,0.100456319142411,0.122772994325143,0.531836994992828,0.583314941370787,0.0514779463779584,1.70205610708526,1.79196886752838
Error,VP0901,Incongruent,OddsRatio,0.0966274796039766,0.120052376385669,0.357779237367596,0.397700747601008,0.0399215102334127,1.43014986197908,1.48839855641743
Error,VP0902,Incongruent,OddsRatio,0.115046733693313,0.124685918502282,0.536035095001043,0.582740996021702,0.0467059010206597,1.70921652840851,1.79094067042385
Error,VP0903,Incongruent,OddsRatio,0.103735119787357,0.126682723797037,0.65025529437881,0.675493522705943,0.0252382283271323,1.91602991824814,1.96500251006257
Error,VP0904,Incongruent,OddsRatio,0.105869894846895,0.0437499912677364,0.467453254213883,0.441185454634417,-0.0262677995794657,1.59592459905845,1.55454897392247
Error,VP0905,Incongruent,OddsRatio,0.110821365285912,0.123329008777665,0.444836390767031,0.472128466510405,0.0272920757433736,1.56023490611312,1.60340335412982
Error,VP0906,Incongruent,OddsRatio,0.0331031502757177,0.0801683432407568,0.333485345276493,0.342735713433792,0.00925036815729818,1.39582459096819,1.4087963867622
Error,VP0907,Incongruent,OddsRatio,0.0959749053757581,0.067261414738361,0.544688478521798,0.551620053775563,0.00693157525376542,1.724071213498,1.73606325671739
Error,VP0908,Incongruent,OddsRatio,0.0579164348098732,0.105211984804433,0.633591220020639,0.62102148178662,-0.0125697382340189,1.88436561411587,1.86082787314006
Error,VP0909,Incongruent,OddsRatio,0.121059732681959,0.126703447678438,0.303635587645771,0.34528778992319,0.0416522022774193,1.3547752692788,1.41239633461644
Error,VP0910,Incongruent,OddsRatio,0.118573274842326,0.120995323383716,0.627328882026717,0.706363281746161,0.079034399719444,1.87260195219413,2.02660763971696
Error,VP0911,Incongruent,OddsRatio,0.12020441936882,0.0326917233042616,0.360380758638648,0.202945729347837,-0.157435029290812,1.43387527103015,1.22500598456977
Error,VP0912,Incongruent,OddsRatio,0.116986780824646,0.111122203113895,0.0913816781829857,0.0941462111136935,0.0027645329307078,1.09568712533085,1.09872037930399
Error,VP0913,Incongruent,OddsRatio,0.0771058205520366,0.102644019725916,0.118069377103438,0.151559395584624,0.0334900184811854,1.12532218025252,1.16364741527566
Error,VP0914,Incongruent,OddsRatio,0.108780446049978,0.083122380378992,0.754114200561605,0.795590490742115,0.0414762901805091,2.12572772072162,2.21574898985253
Error,VP0915,Incongruent,OddsRatio,0.115931697213361,0.12199170100039,0.657476939096875,0.815160468346689,0.157683529249814,1.92991688861712,2.25953822762327
Error,VP0916,Incongruent,OddsRatio,0.115997500047207,0.0985943845650385,1.11293974528766,0.98410704571024,-0.128832699577415,3.04329175970241,2.67542178809389
Error,VP0917,Incongruent,OddsRatio,0.0829034649791998,0.0773285544015951,0.182487848998119,0.225746573478745,0.0432587244806254,1.20019956723778,1.25325801621025
Error,VP0918,Incongruent,OddsRatio,0.109817855377357,0.0879223990449816,0.102019071996861,0.171897844763198,0.0698787727663362,1.10740459194343,1.18755651190052
Error,VP0919,Incongruent,OddsRatio,0.0962760033356814,0.122107893904646,0.819754823010407,0.819974956651634,0.00022013364122675,2.26994323145366,2.270442977326
Error,VP0920,Incongruent,OddsRatio,0.080846958564074,0.120594125886164,0.247018706398176,0.386936721359055,0.139918014960879,1.28020306054248,1.47246331284779
Error,VP0921,Incongruent,OddsRatio,0.0635156225945001,0.0713411894289806,1.03712656360665,1.08758482197189,0.050458258365236,2.82109910794725,2.96709933879068
Error,VP0922,Incongruent,OddsRatio,0.109189566399356,0.109184374711982,0.294991755410639,0.401719478998039,0.1067277235874,1.34311528520664,1.49439206551263
Error,VP0923,Incongruent,OddsRatio,0.111610330056222,0.046794343553162,0.359825289805578,0.102607406129151,-0.257217883676427,1.4330790191736,1.1080563075576
Error,VP0924,Incongruent,OddsRatio,0.0617258585124965,0.0740707413745969,0.755855437690798,0.881734218942612,0.125878781251814,2.12943234113079,2.4150843618624
Error,VP0925,Incongruent,OddsRatio,0.118333316783041,0.119878428148519,0.335009513632669,0.379643144778381,0.0446336311457117,1.39795368477705,1.46176285863971
Error,VP0926,Incongruent,OddsRatio,0.0846113937316965,0.107521045001464,0.568925872347875,0.590008254738908,0.0210823823910324,1.76636872660156,1.80400330691268
Error,VP0927,Incongruent,OddsRatio,0.0841015628423977,0.116724628157838,0.288642342613018,0.359748146545581,0.0711058039325628,1.33461430849099,1.43296847105031
Error,VP0928,Incongruent,OddsRatio,0.0673078247526949,0.0800195497175062,0.598621223410933,0.424234371996808,-0.174386851414126,1.81960823679691,1.52841977060271
Error,VP0929,Incongruent,OddsRatio,0.0330351374308706,0.0409057625712683,0.413778097583495,0.511856560120843,0.0980784625373485,1.51252145747642,1.66838577992067
Error,VP0930,Incongruent,OddsRatio,0.108990702990278,0.110433222144152,0.398455871333695,0.372792374240672,-0.0256634970930233,1.48952290594916,1.4517828810155
Error,VP0931,Incongruent,OddsRatio,0.0918852805527232,0.12752445150397,0.158373504351809,0.202357182019398,0.0439836776675888,1.17160371208032,1.22428522269228
Error,VP0932,Incongruent,OddsRatio,0.0132601971885439,0.0125002420354302,0.805276649261569,1.16611764079118,0.360840991529612,2.23731536485521,3.20950795642932
Error,VP0933,Incongruent,OddsRatio,0.101980655039125,0.108035337525003,0.326690501796567,0.384805009154865,0.0581145073582979,1.386372331028,1.46932778803919
Error,VP0934,Incongruent,OddsRatio,0.0889641139202939,0.117253625441047,0.127181082638377,0.0434425949156756,-0.0837384877227011,1.13562264070753,1.04440003871887
Error,VP0935,Incongruent,OddsRatio,0.0135785327183991,0.12955651977773,0.454709392102172,0.451269410258848,-0.00343998184332339,1.57571540115033,1.57030428119336
Error,VP0936,Incongruent,OddsRatio,0.11265309399216,0.130667165301232,0.505952693752215,0.611507338841755,0.10555464508954,1.65856487241362,1.84320764436035
Error,VP0937,Incongruent,OddsRatio,0.0731541774085014,0.0474439652435939,0.980927100858961,0.994994561419607,0.0140674605606466,2.66692760702531,2.70470963145868
Error,VP0938,Incongruent,OddsRatio,0.0657422322035206,0.077974823823656,0.695216667953975,0.750494419488052,0.0552777515340772,2.00414326052205,2.11804696147074
Error,VP0939,Incongruent,OddsRatio,0.0931087850472042,0.0867259570146951,0.56623780567743,0.484979078193747,-0.0812587274836831,1.76162698561302,1.62414102852484
Error,VP0940,Incongruent,OddsRatio,0.0927924309415443,0.0759393806621555,0.681354828556894,0.730749040300908,0.0493942117440139,1.97655381055422,2.07663550894606
Error,VP0941,Incongruent,OddsRatio,0.113024354779267,0.11029633858992,0.326067247160751,0.49508901737568,0.169021770214929,1.38550853725542,1.64064427840502
Error,VP0942,Incongruent,OddsRatio,0.117739388170474,0.116213412227841,0.415725310066699,0.325793496589612,-0.0899318134770871,1.51546952746737,1.38512930541187
Error,VP0943,Incongruent,OddsRatio,0.101860767551474,0.126463740799858,0.681758260171758,0.661399612183021,-0.0203586479887369,1.97735137572056,1.93750218925545
Error,VP0944,Incongruent,OddsRatio,0.117018336621962,0.113932275384876,0.406564915801132,0.40105893581715,-0.00550597998398167,1.50165061905484,1.49340528096696
Error,VP0945,Incongruent,OddsRatio,0.0757244616789253,0.0608876146437295,0.247552827821247,0.271993313976521,0.0244404861552739,1.28088702706732,1.31257822535294
Error,VP0946,Incongruent,OddsRatio,0.111483258232372,0.107808637658131,0.723842850357701,0.772716404116314,0.0488735537586135,2.0623432789123,2.16564102724395
Error,VP0947,Incongruent,OddsRatio,0.102690073638108,0.0336600939693397,0.605885236992429,0.569288231685473,-0.0365970053069562,1.83287401882071,1.76700890278319
Error,VP0948,Incongruent,OddsRatio,0.113297526543227,0.119071622872721,0.549809492814167,0.567458674864559,0.0176491820503922,1.73292285216309,1.76377901512493
Error,VP0949,Incongruent,OddsRatio,0.0244920080736503,0.0230509975513946,0.366377921843161,0.469124942765635,0.102747020922474,1.44250029202412,1.59859471912291
Error,VP0950,Incongruent,OddsRatio,0.120421716451473,0.0984311991837859,0.437835799465139,0.554142253900196,0.116306454435057,1.54935048235382,1.74044748230282
Error,VP0951,Incongruent,OddsRatio,0.118898249207005,0.127054450176284,0.389273923893575,0.42840704581965,0.0391331219260753,1.47590878264652,1.53481069211246
Error,VP0952,Incongruent,OddsRatio,0.0969279888472808,0.0714222844629336,0.251403323763149,0.286909838593847,0.0355065148306981,1.28582858498601,1.33230408565053
Error,VP0953,Incongruent,OddsRatio,0.0772132556234707,0.110111301709984,-0.0396167414880643,0.0269838101355795,0.0666005516236438,0.961157740455853,1.02735116995269
Error,VP0954,Incongruent,OddsRatio,0.0413194820425853,0.0253602416291321,0.330776522387983,0.405155679462817,0.0743791570748338,1.39204866583294,1.49953592883414
Error,VP0955,Incongruent,OddsRatio,0.0386277904165489,0.0220259989711397,0.50981508994,0.489730692185021,-0.0200843977549793,1.66498329431895,1.63187668362877
Error,VP0956,Incongruent,OddsRatio,0.0372746587482136,0.109774209166692,0.466468228511547,0.507706900194266,0.0412386716827193,1.59435334629861,1.66147689099149
Error,VP0957,Incongruent,OddsRatio,0.115878547182056,0.121321747682971,0.251834881307254,0.373015879406177,0.121180998098923,1.2863836137671,1.45210739825289
Error,VP0958,Incongruent,OddsRatio,0.116606291929964,0.0570141722608069,0.695568100107287,0.675665500162415,-0.0199025999448729,2.00484770467855,1.96534047525658
Error,VP0959,Incongruent,OddsRatio,0.111053695426089,0.118894709328404,0.794635513331642,0.840132466657117,0.0454969533254748,2.21363400965984,2.31667383849519
Error,VP0960,Incongruent,OddsRatio,0.101706296262186,0.0832475727577455,0.465764301520345,0.441373845790593,-0.0243904557297514,1.59323143286353,1.55484186478916
Error,VP0961,Incongruent,OddsRatio,0.120820041435556,0.115413392009644,0.0878753592495171,0.100469947473353,0.012594588223836,1.09185202429099,1.10569041241419
Error,VP0962,Incongruent,OddsRatio,0.106460393670981,0.0800676059313752,0.443769726258226,0.430535723132643,-0.0132340031255826,1.55857154619457,1.53808128859977
Error,VP0963,Incongruent,OddsRatio,0.0207654392760746,0.109824218642355,-0.0968308114953218,0.00465842619047481,0.101489237685797,0.907709567166877,1.0046692935261
Error,VP0964,Incongruent,OddsRatio,0.119221205958866,0.0276298732381751,0.348881637643532,0.295383755661353,-0.0534978819821794,1.41748140397316,1.34364188994303
Error,VP0965,Incongruent,OddsRatio,0.108518445826821,0.0142478128340197,0.127379625046809,-0.00961435909207086,-0.13699398413888,1.13584813234578,0.990431711094981
Error,VP0966,Incongruent,OddsRatio,0.10730056821511,0.117838560000823,0.432318776033089,0.307203088956378,-0.125115687076711,1.54082621535009,1.35961706324554
Error,VP0967,Incongruent,OddsRatio,0.0474051289993472,0.119386360742731,0.71490742953268,0.825992151403696,0.111084721871016,2.04399745970044,2.28414586000632
Error,VP0968,Incongruent,OddsRatio,0.0981170554238647,0.103417177967315,0.45100436049656,0.341098542143503,-0.109905818353057,1.56988812757006,1.4064918327535
Error,VP0969,Incongruent,OddsRatio,0.12006043425104,0.113574669902599,0.387071407757792,0.514036081127484,0.126964673369691,1.47266164698482,1.67202602733201
Error,VP0970,Incongruent,OddsRatio,0.0132207095515774,0.118161215998664,0.542969923692342,0.590129969579009,0.0471600458866672,1.72111084709232,1.80422289424997
Error,VP0971,Incongruent,OddsRatio,0.0182462260729733,0.0175055063912464,-0.405748389780317,-0.434035502343929,-0.0282871125636112,0.666477838965541,0.647889253489936
Error,VP0972,Incongruent,OddsRatio,0.0311536533410625,0.0268952435376001,0.367574474134581,0.474781103571723,0.107206629437142,1.44422735210671,1.60766224744304
Error,VP0973,Incongruent,OddsRatio,0.117955661778439,0.125338351362464,0.755641395615907,0.808022230371736,0.052380834755829,2.12897660178959,2.24346653606411
Error,VP0974,Incongruent,OddsRatio,0.0974889792269403,0.114048732219353,0.394468203442662,0.543972474311115,0.149504270868453,1.48359501037876,1.72283721307709
Error,VP0975,Incongruent,OddsRatio,0.121837348871167,0.11118871501221,0.115123191644114,0.00472757915446517,-0.110395612489648,1.12201165151843,1.00473877178787
Error,VP0976,Incongruent,OddsRatio,0.116953426273793,0.0958943635494825,0.578485334376953,0.506515585526896,-0.0719697488500571,1.78333522747892,1.65949872774316
Error,VP0977,Incongruent,OddsRatio,0.101834485793803,0.0681719914258083,0.215858061458557,0.180229382418802,-0.0356286790397551,1.24092623124059,1.19749201523537
Error,VP0978,Incongruent,OddsRatio,0.103866520025531,0.0838687028113976,0.708120184447755,0.689712153107879,-0.018408031339876,2.03017132175888,1.99314173101062
Error,VP0979,Incongruent,OddsRatio,0.0156397390366561,0.0234032628089953,0.645017224857534,0.694191923328332,0.0491746984707981,1.90601985990971,2.00209057740443
Error,VP0980,Incongruent,OddsRatio,0.11869569355433,0.112556209927287,0.941652643799253,0.916106935511101,-0.0255457082881521,2.56421565362411,2.49954055131616
Error,VP0981,Incongruent,OddsRatio,0.0844154799059501,0.0909381219016209,0.681864720291662,0.620541368806257,-0.0613233514854046,1.97756189599092,1.85993467995793
Error,VP0982,Incongruent,OddsRatio,0.084092570400582,0.0889454896505536,0.51092350432497,0.427725179435013,-0.0831983248899568,1.66682980891573,1.53376451301244
Error,VP0983,Incongruent,OddsRatio,0.112630499341665,0.12400737350008,0.651273078669072,0.582970077746788,-0.0683030009222844,1.91798101612856,1.79135098919863
Error,VP0984,Incongruent,OddsRatio,0.0921022825806194,0.0509327144293645,0.385588872829759,0.325159238007503,-0.0604296348222563,1.47047999224526,1.38425105381133
Error,VP0985,Incongruent,OddsRatio,0.118991833733467,0.122535966299263,0.262052106466209,0.361372795425345,0.0993206889591368,1.29959425792944,1.43529843384477
Error,VP0986,Incongruent,OddsRatio,0.121125996488399,0.121304692410285,0.358903643639065,0.482165206999489,0.123261563360425,1.43175883585367,1.61957732871221
Error,VP0987,Incongruent,OddsRatio,0.115913099216776,0.116054246627698,0.668124960428674,0.707901320930348,0.0397763605016743,1.95057648150965,2.02972703994277
Error,VP0988,Incongruent,OddsRatio,0.0933401253285546,0.104827621600489,0.674163805972462,0.685569099835219,0.011405293862757,1.96239134978012,1.9849011210695
Error,VP0989,Incongruent,OddsRatio,0.0131485116638501,0.0172740315799343,0.255596458474958,0.279099119085156,0.0235026606101987,1.29123155723798,1.32193836669754
Error,VP0990,Incongruent,OddsRatio,0.097739897141975,0.00664923008447733,0.241450900138256,-0.2656613432329,-0.507112243371155,1.27309494459715,0.766698731253921
Error,VP0991,Incongruent,OddsRatio,0.11050555242319,0.114730196596793,0.21323247362861,0.287813486140667,0.0745810125120577,1.23767234398265,1.33350856309872
Error,VP0992,Incongruent,OddsRatio,0.104323410306475,0.0246591464395416,0.155179499036096,0.0380056019717137,-0.117173897064382,1.16786757339567,1.03873705183778
Error,VP0993,Incongruent,OddsRatio,0.0221702772893458,0.0298835163679147,0.154231916992955,0.208876974154077,0.0546450571611221,1.16676144720978,1.23229338526812
Error,VP0994,Incongruent,OddsRatio,0.0585334752007399,0.0268224081750182,0.162273437923402,0.17544420054288,0.0131707626194776,1.17618181006614,1.19177548637074
Error,VP0995,Incongruent,OddsRatio,0.121379368861263,0.118186535895702,0.35248458007821,0.281871036897469,-0.0706135431807415,1.42259771923393,1.32560775447415
Error,VP0996,Incongruent,OddsRatio,0.115510642107988,0.119597489610933,0.364915413038755,0.478263260152966,0.113347847114211,1.4403921645999,1.61327013722705
Error,VP0997,Incongruent,OddsRatio,0.0655193227786367,0.0353781561726724,0.516252890127969,0.680171430230572,0.163918540102603,1.67573670108634,1.97421614355134
Error,VP0998,Incongruent,OddsRatio,0.089686948422473,0.0979167292686189,0.67916372168037,0.72072070580151,0.0415569841211404,1.97222771111199,2.05591438625943
Error,VP0999,Incongruent,OddsRatio,0.093389776308787,0.111839550301231,0.589498740618329,0.59149411116538,0.00199537054705112,1.80308437587829,1.8066857892179
Error,VP1000,Incongruent,OddsRatio,0.051385380181801,0.110054689661195,0.346759221704546,0.421899534837532,0.0751403131329852,1.41447610921905,1.52485532214997
