Outcome,Subject,NegLogLike_Symmetric,NegLogLike_Directional,DeltaNegLogLike_DirectionalMinusSymmetric,BIC_Symmetric,BIC_Directional,DeltaBIC_DirectionalMinusSymmetric,DirectionalPreferredByBIC
RT,VP0001,-11.7281327041797,-12.9562270513487,-1.22809434716896,58.5271773784309,56.0709886840929,-2.45618869433792,1
RT,VP0002,271.692451768594,277.35292538355,5.660473614956,624.716662660809,636.037609890721,11.320947229912,0
RT,VP0003,-262.596215326502,-264.98151591851,-2.3853005920073,-443.643961350923,-448.414562534937,-4.77060118401459,1
RT,VP0004,62.7735909823166,66.996938377663,4.22334739534637,205.272658762405,213.719353553098,8.44669479069273,0
RT,VP0005,-128.404595364372,-125.308815020481,3.09578034389057,-176.26830598807,-170.076745300289,6.19156068778113,0
RT,VP0006,48.2780321769587,51.0752261690388,2.79719399208011,176.875948373157,182.470336357317,5.59438798416022,0
RT,VP0007,-288.17583468784,-287.96826854742,0.207566140420113,-494.316558048355,-493.901425767515,0.415132280840226,0
RT,VP0008,-22.6713458153759,-22.6017645303154,0.069581285060508,36.4054494993779,36.544612069499,0.139162570121016,0
RT,VP0009,-240.181041788499,-240.663308998363,-0.482267209864688,-399.376969007097,-400.341503426827,-0.964534419729375,1
RT,VP0010,-248.077104768376,-254.541331229583,-6.4642264612072,-413.864040786208,-426.792493708622,-12.9284529224144,1
RT,VP0011,-70.9803931288749,-75.0193382991662,-4.0389451702913,-61.046218628247,-69.1241089688296,-8.0778903405826,1
RT,VP0012,-86.6218746879155,-85.9050277549852,0.716846932930309,-91.5220399744494,-90.0883461085888,1.43369386586062,0
RT,VP0013,-472.23136194032,-477.350895130025,-5.11953318970598,-862.185180065504,-872.424246444916,-10.239066379412,1
RT,VP0014,-342.486572318802,-344.093788354041,-1.60721603523888,-602.746233808982,-605.96066587946,-3.21443207047776,1
RT,VP0015,-284.24025963267,-284.876810631975,-0.636550999305086,-486.732378135211,-488.005480133821,-1.27310199861017,1
RT,VP0016,-303.759290735791,-303.924904702469,-0.165613966678052,-526.519407146119,-526.850635079475,-0.331227933356104,1
RT,VP0017,-198.810796192856,-202.704523996461,-3.8937278036048,-316.993434533089,-324.780890140299,-7.78745560720961,1
RT,VP0018,-181.872965221151,-181.336676205277,0.536289015874615,-281.723715408535,-280.651137376786,1.07257803174923,0
RT,VP0019,-16.390509789706,-16.913080613383,-0.522570823677029,48.1759259634686,47.1307843161145,-1.04514164735406,1
RT,VP0020,16.3696415447341,19.0320508222932,2.66240927755905,113.682119283281,119.006937838399,5.3248185551181,0
RT,VP0021,-105.279310191146,-105.412750947117,-0.133440755971151,-128.666136341775,-128.933017853717,-0.266881511942302,1
RT,VP0022,159.609862783013,158.997246942098,-0.612615840915169,400.441644105809,399.216412423979,-1.22523168183034,1
RT,VP0023,-76.9665620260965,-80.4144422551954,-3.44788022909881,-72.7250065490084,-79.620767007206,-6.89576045819763,1
RT,VP0024,-178.185173399031,-178.160787921188,0.0243854778424293,-275.655545969756,-275.606775014071,0.0487709556848586,0
RT,VP0025,-209.930494990511,-212.648711344957,-2.71821635444627,-337.308720327497,-342.74515303639,-5.43643270889254,1
RT,VP0026,-367.391541046952,-369.640319266805,-2.24877821985308,-652.505538278769,-657.003094718475,-4.49755643970616,1
RT,VP0027,0.499723401995027,0.760245818222018,0.260522416226991,82.3038398952268,82.8248847276807,0.521044832453981,0
RT,VP0028,-305.512048155828,-307.234727531915,-1.72267937608694,-529.31562463914,-532.760983391314,-3.44535875217389,1
RT,VP0029,-67.1973490812371,-66.898710563027,0.298638518210169,-53.0629390388528,-52.4656620024325,0.597277036420337,0
RT,VP0030,-191.80874114945,-199.775412472383,-7.96667132293351,-302.917078592898,-318.850421238765,-15.933342645867,1
RT,VP0031,-222.752123388125,-223.200358396387,-0.448235008261804,-364.337627873502,-365.234097890025,-0.896470016523608,1
RT,VP0032,-465.85458649888,-468.877914670124,-3.02332817124363,-848.864205906745,-854.910862249232,-6.04665634248727,1
RT,VP0033,-194.270294722818,-193.267768046712,1.0025266761059,-306.351794054035,-304.346740701823,2.0050533522118,0
RT,VP0034,-116.072702217076,-111.259246256541,4.81345596053495,-150.503341342852,-140.876429421782,9.6269119210699,0
RT,VP0035,233.300700124845,233.160295257112,-0.140404867733707,547.487632564965,547.206822829498,-0.280809735467415,1
RT,VP0036,-629.762975955831,-631.574518721642,-1.81154276581151,-1176.76561993219,-1180.38870546381,-3.62308553162302,1
RT,VP0037,-127.987641634142,-127.162463763841,0.825177870300593,-174.253573866902,-172.603218126301,1.65035574060119,0
RT,VP0038,106.506457002902,111.128652200469,4.62219519756695,290.865122227619,300.109512622753,9.24439039513391,0
RT,VP0039,-300.554488138604,-298.893700282506,1.66078785609869,-519.022417925745,-515.700842213547,3.3215757121975,0
RT,VP0040,-319.467803102393,-321.272532437024,-1.80472933463096,-556.595070119017,-560.204528788279,-3.60945866926193,1
RT,VP0041,27.6956072594446,21.9186486089458,-5.77695865049884,134.783996740483,123.230079439485,-11.5539173009977,1
RT,VP0042,-257.463086781883,-260.794511543305,-3.33142476142166,-432.891062236441,-439.553911759284,-6.66284952284332,1
RT,VP0043,-101.977284391986,-104.656994102995,-2.67970971100885,-121.880851525227,-127.240270947245,-5.35941942201771,1
RT,VP0044,-391.258960602997,-394.353065201037,-3.09410459803985,-700.586370391959,-706.774579588039,-6.1882091960797,1
RT,VP0045,-279.531412182962,-278.598307098249,0.933105084713475,-477.474154021219,-475.607943851792,1.86621016942695,0
RT,VP0046,-238.57089423843,-241.418525041249,-2.84763080281959,-394.776147779424,-400.471409385063,-5.69526160563919,1
RT,VP0047,150.135860418788,155.775444192277,5.63958377348879,372.639943960711,383.919111507689,11.2791675469776,0
RT,VP0048,-280.471675422884,-279.319426199941,1.15224922294357,-478.998805986069,-476.694307540181,2.30449844588713,0
RT,VP0049,-334.982294574352,-335.444128282714,-0.461833708362235,-587.737678320082,-588.661345736806,-0.92366741672447,1
RT,VP0050,-185.480494189118,-191.932000716447,-6.45150652732912,-289.305614137484,-302.208627192142,-12.9030130546582,1
RT,VP0051,-307.887538556911,-308.38306498177,-0.495526424858326,-534.186406769117,-535.177459618834,-0.991052849716652,1
RT,VP0052,-123.167819863334,-119.324384462688,3.84343540064555,-164.8544729005,-157.167602099209,7.68687080129109,0
RT,VP0053,-106.36738682986,-106.1143217934,0.253065036460043,-133.261937772321,-132.755807699401,0.506130072920087,0
RT,VP0054,-310.848001043495,-315.273923768731,-4.42592272523547,-539.93466689286,-548.786512343331,-8.85184545047093,1
RT,VP0055,-37.2801129855904,-35.9266022754804,1.35351071010996,6.92094085498607,9.62796227520599,2.70702142021992,0
RT,VP0056,93.3404226384002,87.862949025137,-5.47747361326321,266.23320431805,255.278257091523,-10.9549472265264,1
RT,VP0057,92.941219664165,92.9516503386187,0.0104306744537155,264.235465387477,264.256326736384,0.020861348907431,0
RT,VP0058,-243.168547653217,-244.224922690738,-1.05637503752109,-404.4055444924,-406.518294567443,-2.11275007504219,1
RT,VP0059,62.5644026867478,64.5551255889025,1.99072290215469,206.267678599144,210.249124403454,3.98144580430937,0
RT,VP0060,-50.4001077213371,-50.8712389070967,-0.471131185759646,-19.0652828994586,-20.0075452709779,-0.942262371519291,1
RT,VP0061,-193.227093154025,-193.092415217961,0.134677936063838,-308.031291055886,-307.761935183758,0.269355872127676,0
RT,VP0062,-158.829827137749,-162.317146306253,-3.48731916850471,-235.885139508378,-242.859777845387,-6.97463833700942,1
RT,VP0063,141.133033147205,140.205502732292,-0.927530414913235,361.626676914965,359.771616085139,-1.85506082982647,1
RT,VP0064,-144.467922091518,-145.201316306779,-0.73339421526083,-208.932362673886,-210.399151104408,-1.46678843052166,1
RT,VP0065,40.6463211287364,41.143505315207,0.497184186470577,163.392027975204,164.386396348145,0.994368372941153,0
RT,VP0066,20.91628765441,21.679545498733,0.763257844322993,122.604792514605,124.131308203251,1.52651568864599,0
RT,VP0067,-56.2126989788514,-54.4514623601752,1.76123661867615,-30.4419551709125,-26.9194819335602,3.5224732373523,0
RT,VP0068,-57.7897002020329,-64.60387551784,-6.81417531580712,-35.2595163848263,-48.8878670164406,-13.6283506316142,1
RT,VP0069,-146.318076734548,-149.687916000609,-3.36983926606058,-211.168492553191,-217.908171085312,-6.73967853212116,1
RT,VP0070,162.797004597026,165.313037828435,2.51603323140924,403.1503626771,408.182429139919,5.03206646281848,0
RT,VP0071,-114.611650393154,-114.668712213543,-0.0570618203889239,-148.001382246524,-148.115505887302,-0.114123640777848,1
RT,VP0072,-244.752153906618,-246.555110000716,-1.80295609409831,-407.340990138211,-410.946902326408,-3.60591218819661,1
RT,VP0073,58.0104642219161,64.1274173616903,6.11695313977424,197.229045947017,209.462952226565,12.2339062795485,0
RT,VP0074,-74.1400553697325,-77.3602514285564,-3.22019605882394,-66.7719776098152,-73.2123697274631,-6.44039211764789,1
RT,VP0075,-48.8168516108442,-51.6959384109578,-2.87908680011356,-16.301944098067,-22.0601176982941,-5.75817360022711,1
RT,VP0076,-25.5890050743568,-23.7246282193066,1.86437685505024,27.5203634850336,31.2491171951341,3.72875371010048,0
RT,VP0077,-123.836780677893,-124.989247702524,-1.15246702463099,-165.978342031386,-168.283276080648,-2.30493404926199,1
RT,VP0078,-252.70874109536,-252.684310464835,0.0244306305248756,-423.564192523642,-423.515331262592,0.0488612610497512,0
RT,VP0079,97.7035608545212,98.8694191301961,1.16585827567491,272.812766774773,275.144483326122,2.33171655134981,0
RT,VP0080,7.07901709926301,5.72550900866406,-1.35350809059895,91.4302386517272,88.7232224705293,-2.7070161811979,1
RT,VP0081,-270.241762805758,-270.565731325787,-0.323968520029268,-458.564982928836,-459.212919968895,-0.647937040058537,1
RT,VP0082,-269.636071716205,-268.132347864267,1.50372385193771,-457.643406272517,-454.635958568642,3.00744770387541,0
RT,VP0083,-36.9562012744706,-34.6318078660437,2.32439340842683,5.90645993413558,10.5552467509892,4.64878681685366,0
RT,VP0084,-216.602124174178,-216.720386934648,-0.11826276047077,-351.390281490906,-351.626807011847,-0.236525520941541,1
RT,VP0085,-348.511029689805,-350.66769636497,-2.15666667516564,-615.012754513844,-619.326087864175,-4.31333335033128,1
RT,VP0086,-202.790830459977,-203.490151930194,-0.699321470217058,-324.939019058331,-326.337661998765,-1.39864294043412,1
RT,VP0087,-33.8568105027305,-38.719627866225,-4.86281736349457,13.1726113098137,3.44697658282459,-9.72563472698914,1
RT,VP0088,-190.019668384232,-197.593729129303,-7.57406074507105,-300.066428524258,-315.2145500144,-15.1481214901421,1
RT,VP0089,-223.919987013211,-227.264955853099,-3.34496883988754,-366.091832896292,-372.781770576068,-6.68993767977508,1
RT,VP0090,-606.97190500508,-611.789674357376,-4.81776935229607,-1131.50316906858,-1141.13870777317,-9.63553870459214,1
RT,VP0091,-66.0874905014907,-65.1287260273074,0.95876447418334,-50.0627816161204,-48.1452526677537,1.91752894836668,0
RT,VP0092,-407.186568782674,-408.737736565052,-1.55116778237817,-731.55229108547,-734.654626650226,-3.10233556475634,1
RT,VP0093,-46.9622943482509,-47.3746658483329,-0.412371500082031,-12.7441209751353,-13.5688639752994,-0.824743000164062,1
RT,VP0094,-240.919176958245,-243.726662927892,-2.80748596964736,-402.365518029092,-407.980489968387,-5.61497193929472,1
RT,VP0095,205.414490307417,205.021765035616,-0.392725271800373,480.271749191234,479.486298647633,-0.785450543600746,1
RT,VP0096,-308.121156431615,-306.700014111694,1.42114231992076,-535.117336570229,-532.275051930387,2.84228463984152,0
RT,VP0097,76.5914724881598,79.9688092354947,3.37733674733491,230.943479719439,237.698153214109,6.75467349466982,0
RT,VP0098,-166.417606453575,-171.90807676771,-5.49047031413483,-250.877688057001,-261.858628685271,-10.9809406282697,1
RT,VP0099,198.5353824827,198.437422763099,-0.0979597196012776,475.013951636645,474.818032197442,-0.195919439202612,1
RT,VP0100,-381.327878510611,-382.532711911855,-1.20483340124377,-680.352976603726,-682.762643406213,-2.40966680248755,1
RT,VP0101,-194.829763686575,-197.190428663389,-2.36066497681367,-306.778470029368,-311.499799982995,-4.72132995362733,1
RT,VP0102,-169.551371026338,-173.979708800777,-4.42833777443929,-258.547267644551,-267.40394319343,-8.85667554887857,1
RT,VP0103,-332.825227467413,-332.806629677811,0.0185977896024383,-585.286043962829,-585.248848383624,0.0371955792048766,0
RT,VP0104,-63.7414405174191,-65.3613955228407,-1.61995500542162,-47.8515223665983,-51.0914323774416,-3.23991001084323,1
RT,VP0105,-693.077308330606,-692.801192093451,0.276116237155065,-1303.41857618801,-1302.8663437137,0.552232474310131,0
RT,VP0106,-296.303012058038,-296.047047040214,0.255965017823712,-510.609643322641,-510.097713286993,0.511930035647424,0
RT,VP0107,9.14325892235058,3.47337937347862,-5.66987954887196,98.0432040228739,86.70344492513,-11.3397590977439,1
RT,VP0108,192.77909179642,192.945400886585,0.166309090165271,464.475818421418,464.808436601749,0.332618180330542,0
RT,VP0109,266.846948267429,267.092954272747,0.246006005318122,612.323991179273,612.816003189909,0.492012010636245,0
RT,VP0110,19.0985260782193,17.9750854867339,-1.12344059148541,119.624103896534,117.377222713563,-2.24688118297081,1
RT,VP0111,-323.422185417819,-319.200535476371,4.22164994144731,-564.230531011124,-555.787231128229,8.44329988289462,0
RT,VP0112,38.7774901031581,39.798305359226,1.02081525606786,158.7768987461,160.818529258236,2.04163051213573,0
RT,VP0113,260.817238778492,260.151209223331,-0.666029555161344,599.040122622714,597.708063512391,-1.33205911032269,1
RT,VP0114,-59.756549373163,-64.2727649522603,-4.51621557909738,-37.6075783112622,-46.640009469457,-9.03243115819475,1
RT,VP0115,-90.7461091961858,-99.5043641970346,-8.75825500084886,-101.217027162224,-118.733537163922,-17.5165100016977,1
RT,VP0116,69.6205266145798,68.974193113653,-0.646333500926801,219.24453473831,217.951867736456,-1.2926670018536,1
RT,VP0117,-30.390286698944,-30.50304294261,-0.112756243666013,19.3444281370776,19.1189156497456,-0.225512487332026,1
RT,VP0118,65.4338601171658,64.8607175163187,-0.573142600847063,211.335389372652,210.189104170958,-1.14628520169413,1
RT,VP0119,78.8171847892258,80.0743171581184,1.2571323688926,236.618671245166,239.132935982951,2.5142647377852,0
RT,VP0120,-409.326999672076,-412.072305426821,-2.74530575474478,-736.761515303635,-742.252126813125,-5.49061150948955,1
RT,VP0121,-1.07686844649862,-0.549410404233868,0.527458042264755,77.8802401852973,78.9351562698268,1.05491608452951,0
RT,VP0122,172.746032521815,172.015086368425,-0.730946153390619,424.884847265225,423.422954958443,-1.46189230678124,1
RT,VP0123,100.888721198245,101.085381884383,0.19666068613796,280.077798290612,280.471119662888,0.393321372275921,0
RT,VP0124,-88.6961492462917,-88.0198201664931,0.67632907979862,-95.736924251832,-94.3842660922347,1.35265815959724,0
RT,VP0125,-184.511355716736,-186.204623131262,-1.69326741452659,-288.023537108008,-291.410071937062,-3.38653482905318,1
RT,VP0126,7.19886318792993,6.95641811230178,-0.242445075628154,91.2008157195657,90.7159255683094,-0.484890151256309,1
RT,VP0127,-172.555981636647,-171.791519027539,0.764462609107397,-263.324283392402,-261.795358174187,1.52892521821479,0
RT,VP0128,-257.522809820927,-261.232927536653,-3.7101177157254,-432.75545089131,-440.175686322761,-7.42023543145081,1
RT,VP0129,110.630677481182,111.926080277787,1.2954027966052,299.095284429692,301.686090022903,2.59080559321046,0
RT,VP0130,-164.190763807583,-161.896029809765,2.2947339978175,-245.990834716564,-241.401366720929,4.589467995635,0
RT,VP0131,48.4005936580835,46.4325512602677,-1.96804239781582,173.136817047043,169.200732251411,-3.93608479563164,1
RT,VP0132,-232.076006222126,-239.910064878723,-7.83405865659637,-381.887106860933,-397.555224174126,-15.6681173131927,1
RT,VP0133,-441.309786565902,-443.67286311238,-2.36307654647823,-800.45625545678,-805.182408549736,-4.72615309295645,1
RT,VP0134,80.2210368130521,79.9721093324893,-0.248927480562827,240.732180955127,240.234325994001,-0.497854961125654,1
RT,VP0135,-111.600781575585,-117.166929001784,-5.56614742619843,-141.626278195471,-152.758573047868,-11.1322948523969,1
RT,VP0136,39.6236889400821,39.0557109090677,-0.567978031014434,157.705055765376,156.569099703347,-1.13595606202887,1
RT,VP0137,244.735810505314,242.588629383031,-2.14718112228243,568.555233588987,564.260871344422,-4.29436224456481,1
RT,VP0138,-65.887916528705,-64.8781374559563,1.00977907274864,-49.7665281916439,-47.7469700461466,2.01955814549729,0
RT,VP0139,181.904016456007,180.969623469207,-0.934392986799935,443.470846382013,441.602060408413,-1.86878597359987,1
RT,VP0140,197.415366001354,198.966338226699,1.55097222534505,476.432772822335,479.534717273025,3.1019444506901,0
RT,VP0141,-128.152908532435,-131.490005944396,-3.33709741196054,-174.015648314326,-180.689843138247,-6.67419482392108,1
RT,VP0142,-88.3718763816742,-91.6818808825312,-3.31000450085708,-95.8150425276121,-102.435051529326,-6.62000900171415,1
RT,VP0143,85.794147421973,86.4201182186053,0.625970796632316,253.096427973596,254.34836956686,1.25194159326463,0
RT,VP0144,-55.6885481176961,-53.0509853749931,2.63756274270298,-31.0869889063694,-25.8118634209634,5.27512548540597,0
RT,VP0145,16.0245004354628,12.1669197875896,-3.85758064787325,112.501973130495,104.786811834748,-7.7151612957465,1
RT,VP0146,84.1498977125347,83.7721154935265,-0.377782219008225,249.480263146436,248.724698708419,-0.755564438016449,1
RT,VP0147,-114.687594092552,-116.111771672762,-1.42417758021037,-148.936930826213,-151.785285986634,-2.84835516042074,1
RT,VP0148,212.863069341125,220.192538135018,7.32946879389374,504.407478956146,519.066416543933,14.6589375877874,0
RT,VP0149,-436.157442479476,-437.134248002426,-0.976805522949405,-789.986920901573,-791.940531947472,-1.95361104589881,1
RT,VP0150,135.542184145544,134.377089053615,-1.16509509192957,350.380375794642,348.050185610782,-2.33019018385914,1
RT,VP0151,-24.5836527611687,-23.1442989559011,1.4393538052675,29.8998122080649,32.7785198185999,2.878707610535,0
RT,VP0152,269.642011991939,270.297211272007,0.655199280067905,618.21836027653,619.528758836666,1.31039856013581,0
RT,VP0153,-229.022643701193,-230.285496943481,-1.26285324228724,-377.244464700338,-379.770171184913,-2.52570648457447,1
RT,VP0154,102.58946129077,106.484411884687,3.89495059391754,286.24814964535,294.038050833185,7.78990118783508,0
RT,VP0155,-565.762804364832,-570.232851764545,-4.47004739971339,-1049.15996803223,-1058.10006283165,-8.94009479942679,1
RT,VP0156,-356.920884240714,-358.743756397062,-1.82287215634801,-632.578541811353,-636.224286124049,-3.64574431269602,1
RT,VP0157,-199.408695269104,-199.667738863207,-0.259043594103844,-317.069249408077,-317.587336596285,-0.518087188207687,1
RT,VP0158,-186.579958352505,-184.806624901678,1.77333345082678,-291.111922928783,-287.56525602713,3.54666690165357,0
RT,VP0159,-199.257410491071,-190.195827565922,9.06158292514829,-315.573853379121,-297.450687528825,18.1231658502966,0
RT,VP0160,-269.465202664983,-268.113933623139,1.35126904184341,-458.595660627712,-455.893122544026,2.70253808368682,0
RT,VP0161,-136.174649369918,-136.140100060391,0.0345493095270513,-190.417747925802,-190.348649306748,0.0690986190541025,0
RT,VP0162,30.9825108333312,28.3400524142302,-2.64245841910105,143.351326338744,138.066409500542,-5.28491683820209,1
RT,VP0163,166.914597851713,168.622380661789,1.70778281007611,411.024476816296,414.440042436448,3.41556562015222,0
RT,VP0164,-192.145326528375,-193.158923300807,-1.01359677243255,-304.754156542595,-306.78135008746,-2.0271935448651,1
RT,VP0165,-154.872597746386,-157.534922872653,-2.66232512626681,-227.95751561188,-233.282165864414,-5.32465025253362,1
RT,VP0166,36.2845430987317,35.53934569531,-0.745197403421628,153.84605070533,152.355655898486,-1.49039480684326,1
RT,VP0167,-334.62890948916,-338.798687182203,-4.1697776930431,-586.546119284254,-594.88567467034,-8.3395553860862,1
RT,VP0168,-78.041862198836,-75.7760422995084,2.26581989932765,-73.8061805825371,-69.2745407838817,4.53163979865531,0
RT,VP0169,130.840321971256,128.922286914648,-1.91803505660755,343.107695682607,339.271625569391,-3.8360701132151,1
RT,VP0170,-57.691787003936,-59.5381500640564,-1.84636306012038,-34.314346944061,-38.0070730643018,-3.69272612024076,1
RT,VP0171,-237.186374141884,-242.9470278201,-5.76065367821593,-392.299031025021,-403.820338381453,-11.5213073564319,1
RT,VP0172,-428.9282229162,-429.078021086683,-0.149798170482768,-775.528481775022,-775.828078115987,-0.299596340965536,1
RT,VP0173,-49.4126704936069,-53.4649796909364,-4.05230919732946,-16.9459075189456,-25.0505259136045,-8.10461839465893,1
RT,VP0174,90.2166094399637,90.3294621524286,0.112852712464871,260.143060496334,260.368765921264,0.225705424929743,0
RT,VP0175,-276.648181960948,-277.046912548586,-0.398730587637772,-471.069453093274,-471.866914268549,-0.797461175275544,1
RT,VP0176,-268.477909740615,-268.528004755305,-0.0500950146905552,-454.716230362997,-454.816420392378,-0.10019002938111,1
RT,VP0177,9.52286885982676,11.6433674818827,2.12049862205595,100.156800967618,104.39779821173,4.2409972441119,0
RT,VP0179,-144.367068047445,-146.245452173116,-1.87838412567078,-207.361444583656,-211.118212834997,-3.75676825134155,1
RT,VP0180,-73.9268034236337,-73.8058334193209,0.120970004312767,-66.9957769121159,-66.7538369034904,0.241940008625534,0
RT,VP0181,283.572685106581,276.96147898992,-6.61120611666064,641.768571649463,628.546159416142,-13.2224122333213,1
RT,VP0182,-101.154426509478,-104.935725600447,-3.78129909096918,-120.338362203202,-127.900960385141,-7.56259818193837,1
RT,VP0183,-35.4146543300368,-34.787292147917,0.627362182119839,10.8260655806779,12.0807899449176,1.25472436423968,0
RT,VP0184,25.9158668681385,28.4313342278698,2.5154673597313,133.593068930408,138.62400364987,5.03093471946261,0
RT,VP0185,-36.9385682258944,-36.5840770776869,0.354491148207501,7.1360811754524,7.84506347186741,0.708982296415002,0
RT,VP0186,-234.047236670886,-236.5604593188,-2.51322264791378,-385.943914838604,-390.970360134431,-5.02644529582756,1
RT,VP0187,-192.329276761449,-194.81903515188,-2.48975839043163,-302.393647939578,-307.373164720441,-4.97951678086326,1
RT,VP0188,54.9971663164372,59.3320320694806,4.33486575304335,190.388336714815,199.058068220901,8.66973150608669,0
RT,VP0189,-331.718225214982,-333.80785116614,-2.08962595115872,-581.622483572513,-585.801735474831,-4.17925190231745,1
RT,VP0190,-111.343820902594,-117.005259325517,-5.66143842292337,-142.001652515334,-153.32452936118,-11.3228768458467,1
RT,VP0191,-218.708233653,-215.471098304272,3.23713534872809,-355.641952538881,-349.167681841425,6.47427069745618,0
RT,VP0192,313.739380513321,316.286951964865,2.547571451544,705.831787085788,710.926929988876,5.095142903088,0
RT,VP0193,-341.651145215654,-339.779305090456,1.87184012519788,-600.713040779333,-596.969360528938,3.74368025039576,0
RT,VP0194,-282.719114535321,-283.147464775133,-0.428350239812403,-483.862944114942,-484.719644594567,-0.856700479624806,1
RT,VP0195,-348.188124266409,-350.669207797322,-2.481083530913,-613.163482013675,-618.125649075501,-4.96216706182599,1
RT,VP0196,-155.929946801072,-165.417297068087,-9.48735026701547,-230.231156442251,-249.205856976282,-18.9747005340309,1
RT,VP0197,-115.59625392744,-116.066412974544,-0.47015904710355,-150.420290649095,-151.360608743302,-0.9403180942071,1
RT,VP0198,-278.346489600105,-278.813106978131,-0.466617378025717,-474.997759875812,-475.930994631863,-0.933234756051434,1
RT,VP0199,-161.423294127959,-162.575120119901,-1.15182599194219,-241.460283583836,-243.763935567721,-2.30365198388438,1
RT,VP0200,-366.552644692743,-366.799742680056,-0.247097987313055,-651.651149597772,-652.145345572398,-0.494195974626109,1
RT,VP0201,-163.283554834684,-168.560812373786,-5.2772575391017,-244.991824713669,-255.546339791873,-10.5545150782034,1
RT,VP0202,228.385362347405,229.100061126556,0.714698779151121,536.697626492886,538.127024051188,1.42939755830218,0
RT,VP0203,-132.939504282631,-134.736978642766,-1.79747436013486,-184.795819894292,-188.390768614561,-3.59494872026971,1
RT,VP0204,-333.46163598863,-334.951719161823,-1.4900831731926,-584.520072563718,-587.500238910103,-2.9801663463852,1
RT,VP0205,-63.586698862354,-73.2961423720174,-9.7094435096634,-47.4167115465352,-66.835598565862,-19.4188870193268,1
RT,VP0206,-189.664313685379,-192.025141938674,-2.36082825329544,-296.580434997784,-301.302091504375,-4.72165650659088,1
RT,VP0207,-74.5042847965353,-77.9556033120759,-3.45131851554066,-67.6358780818364,-74.5385151129177,-6.90263703108133,1
RT,VP0208,-136.593892843582,-142.243399142958,-5.6495062993759,-192.160541173464,-203.459553772216,-11.2990125987518,1
RT,VP0209,-97.3947985371871,-104.53620021132,-7.14140167413325,-115.905435070846,-130.188238419113,-14.2828033482665,1
RT,VP0210,-62.0135657750351,-61.1044679707715,0.909097804263638,-41.3887518397041,-39.5705562311768,1.81819560852728,0
RT,VP0211,114.376775217802,118.355117533916,3.97834231611449,309.836739106574,317.793423738803,7.95668463222898,0
RT,VP0212,-346.558388998022,-345.345386511169,1.21300248685287,-611.716875588796,-609.290870615091,2.42600497370574,0
RT,VP0213,-242.834348602952,-241.484124202298,1.35022440065427,-404.187530379737,-401.487081578428,2.70044880130854,0
RT,VP0214,-373.297125932129,-373.6703930779,-0.373267145770853,-663.955872153893,-664.702406445434,-0.746534291541707,1
RT,VP0215,-323.606799015865,-323.994840127597,-0.38804111173215,-564.27263042871,-565.048712652174,-0.7760822234643,1
RT,VP0216,-101.958406420952,-106.272443037495,-4.31403661654292,-122.328142497198,-130.956215730284,-8.62807323308584,1
RT,VP0217,-480.465080867924,-489.476470244296,-9.01138937637216,-878.097248889945,-896.12002764269,-18.0227787527443,1
RT,VP0218,33.1179981905881,32.5219483317513,-0.596049858836864,145.515798615555,144.323698897881,-1.19209971767373,1
RT,VP0219,-16.0018305369899,-14.2103785308448,1.79145200614505,48.7828674036267,52.3657714159168,3.5829040122901,0
RT,VP0220,-113.94658937581,-116.909156584771,-2.96256720896082,-146.066089968314,-151.991224386235,-5.92513441792164,1
RT,VP0221,-173.483161190621,-177.788219569716,-4.30505837909442,-266.841320846277,-275.451437604465,-8.61011675818884,1
RT,VP0222,374.616529301046,377.762423285643,3.14589398459674,827.248534648577,833.540322617771,6.29178796919348,0
RT,VP0223,-22.0776366793567,-25.0789990824402,-3.00136240308348,33.0013603777562,26.9986355715893,-6.00272480616695,1
RT,VP0224,-195.427869591823,-198.157133835225,-2.72926424340227,-307.819532985476,-313.278061472281,-5.45852848680454,1
RT,VP0225,-302.492661175918,-309.288774924607,-6.79611374868938,-523.626259462168,-537.218486959547,-13.5922274973788,1
RT,VP0226,-623.545740884865,-623.599756260981,-0.0540153761160127,-1165.51619681403,-1165.62422756626,-0.108030752232025,1
RT,VP0227,39.5950239733938,39.3073256711135,-0.287698302280319,158.502238864796,157.926842260236,-0.575396604560638,1
RT,VP0228,-263.186685782324,-265.920985002766,-2.7342992204413,-444.533175188559,-450.001773629442,-5.4685984408826,1
RT,VP0229,46.1918926241988,41.5302122643781,-4.66168035982071,171.582231238952,162.25887051931,-9.32336071964141,1
RT,VP0230,-291.068235676183,-291.323028270548,-0.254792594365256,-500.534430532739,-501.044015721469,-0.509585188730512,1
RT,VP0231,-111.136819980917,-110.440294440266,0.696525540651123,-139.907999264398,-138.514948183096,1.39305108130225,0
RT,VP0232,-109.2944312502,-105.605185459146,3.68924579105442,-137.902873210546,-130.524381628437,7.37849158210884,0
RT,VP0233,-420.566336978124,-418.687281618279,1.87905535984436,-759.123369090481,-755.365258370793,3.75811071968872,0
RT,VP0234,56.6956135327164,51.514266379457,-5.18134715325942,193.990364347685,183.627670041166,-10.3626943065188,1
RT,VP0235,104.895327743491,104.522657555703,-0.372670187788344,290.59147818903,289.846137813454,-0.745340375576689,1
RT,VP0236,77.7138299521124,74.0419858579176,-3.6718440941948,235.567765280077,228.224077091687,-7.34368818838959,1
RT,VP0237,135.179983980511,137.599530328938,2.41954634842654,350.409163811173,355.248256508026,4.83909269685307,0
RT,VP0238,-401.087808207133,-411.504135406885,-10.4163271997524,-720.063417027404,-740.896071426909,-20.8326543995048,1
RT,VP0239,-146.598863663002,-148.085726498863,-1.4868628358613,-213.661230811849,-216.634956483571,-2.9737256717226,1
RT,VP0240,-75.16840454356,-74.9168278967614,0.251576646798583,-68.8152154961599,-68.3120622025628,0.503153293597165,0
RT,VP0241,-116.568372099565,-118.724199738331,-2.15582763876535,-152.025680951167,-156.337336228697,-4.31165527753069,1
RT,VP0242,-40.0071455444129,-41.3106390449855,-1.30349350057253,1.72064145438965,-0.886345546755408,-2.60698700114506,1
RT,VP0243,66.8031739699182,68.2773353674618,1.47416139754364,214.675575003647,217.623897798735,2.94832279508728,0
RT,VP0244,-224.100043565585,-231.705117277159,-7.60507371157399,-366.087887744308,-381.298035167456,-15.210147423148,1
RT,VP0245,-291.341017468622,-289.635853591415,1.70516387720687,-500.841838561154,-497.431510806741,3.41032775441374,0
RT,VP0246,70.0336128692965,71.7754921335588,1.74187926426231,218.833492056978,222.317250585503,3.48375852852462,0
RT,VP0247,55.5809918942949,54.8219501522746,-0.759041742020258,192.39768751082,190.879604026779,-1.51808348404052,1
RT,VP0248,27.9340414368505,28.9953543815744,1.06131294472391,136.839121195653,138.961747085101,2.12262588944782,0
RT,VP0249,-450.204341730178,-448.859320163098,1.34502156707993,-818.219888068754,-815.529844934594,2.69004313415985,0
RT,VP0250,-19.8990101811488,-25.9080156674364,-6.00900548628761,41.790649982408,29.7726390098328,-12.0180109725752,1
RT,VP0251,41.7003311428431,33.7758917159694,-7.92443942687373,164.244265781709,148.395386927961,-15.8488788537475,1
RT,VP0252,-82.9486556761976,-82.8906664379527,0.057989238244943,-84.6066247161039,-84.490646239614,0.115978476489886,0
RT,VP0253,211.809255727701,212.10603328985,0.296777562149202,505.247248615293,505.840803739591,0.593555124298405,0
RT,VP0254,198.665247536817,194.490412931943,-4.17483460487423,473.372403847391,465.022734637643,-8.34966920974847,1
RT,VP0255,-103.520504624949,-105.507304862383,-1.98680023743435,-126.168969721612,-130.142570196481,-3.9736004748687,1
RT,VP0256,-256.200087195494,-255.247683383789,0.952403811704755,-430.878580800027,-428.973773176618,1.90480762340951,0
RT,VP0257,-87.9705810674228,-88.4126438696043,-0.442062802181511,-95.5767511628477,-96.4608767672107,-0.884125604363021,1
RT,VP0258,160.934457052402,159.978919800159,-0.955537252243403,403.709110480894,401.798035976407,-1.91107450448681,1
RT,VP0259,157.845000200107,162.405187448416,4.56018724830835,394.986007903768,404.106382400384,9.12037449661671,0
RT,VP0260,105.442913076198,110.79425452015,5.35134144395192,292.393959282046,303.09664216995,10.7026828879038,0
RT,VP0261,-136.692064699895,-141.156921215394,-4.46485651549943,-192.176011896605,-201.105724927604,-8.92971303099887,1
RT,VP0262,76.5841290930975,74.2959994115731,-2.28812968152448,233.767395468447,229.191136105398,-4.57625936304896,1
RT,VP0263,58.7131039844597,59.9912986725327,1.278194688073,192.969399986195,195.525789362341,2.556389376146,0
RT,VP0264,-7.19636482775235,-6.67567729757241,0.520687530179941,67.3686055386261,68.4099805989859,1.04137506035988,0
RT,VP0265,-341.53005438672,-335.700453997343,5.82960038937711,-601.28559400632,-589.626393227566,11.6592007787542,0
RT,VP0266,-202.786342013517,-206.689150493931,-3.90280848041374,-323.358464897109,-331.164081857937,-7.80561696082748,1
RT,VP0267,157.692376376764,152.992873481977,-4.69950289478686,396.270985068803,386.871979279229,-9.39900578957372,1
RT,VP0268,-125.790665404063,-124.32375499295,1.46691041111285,-174.024977325078,-171.091156502852,2.9338208222257,0
RT,VP0269,-20.0182701270884,-12.3177666323085,7.70050349477992,40.4897370592524,55.8907440488122,15.4010069895598,0
RT,VP0270,-323.253436205956,-330.617512675629,-7.36407646967331,-564.356313908744,-579.08446684809,-14.7281529393466,1
RT,VP0271,50.380882972496,49.9223395676559,-0.4585434048401,180.106258362989,179.189171553309,-0.9170868096802,1
RT,VP0272,-123.186469976167,-125.196113590439,-2.00964361427162,-164.611604758203,-168.630891986747,-4.01928722854325,1
RT,VP0273,302.627442730371,302.099512911686,-0.527929818685095,682.997001167246,681.941141529875,-1.0558596373703,1
RT,VP0274,278.988412236894,279.832634605727,0.844222368833471,634.333161716273,636.02160645394,1.68844473766694,0
RT,VP0275,156.663105532612,158.053600451883,1.39049491927068,394.644294973691,397.425284812232,2.78098983854136,0
RT,VP0276,-163.250267963867,-162.622142567664,0.628125396203131,-247.566199635081,-246.309948842675,1.25625079240626,0
RT,VP0277,-12.8768580650431,-12.6062566816856,0.270601383357473,55.673335610009,56.214538376724,0.541202766714946,0
RT,VP0278,27.7143966323281,27.3492828406701,-0.365113791658018,136.65071180444,135.920484221124,-0.730227583316037,1
RT,VP0279,-18.8207481459137,-28.6102074043362,-9.78945925842248,42.7820281002031,23.2031095833582,-19.578918516845,1
RT,VP0280,-56.7668953393956,-58.6768398662107,-1.90994452681508,-31.7724554846605,-35.5923445382906,-3.81988905363016,1
RT,VP0281,-133.899240594369,-133.586877054298,0.312363540070862,-185.558892070505,-184.934164990363,0.624727080141724,0
RT,VP0282,-122.539811733865,-124.963735416461,-2.4239236825959,-162.04341726956,-166.891264634752,-4.8478473651918,1
RT,VP0283,313.592403042553,314.051312233844,0.458909191291752,704.647188845187,705.56500722777,0.917818382583505,0
RT,VP0284,307.94621574584,305.78803169876,-2.15818404707971,694.556714193408,690.240346099248,-4.31636809415943,1
RT,VP0285,-137.138534971348,-140.267389569569,-3.1288545982207,-193.235814919522,-199.493524115964,-6.2577091964414,1
RT,VP0286,-220.34397561671,-224.637349571731,-4.29337395502131,-359.915734027634,-368.502481937677,-8.58674791004262,1
RT,VP0287,17.8231078940017,17.7545877921162,-0.06852010188544,115.725791401215,115.588751197444,-0.13704020377088,1
RT,VP0288,23.3550077397489,24.0589823791645,0.703974639415662,127.133539871528,128.54148915036,1.40794927883132,0
RT,VP0289,-138.15141927722,-135.831901215702,2.31951806151784,-193.912145655838,-189.273109532803,4.63903612303568,0
RT,VP0290,193.277201647146,188.728997559905,-4.54820408724134,466.465930330496,457.369522156013,-9.09640817448269,1
RT,VP0291,213.257581763939,213.767651830456,0.510070066516306,504.330786355502,505.350926488534,1.02014013303261,0
RT,VP0292,-205.622459981745,-208.046930375019,-2.42447039327362,-329.352435922973,-334.20137670952,-4.84894078654725,1
RT,VP0293,29.1399529765247,27.513779288198,-1.62617368832673,139.222742146862,135.970394770208,-3.25234737665346,1
RT,VP0294,-115.911003733393,-114.107381274015,1.80362245937732,-151.941289176645,-148.33404425789,3.60724491875465,0
RT,VP0295,-86.7008306611791,-89.9600947633566,-3.2592641021775,-93.8651648082037,-100.383693012559,-6.51852820435499,1
RT,VP0296,-104.903520250822,-105.458954394627,-0.555434143804376,-135.547871024653,-136.658739312262,-1.11086828760875,1
RT,VP0297,49.6122573639659,49.638679974221,0.0264226102551106,180.501479235798,180.554324456308,0.0528452205102212,0
RT,VP0298,-275.797362619576,-276.528265673404,-0.730903053827262,-470.694316903328,-472.156123010983,-1.46180610765452,1
RT,VP0299,215.69235514414,215.325918587375,-0.366436556765478,508.847093048362,508.114219934831,-0.732873113530957,1
RT,VP0300,-104.31549497522,-113.457948949406,-9.14245397418586,-129.530905166336,-147.815813114708,-18.2849079483717,1
RT,VP0301,18.4066467883477,21.0887530170164,2.68210622866866,116.998596746093,122.36280920343,5.36421245733732,0
RT,VP0302,235.595474099644,232.667935509297,-2.92753859034721,550.932039833355,545.076962652661,-5.85507718069448,1
RT,VP0303,-243.290481027996,-242.080942568718,1.20953845927812,-407.546902197736,-405.12782527918,2.41907691855624,0
RT,VP0304,56.7710611443002,57.2144271481248,0.443366003824565,194.328650766207,195.215382773856,0.88673200764913,0
RT,VP0305,-61.1782964115794,-63.834355602064,-2.6560591904846,-40.2572071054276,-45.5693254863968,-5.3121183809692,1
RT,VP0306,-63.3925137924323,-63.3890469400339,0.00346685239833278,-46.2880185786277,-46.2810848738311,0.00693370479666555,0
RT,VP0307,-146.917844911791,-147.385012371422,-0.467167459631241,-213.816950842573,-214.751285761836,-0.934334919262483,1
RT,VP0308,161.922595843579,166.579522009975,4.65692616639635,401.345251087295,410.659103420087,9.31385233279264,0
RT,VP0309,-232.375389520322,-240.598238055491,-8.22284853516896,-384.762574427256,-401.208271497594,-16.4456970703379,1
RT,VP0310,-70.0825969201349,-69.9453350208474,0.137261899287523,-61.7248946691741,-61.4503708705991,0.274523798575046,0
RT,VP0311,-312.133352688715,-312.962034812298,-0.828682123583178,-542.731666406912,-544.389030654079,-1.65736424716636,1
RT,VP0312,89.1766565846904,90.9092149401886,1.73255835549821,259.267880798884,262.73299750988,3.46511671099643,0
RT,VP0313,67.9376960072477,62.0386720797158,-5.89902392753191,216.98645526246,205.188407407396,-11.7980478550638,1
RT,VP0314,-128.327086711771,-129.294120039597,-0.967033327825789,-175.418469701312,-177.352536356963,-1.93406665565158,1
RT,VP0315,-101.638161623792,-103.819420770701,-2.18125914690836,-121.062104117659,-125.424622411476,-4.36251829381672,1
RT,VP0316,41.4005655718137,45.8105957550299,4.41003018321624,163.031462508448,171.85152287488,8.82006036643247,0
RT,VP0317,-345.679427829819,-346.698086429052,-1.01865859923248,-610.081891151772,-612.119208350237,-2.03731719846496,1
RT,VP0318,48.6507429077033,53.3472768437518,4.69653393604852,179.193969855924,188.587037728021,9.39306787209705,0
RT,VP0319,-164.133505178974,-163.229827643261,0.903677535713655,-246.785843531782,-244.978488460355,1.80735507142731,0
RT,VP0320,-153.600123308327,-153.72253684353,-0.12241353520244,-225.937019946579,-226.181847016984,-0.244827070404881,1
RT,VP0321,-178.767602767318,-192.373819931696,-13.6062171643775,-275.787064404506,-302.999498733261,-27.2124343287551,1
RT,VP0322,-114.411389602653,-121.735654303613,-7.32426470095987,-146.774785429079,-161.423314830999,-14.6485294019197,1
RT,VP0323,-108.775760162091,-113.400027835635,-4.62426767354361,-137.127995932152,-146.376531279239,-9.24853534708723,1
RT,VP0324,-131.318348221433,-131.32793627102,-0.0095880495862275,-180.575834032699,-180.595010131871,-0.019176099172455,1
RT,VP0325,-425.561976529223,-434.259210804908,-8.69723427568516,-770.19524282271,-787.58971137408,-17.3944685513703,1
RT,VP0326,-142.549739178109,-142.885197195105,-0.335458016995801,-203.090173490453,-203.761089524444,-0.670916033991602,1
RT,VP0327,27.0304446511621,26.4511868731961,-0.57925777796595,134.98959953806,133.831083982128,-1.1585155559319,1
RT,VP0328,4.06794086186227,1.93853004488494,-2.12941081697733,83.3422883062209,79.0834666722662,-4.25882163395465,1
RT,VP0329,218.983110988859,217.561342574405,-1.4217684144545,518.374995292293,515.531458463384,-2.84353682890901,1
RT,VP0330,11.0130622474239,9.58053006858285,-1.43253217884109,103.480264282563,100.615199924881,-2.86506435768217,1
RT,VP0331,-78.8484688582972,-78.3941575846729,0.454311273624285,-76.0948968969681,-75.1862743497195,0.908622547248569,0
RT,VP0332,-36.784190308898,-37.033824636752,-0.249634327853983,7.57049260785263,7.07122395214466,-0.499268655707965,1
RT,VP0333,62.5376245893074,61.7237412421456,-0.81388334716172,205.833138024488,204.205371330165,-1.62776669432344,1
RT,VP0334,82.9493078818064,84.5485813103043,1.5992734284979,245.113377188359,248.311924045355,3.19854685699579,0
RT,VP0335,71.1489555765332,70.2479813795891,-0.900974196944162,223.381099824037,221.579151430149,-1.80194839388832,1
RT,VP0336,-118.234462774354,-118.455298987076,-0.220836212721736,-155.247007008925,-155.688679434368,-0.441672425443471,1
RT,VP0337,-285.570462990152,-289.045813901566,-3.47535091141447,-488.952130588702,-495.902832411531,-6.95070182282893,1
RT,VP0338,73.5976527428858,72.4252596691439,-1.17239307374189,228.166343807723,225.82155766024,-2.34478614748377,1
RT,VP0339,-106.89610258465,-112.159705829262,-5.26360324461126,-132.057272626085,-142.584479115308,-10.5272064892225,1
RT,VP0340,-41.1878608444492,-38.0626303431113,3.12523050133797,-0.614386494767714,5.63607450790822,6.25046100267593,0
RT,VP0341,-109.140897171067,-109.826128015692,-0.685230844624584,-137.66813800185,-139.038599691099,-1.37046168924917,1
RT,VP0342,-75.5071129051027,-74.3909876347237,1.11612527037903,-70.0150514847426,-67.7828009439845,2.23225054075806,0
RT,VP0343,-1.01039215300506,-5.87684855295555,-4.86645639995049,78.9079259297261,69.1750131298251,-9.73291279990099,1
RT,VP0344,-364.50973519913,-363.42001555845,1.08971964067973,-647.048979582505,-644.869540301146,2.17943928135946,0
RT,VP0345,-194.930371393055,-195.924218351447,-0.993846958392453,-308.447258034457,-310.434951951242,-1.98769391678491,1
RT,VP0346,-390.155540997728,-395.399464464294,-5.243923466566,-698.470885619367,-708.958732552499,-10.487846933132,1
RT,VP0347,243.493898736112,243.323369777126,-0.170528958985756,563.929616684743,563.588558766771,-0.341057917971511,1
RT,VP0348,-26.3366557406258,-30.6753994994964,-4.33874375887063,29.1799781858261,20.5024906680848,-8.67748751774127,1
RT,VP0349,-4.75099544648026,-3.85612948723349,0.894865959246772,65.7271645115146,67.5168964300082,1.78973191849354,0
RT,VP0350,67.2366595548891,65.3702569227292,-1.86640263215986,214.276667692827,210.543862428507,-3.73280526431972,1
RT,VP0351,61.7270986868493,61.3367982405481,-0.390300446301126,204.240725851305,203.460124958703,-0.780600892602251,1
RT,VP0352,267.58950392244,267.369051832942,-0.22045208949811,612.335641581349,611.894737402353,-0.44090417899622,1
RT,VP0353,-195.160929632344,-194.728603839935,0.432325792408562,-308.044315449553,-307.179663864735,0.864651584817125,0
RT,VP0354,68.2543042891332,68.6433032612128,0.388998972079605,217.005617584503,217.783615528663,0.77799794415921,0
RT,VP0355,-135.548036192939,-131.875496232488,3.67253996045042,-188.680379478234,-181.335299557333,7.34507992090084,0
RT,VP0356,-247.555118799454,-259.255388775711,-11.7002699762571,-414.627889559676,-438.02842951219,-23.4005399525142,1
RT,VP0357,-99.8497264847419,-97.4370220810343,2.41270440370755,-120.147093928234,-115.321685120819,4.8254088074151,0
RT,VP0358,-48.9736885021269,-51.4346218832553,-2.46093338112837,-18.1440284212047,-23.0658951834614,-4.92186676225674,1
RT,VP0359,73.0156444858646,72.9484830352316,-0.0671614506330229,225.327296475282,225.192973574016,-0.134322901266046,1
RT,VP0360,-189.514566939946,-185.909181642376,3.60538529756974,-296.929748162161,-289.718977567022,7.21077059513948,0
RT,VP0361,-43.0007934771215,-42.943653730893,0.0571397462284722,-4.01814416745269,-3.90386467499575,0.114279492456944,0
RT,VP0362,-381.937331549598,-393.111999795962,-11.1746682463639,-681.409125883129,-703.758462375857,-22.3493364927277,1
RT,VP0363,-128.47707972694,-127.960120332106,0.516959394833577,-176.167630976273,-175.133712186606,1.03391878966715,0
RT,VP0364,-25.4332728593986,-26.08529165263,-0.652018793231434,30.6953389005011,29.3913013140382,-1.30403758646287,1
RT,VP0365,-50.4020329407373,-53.3350221765116,-2.9329892357743,-19.0559247513448,-24.9219032228934,-5.8659784715486,1
RT,VP0366,-189.547398139535,-195.79178352476,-6.24438538522514,-296.969796890994,-309.458567661445,-12.4887707704503,1
RT,VP0367,-31.924701056306,-35.7210868266286,-3.79638577032256,18.3266611823043,10.7338896416591,-7.59277154064512,1
RT,VP0368,-54.4237512057684,-55.726859041233,-1.30310783546452,-27.2990331094547,-29.9052487803837,-2.60621567092903,1
RT,VP0369,-15.805087802295,-10.3582656898734,5.44682211242156,50.2431140624876,61.1367582873308,10.8936442248431,0
RT,VP0370,-384.387367973707,-390.670835366975,-6.28346739326798,-686.895302479146,-699.462237265682,-12.566934786536,1
RT,VP0371,-176.813574979915,-177.615669335956,-0.802094356040982,-271.93193063543,-273.536119347512,-1.60418871208196,1
RT,VP0372,359.602927998035,359.693654534961,0.0907265369261836,799.330857531035,799.512310604887,0.181453073852481,0
RT,VP0373,-439.047824192783,-447.230553398824,-8.18272920604062,-795.359607912365,-811.725066324446,-16.3654584120812,1
RT,VP0374,-417.847527017287,-422.533356451818,-4.685829434531,-753.367089977194,-762.738748846256,-9.371658869062,1
RT,VP0375,229.95647352068,228.382141353596,-1.57433216708384,540.113278390556,536.964614056388,-3.14866433416773,1
RT,VP0376,157.840899784877,157.972873801302,0.13197401642492,394.699296278383,394.963244311233,0.263948032849839,0
RT,VP0377,-237.986403619149,-238.21900555545,-0.232601936301762,-394.49164041213,-394.956844284734,-0.465203872603524,1
RT,VP0378,-201.912307102122,-200.280276149536,1.63203095258643,-321.686828453745,-318.422766548572,3.26406190517287,0
RT,VP0379,238.486464118976,240.526028916113,2.0395647971375,555.343459770662,559.422589364937,4.07912959427495,0
RT,VP0380,173.246152929251,169.898900766452,-3.34725216279941,427.091443140754,420.396938815155,-6.69450432559881,1
RT,VP0381,185.562755632597,183.804698868302,-1.75805676429502,451.083103617084,447.566990088494,-3.51611352859004,1
RT,VP0382,34.5606030250291,34.5524336278634,-0.00816939716565912,149.47079305476,149.454454260429,-0.0163387943313182,1
RT,VP0383,-168.869861202287,-169.107862713473,-0.238001511185132,-256.151052059869,-256.62705508224,-0.476003022370264,1
RT,VP0384,-110.120202558283,-105.492273855184,4.62792870309914,-139.965213886418,-130.70935648022,9.25585740619829,0
RT,VP0385,-310.613578330507,-310.022779468618,0.590798861889425,-539.625115841388,-538.443518117609,1.18159772377885,0
RT,VP0386,27.678959041179,24.8785257004619,-2.80043334071712,135.840266121591,130.239399440157,-5.60086668143424,1
RT,VP0387,84.4289199274996,85.694530508317,1.26561058081745,250.230531366233,252.761752527868,2.5312211616349,0
RT,VP0388,92.2475110445076,85.675638394906,-6.57187264960163,265.550271282871,252.406525983668,-13.1437452992033,1
RT,VP0389,-236.218071386084,-246.174132928986,-9.95606154290169,-389.507133316625,-409.419256402428,-19.9121230858034,1
RT,VP0390,-105.626838258361,-109.567265267875,-3.94042700951417,-130.22643200302,-138.107286022049,-7.88085401902833,1
RT,VP0391,-123.213138310282,-122.712326678399,0.500811631882698,-165.231976044639,-164.230352780874,1.0016232637654,0
RT,VP0392,-83.2908439369938,-82.1670076340616,1.1238363029322,-86.2618038547483,-84.0141312488839,2.24767260586441,0
RT,VP0393,-156.671871448605,-150.649133114297,6.02273833430746,-231.781858277911,-219.736381609296,12.0454766686149,0
RT,VP0394,-97.689880300976,-98.0125334012756,-0.322653100299533,-115.179429252757,-115.824735453356,-0.645306200599066,1
RT,VP0395,-585.719591543007,-586.021671099483,-0.302079556475178,-1089.45574029922,-1090.05989941217,-0.604159112950356,1
RT,VP0396,-67.5887763262025,-68.2703562035375,-0.681579877335025,-55.3431963001648,-56.7063560548349,-1.36315975467005,1
RT,VP0397,315.461513199329,316.775548779273,1.31403557994429,707.133654999234,709.761726159123,2.62807115988858,0
RT,VP0398,-582.154704759145,-599.783035725209,-17.6283309660633,-1082.22285116683,-1117.47951309895,-35.2566619321267,1
RT,VP0399,-299.274273152986,-297.516729791711,1.75754336127568,-516.271002490838,-512.755915768287,3.51508672255136,0
RT,VP0400,-434.12464822515,-439.879483596813,-5.75483537166275,-786.330753767621,-797.840424510946,-11.5096707433255,1
RT,VP0401,247.387297269016,246.789305649418,-0.597991619597877,568.375371053991,567.179387814795,-1.19598323919581,1
RT,VP0402,62.3471524706227,64.6410317425572,2.29387927193443,206.026064064867,210.613822608736,4.58775854386886,0
RT,VP0403,-12.4141881734426,-11.8100084767067,0.604179696735912,56.9461384202343,58.1544978137061,1.20835939347182,0
RT,VP0404,-190.103531495574,-190.24608090721,-0.142549411635287,-299.434845785364,-299.719944608634,-0.285098823270573,1
RT,VP0405,-162.462957321689,-162.221474505025,0.241482816664302,-243.283851552079,-242.80088591875,0.482965633328604,0
RT,VP0406,-77.4615509326757,-75.9364788368749,1.52507209580074,-75.5786094473542,-72.5284652557527,3.05014419160148,0
RT,VP0407,-249.172809811154,-244.207587222768,4.96522258838587,-416.810580651789,-406.880135475018,9.93044517677174,0
RT,VP0408,-317.007665417022,-324.999970235743,-7.9923048187207,-552.006025968278,-567.99063560572,-15.9846096374414,1
RT,VP0409,-167.972898176198,-167.612332228153,0.360565948045974,-254.918551838696,-254.197419942604,0.721131896091947,0
RT,VP0410,-302.04391911089,-304.963958943378,-2.92003983248736,-521.785057804285,-527.625137469259,-5.84007966497472,1
RT,VP0411,-115.265763837059,-114.530470449956,0.735293387102956,-149.645295358844,-148.174708584638,1.47058677420591,0
RT,VP0412,-124.948969072622,-128.801913480721,-3.85294440809906,-167.532297447808,-175.238186264006,-7.70588881619813,1
RT,VP0413,-423.208397995518,-422.128892013296,1.07950598222288,-764.734843666331,-762.575831701885,2.15901196444577,0
RT,VP0414,-294.453149819727,-296.311668586212,-1.85851876648479,-507.684381099671,-511.401418632641,-3.71703753296958,1
RT,VP0415,-14.3446604048748,-19.9392198209581,-5.59455941608326,53.3715416004184,42.1824227682519,-11.1891188321665,1
RT,VP0416,-34.9385826165358,-38.2484830353839,-3.30990041884814,12.2988980618448,5.67909722414853,-6.61980083769629,1
RT,VP0417,190.940361267324,185.177762393411,-5.76259887391274,460.848392182067,449.323194434241,-11.5251977478255,1
RT,VP0418,-230.568286004242,-228.49483029722,2.07345570702194,-378.339894721065,-374.192983307021,4.14691141404387,0
RT,VP0419,-418.980533094546,-425.397566065857,-6.41703297131113,-756.173386308199,-769.007452250822,-12.8340659426224,1
RT,VP0420,-70.5308877245221,-66.4062670064128,4.12462071810927,-60.6825587996592,-52.4333173634407,8.24924143621854,0
RT,VP0421,57.5918227462225,57.6027754617641,0.0109527155415208,195.927188849461,195.949094280545,0.0219054310830415,0
RT,VP0422,-12.2404293349534,-16.1661214540006,-3.92569211904714,55.8241462401727,47.9727620020784,-7.85138423809428,1
RT,VP0423,-131.35329208849,-132.087279165989,-0.733987077499023,-183.475529470709,-184.943503625707,-1.46797415499805,1
RT,VP0424,118.833381908968,116.717354878087,-2.1160270308813,316.848872161311,312.616818099548,-4.2320540617626,1
RT,VP0425,60.7400990378708,61.0600696513251,0.319970613454302,200.530798253639,201.170739480548,0.639941226908604,0
RT,VP0426,-67.3753801372357,-69.9315731094161,-2.55619297218044,-52.9762455073519,-58.0886314517128,-5.11238594436088,1
RT,VP0427,-527.880369640745,-524.361567091436,3.51880254930893,-973.470570530945,-966.432965432327,7.03760509861786,0
RT,VP0428,49.2421238721056,38.6707888729017,-10.5713349992039,179.856939255445,158.714269257037,-21.1426699984079,1
RT,VP0429,-191.265562296371,-190.236733410703,1.02882888566785,-300.87575035199,-298.818092580654,2.0576577713357,0
RT,VP0430,232.291521008944,231.413480685847,-0.878040323097707,543.298424867808,541.542344221612,-1.75608064619541,1
RT,VP0431,-286.744015599596,-286.13912083638,0.604894763216635,-491.979898069543,-490.77010854311,1.20978952643327,0
RT,VP0432,-208.720104842241,-212.542986818202,-3.82288197596137,-335.945552131767,-343.59131608369,-7.64576395192273,1
RT,VP0433,-368.896018950927,-366.391132953822,2.50488599710536,-655.215102258145,-650.205330263934,5.00977199421072,0
RT,VP0434,66.6663430580588,68.2327191298906,1.56637607183177,213.785658375687,216.91841051935,3.13275214366354,0
RT,VP0435,-234.379246488864,-234.837902087933,-0.458655599069118,-387.103118736976,-388.020429935115,-0.917311198138236,1
RT,VP0436,-7.78316500209348,-7.41814726197913,0.365017740114354,65.7517539042792,66.4817893845079,0.730035480228707,0
RT,VP0437,-30.4238315476664,-30.0003527609514,0.423478786715009,20.4293014125336,21.2762589859637,0.846957573430018,0
RT,VP0438,-342.485099019389,-344.60589582684,-2.12079680745074,-603.762080535593,-608.003674150495,-4.24159361490149,1
RT,VP0439,-92.0437498863193,-90.5244498988019,1.5192999875174,-102.512214816939,-99.4736148419046,3.0385999750348,0
RT,VP0440,172.210691377238,173.965166653341,1.75447527610271,422.273590976292,425.782541528497,3.50895055220542,0
RT,VP0441,-106.933920336478,-127.112873649437,-20.1789533129588,-132.014551005879,-172.372457631797,-40.3579066259176,1
RT,VP0442,-248.160030044776,-251.648697757546,-3.48866771276988,-416.347151845348,-423.324487270888,-6.97733542553976,1
RT,VP0443,-458.586604992867,-462.370155293048,-3.78355030018065,-834.316200746192,-841.883301346553,-7.5671006003613,1
RT,VP0444,-9.50522338934456,-11.8138371796435,-2.30861379029892,62.5915940409373,57.9743664603394,-4.61722758059784,1
RT,VP0445,-314.535498297857,-314.565577591858,-0.03007929400178,-547.322855465584,-547.383014053587,-0.06015858800356,1
RT,VP0446,-401.123408110864,-408.474170147803,-7.35076203693825,-720.198822445501,-734.900346519378,-14.7015240738765,1
RT,VP0447,-61.2971615888924,-60.8859039996238,0.411257589268587,-40.7541268016952,-39.931611623158,0.822515178537174,0
RT,VP0448,-317.309608178329,-316.807555388819,0.502052789509662,-552.241043021007,-551.236937441988,1.00410557901932,0
RT,VP0449,-92.848129020145,-92.284631695355,0.563497324790035,-105.526001894807,-104.399007245227,1.12699464958007,0
RT,VP0450,-107.74305188411,-113.781869825375,-6.0388179412646,-135.136516763518,-147.214152646047,-12.0776358825292,1
RT,VP0451,-445.981292746563,-453.558944096359,-7.57765134979542,-808.831890617786,-823.987193317377,-15.1553026995908,1
RT,VP0452,17.4521532081409,20.6869600102619,3.23480680212094,116.015369664246,122.484983268488,6.46961360424189,0
RT,VP0453,-349.723034577278,-349.776713177608,-0.0536786003298744,-617.168525339422,-617.275882540082,-0.107357200659749,1
RT,VP0454,121.026372841668,116.074152691764,-4.95222014990401,322.505717942905,312.601277643097,-9.90444029980802,1
RT,VP0455,205.069370353289,208.382248272219,3.31287791893035,489.973097058818,496.598852896679,6.62575583786071,0
RT,VP0456,-155.692447172735,-156.601325756226,-0.908878583491799,-229.863300754509,-231.681057921493,-1.8177571669836,1
RT,VP0457,-59.3844403153485,-54.9176110584257,4.46682925692278,-36.5928173357807,-27.6591588219351,8.93365851384556,0
RT,VP0458,-319.318253844738,-319.792597029688,-0.474343184950897,-555.912631434244,-556.861317804145,-0.948686369901793,1
RT,VP0459,-98.5751505307521,-98.8355475745623,-0.260397043810201,-116.151126736041,-116.671920823662,-0.520794087620402,1
RT,VP0460,-283.871406672792,-285.42980049734,-1.55839382454735,-485.669096086839,-488.785883735933,-3.1167876490947,1
RT,VP0461,-272.148324320176,-272.054049385083,0.0942749350929262,-461.931007942916,-461.742458072731,0.188549870185852,0
RT,VP0462,-136.722910785082,-138.203660107613,-1.48074932253076,-191.384959159996,-194.346457805058,-2.96149864506151,1
RT,VP0463,-255.920825097485,-254.573144526426,1.34768057105839,-430.688896111786,-427.99353496967,2.69536114211678,0
RT,VP0464,-140.714290647356,-151.644902999966,-10.9306123526096,-200.443466724812,-222.304691430032,-21.8612247052191,1
RT,VP0465,23.1275616795115,23.5404115580398,0.412849878528277,126.926680897288,127.752380654345,0.825699757056555,0
RT,VP0466,-47.1295371718367,-53.441391675177,-6.31185450334033,-14.0737711742757,-26.6974801809564,-12.6237090066807,1
RT,VP0467,-123.407602678098,-135.110964309378,-11.7033616312807,-165.456142466528,-188.86286572909,-23.4067232625614,1
RT,VP0468,131.271194331758,128.902702203866,-2.36849212789153,341.90299928407,337.166015028287,-4.73698425578306,1
RT,VP0469,-201.549209557762,-201.012980241022,0.536229316740162,-320.935101440499,-319.862642807019,1.07245863348032,0
RT,VP0470,-176.786250447933,-181.777109614983,-4.99085916704973,-272.064367766217,-282.046086100316,-9.98171833409947,1
RT,VP0471,-381.300624430848,-382.856705927873,-1.55608149702579,-680.89277718918,-684.004940183231,-3.11216299405157,1
RT,VP0472,-324.924993052868,-331.189513461808,-6.26452040893997,-567.635766975811,-580.164807793691,-12.5290408178799,1
RT,VP0473,-91.9064590950598,-94.2660277592949,-2.3595686642351,-102.955088254968,-107.674225583438,-4.7191373284702,1
RT,VP0474,-98.7931333848693,-99.8695769514317,-1.07644356656238,-115.984225950112,-118.137113083237,-2.15288713312475,1
RT,VP0475,-183.804265752113,-186.836464355155,-3.03219860304165,-286.951423094739,-293.015820300822,-6.0643972060833,1
RT,VP0476,-318.782719531929,-332.95938185473,-14.176662322801,-555.751472206408,-584.104796852009,-28.3533246456019,1
RT,VP0477,-302.172223917958,-299.626093114705,2.54613080325345,-524.823834844928,-519.731573238421,5.0922616065069,0
RT,VP0478,-254.328313460982,-257.84343199782,-3.51511853683843,-426.764142881447,-433.794379955124,-7.03023707367686,1
RT,VP0479,77.576241201734,77.5128060706969,-0.0634351310371244,235.307672633601,235.180802371526,-0.126870262074249,1
RT,VP0480,-119.549070947288,-125.039018194234,-5.48994724694592,-158.412152604722,-169.392047098614,-10.9798944938918,1
RT,VP0481,-128.878949642233,-129.088657477387,-0.209707835154404,-175.904609617389,-176.324025287697,-0.419415670308808,1
RT,VP0482,-538.699378835356,-541.89333933073,-3.1939604953742,-995.133852087393,-1001.52177307814,-6.3879209907484,1
RT,VP0483,178.744912231847,178.370974071326,-0.373938160521675,436.4907351296,435.742858808556,-0.74787632104335,1
RT,VP0484,28.9604938192911,27.7951566183388,-1.16533720095225,138.534643978866,136.203969576962,-2.3306744019045,1
RT,VP0485,-66.8843168990665,-65.3741283841291,1.51018851493745,-52.6575705501687,-49.6371935202938,3.02037702987491,0
RT,VP0486,-231.249946788956,-234.394816578335,-3.14486978937816,-380.607409537396,-386.897149116152,-6.28973957875633,1
RT,VP0487,-70.5708009526081,-71.7053080550037,-1.13450710239562,-59.2752332177704,-61.5442474225616,-2.26901420479123,1
RT,VP0488,-29.7378884043877,-26.8703449822797,2.86754342210799,20.3120377915219,26.0471246357378,5.73508684421597,0
RT,VP0489,102.892341731625,92.7424229476243,-10.1499187840002,285.894562122867,265.594724554867,-20.2998375680005,1
RT,VP0490,105.029674059879,100.618314945234,-4.41135911464536,288.146680668379,279.323962439088,-8.82271822929067,1
RT,VP0491,-401.943195948238,-406.817561651622,-4.87436570338406,-721.68487790273,-731.433609309498,-9.74873140676823,1
RT,VP0492,-3.14402831978532,-4.88450125952278,-1.74047293973746,75.5259102178792,72.0449643384042,-3.48094587947492,1
RT,VP0493,-266.852825387906,-266.331365888537,0.5214594993692,-451.98394137443,-450.941022375691,1.0429189987384,0
RT,VP0494,-20.2422100934832,-19.3587158455589,0.883494247924261,38.5826975434359,40.3496860392844,1.76698849584852,0
RT,VP0495,-577.6545058867,-578.513620559808,-0.859114673108706,-1073.19681238654,-1074.91504173276,-1.71822934621741,1
RT,VP0496,-262.137578266094,-269.470862974042,-7.33328470794834,-441.526964159213,-456.19353357511,-14.6665694158967,1
RT,VP0497,-411.467148255461,-416.54456831651,-5.07742006104843,-740.912081477155,-751.066921599252,-10.1548401220969,1
RT,VP0498,-352.336993216268,-353.176070047501,-0.839076831232717,-622.587428081071,-624.265581743537,-1.67815366246532,1
RT,VP0499,-303.402518065568,-304.096489893557,-0.693971827989287,-524.565447012902,-525.953390668881,-1.38794365597857,1
RT,VP0500,-343.616252827056,-342.149026790891,1.4672260361649,-604.581874794136,-601.647422721806,2.9344520723298,0
RT,VP0501,-125.205148513659,-125.516329768317,-0.31118125465764,-170.376319949024,-170.998682458339,-0.62236250931528,1
RT,VP0502,-90.0005064457035,-86.8652175816944,3.13528886400911,-99.5480406318378,-93.2774629038196,6.27057772801822,0
RT,VP0503,37.4801849717701,37.5213905376518,0.0412055658817394,154.685846741312,154.768257873076,0.0824111317634788,0
RT,VP0504,86.7940361333713,87.1350984452684,0.341062311897133,255.336213396872,256.018338020667,0.682124623794266,0
RT,VP0505,-34.0902140225198,-31.4050381667147,2.68517585580508,11.7618288415042,17.1321805531144,5.37035171161017,0
RT,VP0506,54.5646125281897,57.1073748415914,2.54276231340174,188.554092858586,193.639617485389,5.08552462680348,0
RT,VP0507,320.997775488313,317.273104434807,-3.72467105350552,722.419075368656,714.969733261644,-7.44934210701103,1
RT,VP0508,-101.033024039956,-102.067905373525,-1.03488133356967,-119.839137251289,-121.908899918428,-2.06976266713934,1
RT,VP0509,-111.270702803587,-107.8090675235,3.46163528008748,-142.831563990768,-135.908293430593,6.92327056017496,0
RT,VP0510,-306.687939624972,-305.202153918874,1.48578570609828,-533.77605805058,-530.804486638384,2.97157141219657,0
RT,VP0511,-269.583512934065,-270.9543346199,-1.37082168583515,-457.24848318545,-459.99012655712,-2.74164337167031,1
RT,VP0512,-313.736343555859,-307.800360379799,5.93598317605966,-545.334901361219,-533.4629350091,11.8719663521193,0
RT,VP0513,278.71083561519,275.024929865946,-3.68590574924428,633.983141673178,626.611330174689,-7.37181149848857,1
RT,VP0514,-264.981075213157,-265.284319829125,-0.303244615968254,-448.095781738868,-448.702270970804,-0.606489231936507,1
RT,VP0515,-68.1309170769739,-65.2123931798459,2.91852389712795,-54.8212307466868,-48.9841829524309,5.83704779425591,0
RT,VP0516,-289.684545845319,-287.440685081632,2.2438607636866,-496.66958092601,-492.181859398637,4.4877215273732,0
RT,VP0517,-462.514333830007,-468.505654636311,-5.99132080630375,-842.94210930855,-854.924750921158,-11.9826416126075,1
RT,VP0518,286.576979529796,283.6138780955,-2.96310143429662,649.530968141815,643.604765273222,-5.92620286859324,1
RT,VP0519,353.021616640664,349.184430821647,-3.83718581901712,785.893063523526,778.218691885492,-7.67437163803424,1
RT,VP0520,-433.613261864389,-432.47172023478,1.14154162960926,-785.050460433862,-782.767377174644,2.28308325921853,0
RT,VP0521,-374.102750793691,-380.487435786494,-6.3846849928027,-665.953247560322,-678.722617545927,-12.7693699856054,1
RT,VP0522,-125.11381490034,-129.289991193765,-4.17617629342465,-169.341397485406,-177.693750072255,-8.35235258684929,1
RT,VP0523,43.5437830650458,39.0006358845277,-4.54314718051813,168.100783757333,159.014489396297,-9.08629436103627,1
RT,VP0524,110.605542490222,111.954195224305,1.34865273408343,301.99761345805,304.694918926216,2.69730546816686,0
RT,VP0525,-256.076398136623,-262.957556822569,-6.88115868594593,-430.143491407479,-443.905808779371,-13.7623173718919,1
RT,VP0526,-106.461787251455,-105.963455480039,0.498331771415792,-130.458037286841,-129.46137374401,0.996663542831584,0
RT,VP0527,-232.62245096927,-236.108467145726,-3.48601617645619,-383.750244385825,-390.722276738738,-6.97203235291238,1
RT,VP0528,98.2919296219625,96.2713592610361,-2.02057036092637,272.604510261902,268.563369540049,-4.04114072185274,1
RT,VP0529,-171.65371431976,-170.091642682521,1.56207163723934,-262.972683937268,-259.848540662789,3.12414327447868,0
RT,VP0530,-134.61299965288,-134.689649773022,-0.0766501201412666,-190.27498476164,-190.428285001922,-0.153300240282533,1
RT,VP0531,-64.445360532349,-67.948881064634,-3.50352053228499,-47.7935870115652,-54.8006280761351,-7.00704106456999,1
RT,VP0532,-87.7712639149988,-87.6820190833857,0.0892448316130867,-93.052145884558,-92.8736562213318,0.178489663226173,0
RT,VP0533,-88.1818730970715,-84.905368903491,3.27650419358054,-95.2805575231724,-88.7275491360113,6.55300838716107,0
RT,VP0534,22.4394914857588,21.6572959624147,-0.782195523344171,127.016768722017,125.452377675328,-1.56439104668834,1
RT,VP0535,-262.912295870203,-262.41460828159,0.497687588612791,-443.585002622174,-442.589627444948,0.995375177225583,0
RT,VP0536,-467.393771104277,-469.905922066382,-2.51215096210473,-851.786961964311,-856.81126388852,-5.02430192420945,1
RT,VP0537,-139.204447560368,-137.712197525299,1.49225003506888,-197.242276217986,-194.257776147848,2.98450007013776,0
RT,VP0538,-155.877654309824,-154.979386019563,0.898268290260773,-230.983091413862,-229.18655483334,1.79653658052155,0
RT,VP0539,-603.399780298999,-614.389512287998,-10.989731988999,-1123.75150254701,-1145.73096652501,-21.979463977998,1
RT,VP0540,-19.6047263085893,-16.0063074972674,3.59841881132195,39.4889210165686,46.6857586392125,7.1968376226439,0
RT,VP0541,141.739888536493,139.02795481468,-2.71193372181213,362.904644875192,357.480777431568,-5.42386744362426,1
RT,VP0542,-101.481242413859,-106.083048411205,-4.60180599734565,-121.414015525637,-130.617627520328,-9.2036119946913,1
RT,VP0543,-65.4377367703002,-65.3324807505696,0.105256019730575,-50.6002823104528,-50.3897702709917,0.21051203946115,0
RT,VP0544,61.1061350940547,60.4814713078289,-0.624663786225767,204.117790623173,202.868463050722,-1.24932757245153,1
RT,VP0545,247.710578243564,247.465285131216,-0.245293112348207,574.941769478116,574.45118325342,-0.490586224696358,1
RT,VP0546,-230.32502574267,-230.849388897137,-0.524363154467096,-378.537852098478,-379.586578407412,-1.04872630893419,1
RT,VP0547,-555.727620924622,-556.323435134285,-0.59581420966299,-1029.3815245905,-1030.57315300982,-1.19162841932575,1
RT,VP0548,-14.355697089231,-12.0787643698811,2.27693271934987,46.8317978388138,51.3856632775135,4.55386543869975,0
RT,VP0549,78.3642810863046,81.0359648596715,2.67168377336685,237.950480712393,243.293848259127,5.3433675467337,0
RT,VP0550,-113.875695368059,-113.749973639183,0.125721728875988,-150.536832510668,-150.285389052916,0.251443457751975,0
RT,VP0551,88.3411256615769,91.7042897544429,3.36316409286599,257.835005406336,264.561333592068,6.72632818573197,0
RT,VP0552,-371.223167218298,-370.729981901953,0.493185316344807,-660.055641537994,-659.069270905305,0.986370632689614,0
RT,VP0553,-366.844975671951,-364.099432222211,2.7455434497399,-651.5011559523,-646.01006905282,5.4910868994798,0
RT,VP0554,169.222464806586,167.878000089065,-1.34446471752125,413.965960959329,411.277031524287,-2.6889294350425,1
RT,VP0555,-226.978777361904,-224.435433897614,2.54334346429033,-372.183039956689,-367.096353028108,5.08668692858066,0
RT,VP0556,-68.8701853262257,-71.9275895660443,-3.0574042398186,-57.9992790183836,-64.1140874980208,-6.11480847963719,1
RT,VP0557,-307.9811363945,-309.311362888244,-1.33022649374345,-534.671586152709,-537.332039140196,-2.66045298748691,1
RT,VP0558,-364.826531318343,-368.00490983853,-3.17837852018698,-647.825973853379,-654.182730893753,-6.35675704037396,1
RT,VP0559,-636.550933080151,-638.306297456307,-1.75536437615642,-1191.30103559316,-1194.81176434547,-3.51072875231284,1
RT,VP0560,-49.3662834399975,-50.5014350648312,-1.13515162483367,-18.1916821393209,-20.4619853889882,-2.27030324966734,1
RT,VP0561,-420.809118901977,-421.213714055395,-0.404595153417802,-759.804270946505,-760.61346125334,-0.809190306835603,1
RT,VP0562,-233.604636237106,-238.894858923337,-5.29022268623117,-385.174161146887,-395.754606519349,-10.5804453724623,1
RT,VP0563,-37.4355941498761,-36.0219402437601,1.413653906116,6.50150321148203,9.32881102371402,2.82730781223199,0
RT,VP0564,-587.310528927088,-591.353522711966,-4.04299378487849,-1092.52167213644,-1100.6076597062,-8.08598756975698,1
RT,VP0565,9.29322446360345,7.52394599361418,-1.76927846998927,97.5873595931121,94.0488026531335,-3.53855693997855,1
RT,VP0566,-194.136540530244,-201.260253051456,-7.12371252121153,-306.914018170821,-321.161443213244,-14.2474250424231,1
RT,VP0567,-389.649154093416,-389.918532540808,-0.269378447392739,-697.134990511807,-697.673747406592,-0.538756894785479,1
RT,VP0568,-386.961166872792,-386.339655742744,0.621511130048873,-692.333663400879,-691.090641140781,1.24302226009775,0
RT,VP0569,-240.496177054505,-246.758785484288,-6.26260842978252,-400.52468497069,-413.049901830255,-12.525216859565,1
RT,VP0570,-200.309014045088,-198.669422910327,1.63959113476051,-319.831499612569,-316.552317343048,3.27918226952102,0
RT,VP0571,-46.2507195996727,-51.7217165197525,-5.47099692007987,-13.8200989254488,-24.7620927656086,-10.9419938401597,1
RT,VP0572,-494.604882427937,-496.872662826282,-2.26778039834522,-906.932221040739,-911.467781837429,-4.53556079669045,1
RT,VP0573,15.5744855967665,12.0336044546511,-3.54088114211544,112.021010721819,104.939248437588,-7.08176228423088,1
RT,VP0574,-392.559064047761,-391.721277895629,0.837786152132594,-703.083016768198,-701.407444463933,1.67557230426519,0
RT,VP0575,-225.758028509522,-225.34409304492,0.413935464601764,-368.90221719453,-368.074346265327,0.827870929203527,0
RT,VP0576,-403.867204248519,-403.666974188386,0.200230060133038,-725.660691238293,-725.260231118027,0.400460120266075,0
RT,VP0577,-264.760073248461,-260.696281700023,4.06379154843808,-448.038979670755,-439.911396573879,8.12758309687615,0
RT,VP0578,-382.970446613703,-385.079080691824,-2.10863407812116,-683.854334875942,-688.071603032184,-4.2172681562422,1
RT,VP0579,-240.118407858902,-239.339876474308,0.77853138459335,-397.833616304261,-396.276553535074,1.5570627691867,0
RT,VP0580,-578.646787648529,-578.3703115313,0.276476117228867,-1075.65151220576,-1075.0985599713,0.552952234457734,0
RT,VP0581,216.932724827817,217.727160899329,0.794436071511626,511.022083392104,512.610955535128,1.58887214302325,0
RT,VP0582,-185.909988458952,-185.445107074906,0.464881384045441,-292.752859187501,-291.823096419411,0.929762768090882,0
RT,VP0583,-247.010553256179,-247.572221612737,-0.56166835655813,-412.744142004491,-413.867478717607,-1.12333671311626,1
RT,VP0584,138.94985341235,141.516676378663,2.56682296631269,355.751915046516,360.885560979141,5.13364593262537,0
RT,VP0585,-355.767061021289,-358.452935744478,-2.68587472318842,-629.759607275459,-635.131356721836,-5.37174944637684,1
RT,VP0586,-589.505325796285,-590.893681623045,-1.38835582676063,-1097.14428290512,-1099.92099455865,-2.77671165352126,1
RT,VP0587,-208.318415486276,-211.103462680315,-2.78504719403873,-335.277768082885,-340.847862470963,-5.57009438807745,1
RT,VP0588,249.860219599329,248.026372900338,-1.83384669899067,576.035325622726,572.367632224745,-3.66769339798134,1
RT,VP0589,-258.53863174305,-263.09140878871,-4.55277704566072,-435.528794184017,-444.634348275338,-9.10555409132144,1
RT,VP0590,-520.270625392473,-526.542700198814,-6.27207480634149,-959.168559273712,-971.712708886395,-12.544149612683,1
RT,VP0591,-437.575838878938,-435.402864031772,2.17297484716573,-794.237110128372,-789.891160434041,4.34594969433147,0
RT,VP0592,-363.321069386754,-363.999772217554,-0.678702830800603,-645.000075682207,-646.357481343808,-1.35740566160121,1
RT,VP0593,71.5782192841173,68.2944146104177,-3.28380467369959,225.126929383989,218.559320036589,-6.56760934739918,1
RT,VP0594,-71.2837548586503,-75.9273508524794,-4.64359599382908,-61.2220909450785,-70.5092829327366,-9.28719198765816,1
RT,VP0595,-247.071561559809,-254.719501455143,-7.64793989533354,-412.541082299992,-427.836962090659,-15.2958797906671,1
RT,VP0596,180.521960875172,179.572368354234,-0.949592520938438,440.044832416249,438.145647374372,-1.89918504187688,1
RT,VP0597,-168.462094972861,-171.523517866902,-3.06142289404045,-255.688486223492,-261.811332011573,-6.12284578808089,1
RT,VP0598,-5.68608127696058,-4.42733488292964,1.25874639403094,69.3857262919526,71.9032190800144,2.51749278806187,0
RT,VP0599,-231.310298654767,-233.338747479807,-2.02844882503967,-380.676052449834,-384.732950099913,-4.05689765007935,1
RT,VP0600,-252.417547309105,-255.023180379873,-2.60563307076814,-423.31350102725,-428.524767168787,-5.21126614153627,1
RT,VP0601,-152.640898795626,-156.959913905251,-4.31901510962552,-223.719912971953,-232.357943191204,-8.63803021925105,1
RT,VP0602,-185.577436798078,-190.946951853154,-5.36951505507625,-289.223322782121,-299.962352892274,-10.7390301101525,1
RT,VP0603,-78.3522644748935,-70.0421733388275,8.31009113606598,-75.5795526567859,-58.9593703846539,16.620182272132,0
RT,VP0604,-241.427332022113,-242.787194242314,-1.35986222020051,-401.346530914577,-404.066255354978,-2.71972444040102,1
RT,VP0605,83.4760872700044,90.1016230236346,6.62553575363023,247.375698932039,260.6267704393,13.2510715072604,0
RT,VP0606,-80.9051987793267,-81.7553141400757,-0.850115360749044,-81.8834957605771,-83.5837264820752,-1.70023072149809,1
RT,VP0607,-259.677141338223,-261.18624042907,-1.5090990908476,-438.355108350982,-441.373306532678,-3.0181981816952,1
RT,VP0608,67.7004707016638,66.6646447154653,-1.03582598619846,215.809714717901,213.738062745504,-2.07165197239692,1
RT,VP0609,47.4872286521,46.6437502643541,-0.843478387745904,175.500734617629,173.813777842137,-1.68695677549181,1
RT,VP0610,-35.1770227358873,-38.5390776703948,-3.36205493450746,11.2078391475237,4.48372927850875,-6.72410986901491,1
RT,VP0611,-118.766295141336,-123.387844681802,-4.62154954046594,-156.449401611701,-165.692500692633,-9.24309908093187,1
RT,VP0612,-361.29750836873,-362.444811785868,-1.14730341713727,-640.380797607536,-642.675404441811,-2.29460683427453,1
RT,VP0613,237.305034473959,237.614176390915,0.309141916955923,553.477459460246,554.095743294158,0.618283833911846,0
RT,VP0614,211.250237042494,210.152461133496,-1.09777590899807,498.392781633563,496.197229815567,-2.19555181799615,1
RT,VP0615,-40.4464232741873,-42.3233073761805,-1.87688410199314,0.00756178744998692,-3.7462064165363,-3.75376820398628,1
RT,VP0616,-122.300661000641,-131.236854933144,-8.9361939325031,-163.857778644265,-181.730166509272,-17.8723878650062,1
RT,VP0617,-93.441140083565,-87.0647218976768,6.37641818588821,-105.605315659264,-92.8524792874872,12.7528363717764,0
RT,VP0618,-411.769193832027,-412.026209326952,-0.257015494925042,-741.490393887828,-742.004424877678,-0.514030989849971,1
RT,VP0619,-335.280719382188,-332.182955915682,3.09776346650631,-588.347219634452,-582.151692701439,6.19552693301262,0
RT,VP0620,-283.928597624494,-283.185462946148,0.743134678346053,-485.541816405138,-484.055547048446,1.48626935669211,0
RT,VP0621,322.36188190041,323.219519322469,0.857637422058872,721.325843419428,723.041118263546,1.71527484411774,0
RT,VP0622,-308.658106808446,-308.452436603956,0.205670204490389,-535.371668757193,-534.960328348212,0.411340408980777,0
RT,VP0623,-122.675831111507,-121.227223493866,1.44860761764141,-164.810777482341,-161.913562247058,2.89721523528283,0
RT,VP0624,-277.48692953407,-278.961381669978,-1.47445213590782,-475.326762692727,-478.275666964543,-2.94890427181565,1
RT,VP0625,-267.462186302316,-271.536309108244,-4.07412280592746,-452.812173217772,-460.960418829627,-8.14824561185492,1
RT,VP0626,-196.05575086251,-196.270218260996,-0.214467398486306,-310.258212057941,-310.687146854914,-0.428934796972612,1
RT,VP0627,-25.1007272559376,-24.1142387406751,0.986488515262522,30.6847778033994,32.6577548339245,1.97297703052504,0
RT,VP0628,-181.896408639445,-181.901409763969,-0.00500112452471058,-281.809374492099,-281.819376741148,-0.0100022490494212,1
RT,VP0629,-346.237481629196,-352.149208164138,-5.91172653494112,-610.608594570947,-622.432047640829,-11.8234530698822,1
RT,VP0630,-245.376745032431,-248.851189684466,-3.47444465203489,-409.42173094124,-416.37062024531,-6.94888930406978,1
RT,VP0631,-48.2082033828886,-47.160590270661,1.04761311222762,-14.7876696058855,-12.6924433814302,2.09522622445525,0
RT,VP0632,-306.608770037683,-312.104297202146,-5.49552716446237,-530.801847167723,-541.792901496648,-10.9910543289247,1
RT,VP0633,-130.021088710077,-134.790855694314,-4.76976698423653,-178.175808732709,-187.715342701182,-9.53953396847305,1
RT,VP0634,-265.209057385879,-264.223245436292,0.985811949586491,-448.344397513011,-446.372773613838,1.97162389917298,0
RT,VP0635,37.3063341533008,38.0139722399269,0.707638086626105,155.985359817836,157.400635991088,1.41527617325221,0
RT,VP0636,-72.4559162131281,-75.1896412688448,-2.73372505571672,-64.0967325065808,-69.5641826180142,-5.46745011143344,1
RT,VP0637,-166.948650584058,-165.255058684577,1.69359189948045,-253.356416427441,-249.96923262848,3.3871837989609,0
RT,VP0638,-247.031664399546,-244.36981453971,2.66184985983625,-413.248228879417,-407.924529159745,5.3236997196725,0
RT,VP0639,-29.5568760001801,-29.0756070276229,0.481268972557189,22.6343891297696,23.596927074884,0.962537945114377,0
RT,VP0640,25.8695032126422,25.734544066998,-0.134959145644189,133.070765548906,132.800847257617,-0.269918291288377,1
RT,VP0641,-96.6008471417333,-95.9998114917735,0.60103564995984,-113.889503365458,-112.687432065538,1.20207129991968,0
RT,VP0642,-251.501466732412,-235.101305601578,16.4001611308336,-421.202102897684,-388.401780636017,32.8003222616672,0
RT,VP0643,-62.7147241152546,-62.6042800638095,0.110444051445143,-45.9247398144138,-45.7038517115235,0.220888102890285,0
RT,VP0644,-475.589605181663,-477.43962503663,-1.85001985496694,-868.763517455683,-872.463557165617,-3.70003970993389,1
RT,VP0645,-46.3400956543218,-45.9424138022842,0.397681852037522,-11.1451523381256,-10.3497886340505,0.795363704075044,0
RT,VP0646,75.3137047761754,74.0737207161313,-1.23998406004409,226.942295976419,224.462327856331,-2.47996812008819,1
RT,VP0647,-52.9821084558107,-54.3631403185332,-1.38103186272247,-25.3360590589983,-28.0981227844432,-2.76206372544493,1
RT,VP0648,-62.2543307046296,-68.9165009172379,-6.66217021260832,-42.9736224387412,-56.2979628639578,-13.3243404252166,1
RT,VP0649,-339.5728470796,-343.116929928489,-3.54408284888984,-597.490319918448,-604.578485616227,-7.08816569777969,1
RT,VP0650,-273.032142606847,-274.024905662703,-0.99276305585613,-464.329352670479,-466.314878782191,-1.98552611171226,1
RT,VP0651,-510.097931816237,-509.198470103413,0.899461712824177,-938.122146373728,-936.323222948079,1.79892342564835,0
RT,VP0652,-254.567772647665,-257.43740819765,-2.86963554998505,-428.320445375655,-434.059716475625,-5.7392710999701,1
RT,VP0653,63.6229073501049,63.5886250588554,-0.0342822912494967,208.927767024916,208.859202442417,-0.0685645824989933,1
RT,VP0654,-576.816817375594,-583.884658597702,-7.0678412221082,-1070.72857739941,-1084.86425984362,-14.1356824442164,1
RT,VP0655,-179.774492494532,-179.787420109283,-0.0129276147508222,-278.479757925253,-278.505613154755,-0.0258552295016443,1
RT,VP0656,90.8952547808657,89.6129799160911,-1.28227486477454,261.390330761096,258.825781031547,-2.56454972954907,1
RT,VP0657,56.4661406670377,53.4517071967447,-3.014433470293,193.117584503473,187.088717562887,-6.028866940586,1
RT,VP0658,-49.5096342059368,-63.8841751161801,-14.3745409102433,-18.0060507846325,-46.7551326051191,-28.7490818204866,1
RT,VP0659,-215.029950759009,-207.893200713184,7.13675004582507,-347.947702131157,-333.674202039507,14.2735000916501,0
RT,VP0660,45.4152430660147,46.3551271794885,0.939884113473738,170.66484248427,172.544610711217,1.87976822694748,0
RT,VP0661,-128.497040516378,-129.025306450087,-0.52826593370969,-174.805285641154,-175.861817508573,-1.05653186741938,1
RT,VP0662,-650.814000871392,-654.760684079304,-3.94668320791175,-1219.61869687702,-1227.51206329284,-7.89336641582349,1
RT,VP0663,-176.31714088459,-176.877387858571,-0.560246973981009,-276.592372995423,-277.712866943385,-1.12049394796202,1
RT,VP0664,-242.99774849528,-245.217900365255,-2.22015186997527,-404.663737866938,-409.104041606889,-4.44030373995054,1
RT,VP0665,-227.219445917966,-228.893827547516,-1.67438162954977,-372.796828744632,-376.145592003731,-3.34876325909954,1
RT,VP0666,-214.963090824117,-216.245801181776,-1.28271035765931,-347.661276064914,-350.226696780233,-2.56542071531862,1
RT,VP0667,-286.615604387211,-287.414470495209,-0.798866107997753,-491.312666091743,-492.910398307739,-1.59773221599551,1
RT,VP0668,-386.461960785208,-384.473163336455,1.98879744875256,-690.646377755281,-686.668782857776,3.97759489750513,0
RT,VP0669,-212.847294924864,-215.923015663823,-3.07572073895869,-344.294687442481,-350.446128920398,-6.15144147791739,1
RT,VP0670,-474.658409629993,-475.07698554221,-0.418575912217364,-867.294604226218,-868.131756050653,-0.837151824434613,1
RT,VP0671,-142.352189578561,-145.215697796073,-2.86350821751142,-202.772828343088,-208.499844778111,-5.72701643502285,1
RT,VP0672,272.945409222502,273.415170221023,0.469760998521224,624.435014369017,625.37453636606,0.939521997042448,0
RT,VP0673,53.4114077541294,54.6398329249052,1.22842517077584,183.665705883477,186.122556225028,2.45685034155167,0
RT,VP0674,-77.2287674727407,-78.9217258120432,-1.69295833930255,-73.7571312394792,-77.1430479180843,-3.3859166786051,1
RT,VP0675,-96.0466208676036,-96.3265650846585,-0.279944217054833,-111.566964421778,-112.126852855888,-0.559888434109666,1
RT,VP0676,173.191387644486,172.473789034133,-0.717598610353036,425.711127825586,424.27593060488,-1.43519722070607,1
RT,VP0677,-449.414353397016,-450.262465032936,-0.848111635919565,-817.093774250817,-818.789997522657,-1.69622327183913,1
RT,VP0678,-422.728062086751,-439.818622723395,-17.090560636644,-763.537581490823,-797.718702764111,-34.181121273288,1
RT,VP0679,-76.0708860521397,-71.609589196318,4.46129685582167,-70.2102212902451,-61.2876275786017,8.92259371164334,0
RT,VP0680,-187.546871157086,-171.603164104296,15.9437070527896,-292.615776303622,-260.728362198043,31.8874141055793,0
RT,VP0681,-408.949073479745,-419.601098075971,-10.6520245962255,-735.888842093725,-757.192891286176,-21.304049192451,1
RT,VP0682,32.3499978810316,33.3980543825853,1.04805650155373,146.248465064145,148.344578067253,2.09611300310746,0
RT,VP0683,-22.261897722392,-22.3000375200348,-0.0381397976428275,35.2640191555133,35.1877395602276,-0.076279595285655,1
RT,VP0684,-108.232181146552,-106.411676106055,1.8205050404971,-137.184560058725,-133.54354997773,3.64101008099419,0
RT,VP0685,-233.11725099473,-242.921443943294,-9.80419294856409,-384.552549664753,-404.160935561881,-19.6083858971282,1
RT,VP0686,-418.500145652035,-427.895310455382,-9.39516480334709,-755.47869771311,-774.269027319804,-18.7903296066942,1
RT,VP0687,79.0051881605763,80.1947920039215,1.1896038433452,237.625976615493,240.005184302183,2.37920768669039,0
RT,VP0688,-348.518402576059,-349.8302318843,-1.31182930824099,-614.558839141568,-617.18249775805,-2.62365861648198,1
RT,VP0689,-273.054443417228,-277.326271954575,-4.27182853734718,-464.480149674564,-473.023806749259,-8.54365707469435,1
RT,VP0690,-105.065963978996,-106.393864140688,-1.32790016169201,-128.383786827862,-131.039587151246,-2.65580032338403,1
RT,VP0691,-252.963683318456,-258.720436813217,-5.7567534947608,-423.486725695335,-435.000232684857,-11.5135069895216,1
RT,VP0692,21.783915259304,17.8628506342446,-3.92106462505933,123.768161867803,115.926032617685,-7.84212925011866,1
RT,VP0693,36.3417691443121,35.5029248501756,-0.83884429413655,151.898299713371,150.220611125098,-1.6776885882731,1
RT,VP0694,-159.157694862816,-164.534008086462,-5.37631322364552,-236.567248595503,-247.319875042794,-10.752626447291,1
RT,VP0695,-108.366706009759,-107.188860211978,1.17784579778157,-135.442725383228,-133.087033787664,2.35569159556314,0
RT,VP0696,-214.21759548203,-216.764839898137,-2.54724441610693,-346.9135973731,-352.008086205314,-5.09448883221387,1
RT,VP0697,-315.181971074521,-313.913108320007,1.26886275451488,-549.606053303169,-547.068327794139,2.53772550902977,0
RT,VP0698,-78.5404171072666,-83.0550025070768,-4.51458539981019,-75.3063194474138,-84.3354902470342,-9.02917079962037,1
RT,VP0699,-196.569906857439,-196.765873961943,-0.195967104503893,-312.310453543971,-312.702387752979,-0.391934209007786,1
RT,VP0700,-284.283896680027,-285.538609200135,-1.25471252010766,-488.15902004548,-490.668445085696,-2.50942504021532,1
RT,VP0701,-337.134291228394,-340.269448504719,-3.13515727632443,-592.520441326659,-598.790755879307,-6.27031455264887,1
RT,VP0702,-243.21726903537,-240.686825853963,2.53044318140678,-404.425233204974,-399.364346842161,5.06088636281356,0
RT,VP0703,69.4072372899244,69.5194034899876,0.1121662000632,219.799589149749,220.023921549875,0.2243324001264,0
RT,VP0704,-372.007647745747,-372.905861958573,-0.898214212826872,-661.77570637326,-663.572134798914,-1.79642842565374,1
RT,VP0705,-292.919440935862,-292.718142053568,0.201298882293429,-504.466190360489,-504.063592595902,0.402597764586858,0
RT,VP0706,85.3814920668758,86.8460496235968,1.46455755672105,250.705241020295,253.634356133737,2.92911511344209,0
RT,VP0707,91.0669006464779,92.3248211205952,1.25792047411727,263.062511528692,265.578352476927,2.51584094823454,0
RT,VP0708,-222.976773581908,-225.156084774782,-2.17931119287368,-363.638168319966,-367.996790705713,-4.35862238574737,1
RT,VP0709,-27.0834305510121,-26.7014179423779,0.382012608634227,25.7292714484248,26.4932966656932,0.764025217268454,0
RT,VP0710,-205.294272814184,-206.59672726274,-1.30245444855615,-329.013260672669,-331.618169569781,-2.6049088971123,1
RT,VP0711,116.123736771912,116.59436194211,0.470625170197536,313.316700607636,314.257950948031,0.941250340395072,0
RT,VP0712,-333.493860504629,-335.839818615581,-2.34595811095136,-585.160632225952,-589.852548447855,-4.69191622190272,1
RT,VP0713,-263.076603845399,-269.015548516247,-5.93894467084749,-444.27377422253,-456.151663564225,-11.877889341695,1
RT,VP0714,35.3742202210885,35.7250003691082,0.350780148019737,150.598270684376,151.299830980415,0.701560296039474,0
RT,VP0715,-141.957817257671,-142.949380819925,-0.991563562254385,-202.193925113959,-204.177052238468,-1.98312712450877,1
RT,VP0716,130.560830500129,129.0709463889,-1.48988411122986,341.633313083358,338.653544860899,-2.97976822245971,1
RT,VP0717,81.5243895020766,81.1975260423729,-0.326863459703702,242.2635404289,241.609813509492,-0.653726919407404,1
RT,VP0718,-32.2191016535221,-31.7048925524208,0.514209101101301,15.2088930683693,16.2373112705719,1.0284182022026,0
RT,VP0719,-52.4855766212111,-54.0656810926565,-1.5801044714454,-23.4899864162554,-26.6501953591462,-3.16020894289079,1
RT,VP0720,-105.170240923806,-103.98412047113,1.18612045267622,-130.005737145359,-127.633496240006,2.37224090535244,0
RT,VP0721,-289.285139846191,-289.542381062983,-0.25724121679184,-497.543035178682,-498.057517612266,-0.51448243358368,1
RT,VP0722,-351.127380165286,-358.156034073883,-7.02865390859648,-620.002506303512,-634.059814120705,-14.057307817193,1
RT,VP0723,-452.24475271304,-448.051560924985,4.19319178805517,-822.454394098756,-814.068010522645,8.38638357611035,0
RT,VP0724,-138.037044716163,-140.491185453739,-2.45414073757604,-197.123074888205,-202.031356363357,-4.90828147515208,1
RT,VP0725,-35.5656157160641,-36.0019660382562,-0.436350322192027,5.22510581035729,4.35240516597324,-0.872700644384054,1
RT,VP0726,-20.9011626043224,-22.8588367242521,-1.95767411992972,39.8130712050147,35.8977229651552,-3.91534823985944,1
RT,VP0727,-39.2814296967447,-37.7180105906065,1.56341910613821,1.28697084870927,4.4138090609857,3.12683821227643,0
RT,VP0728,-81.8941860825465,-81.8728158394429,0.0213702431035472,-82.3072053389261,-82.264464852719,0.0427404862070944,0
RT,VP0729,-2.21905939665123,-5.90204549925801,-3.68298610260678,75.9558852886377,68.5899130834241,-7.36597220521355,1
RT,VP0730,-243.43943783409,-243.962027746402,-0.522589912311958,-405.424735880465,-406.469915705089,-1.04517982462392,1
RT,VP0731,-73.0233549868252,-75.7460481368831,-2.72269315005798,-64.5520524209361,-69.997438721052,-5.44538630011596,1
RT,VP0732,-77.1313020430972,-78.3006213693461,-1.16931932624891,-72.7679465334802,-75.106585185978,-2.33863865249782,1
RT,VP0733,-64.0188226457902,-55.8382789587654,8.18054368702479,-46.5295121619308,-30.1684247878812,16.3610873740496,0
RT,VP0734,-241.257046159172,-248.050842170382,-6.79379601121013,-400.582541504309,-414.17013352673,-13.5875920224203,1
RT,VP0735,121.552407366668,126.322983063657,4.77057569698979,323.674861092249,333.216012486229,9.54115139397959,0
RT,VP0736,72.5560097227024,72.1133057829612,-0.442703939741136,225.969849380556,225.084441501074,-0.885407879482273,1
RT,VP0737,-84.5093478711996,-86.5865051878289,-2.07715731662927,-87.4702264403171,-91.6245410735756,-4.15431463325854,1
RT,VP0738,-150.167937917838,-152.805685652245,-2.63774773440645,-221.104821129404,-226.380316598217,-5.27549546881289,1
RT,VP0739,-357.316649829873,-359.271368123707,-1.95471829383411,-632.469981984721,-636.37941857239,-3.90943658766821,1
RT,VP0740,-257.723248617995,-258.282461716222,-0.559213098227303,-435.111752533736,-436.230178730191,-1.11842619645461,1
RT,VP0741,-41.402362275255,-38.8005817230068,2.60178055224827,-1.17598739061833,4.02757371387821,5.20356110449654,0
RT,VP0742,-96.5051291476792,-97.0499524231527,-0.544823275473561,-113.426236966611,-114.515883517558,-1.08964655094712,1
RT,VP0743,-264.413033423768,-264.759882578003,-0.346849154234974,-448.432062765595,-449.125761074065,-0.693698308469948,1
RT,VP0744,-189.881668830953,-195.841506846775,-5.95983801582219,-297.962507094766,-309.882183126411,-11.9196760316444,1
RT,VP0745,-431.358978197632,-435.383547627771,-4.02456943013965,-780.682845067938,-788.731983928218,-8.0491388602793,1
RT,VP0746,103.529580576754,103.319830555082,-0.209750021672505,288.016106696389,287.596606653044,-0.41950004334501,1
RT,VP0747,-224.987518891864,-223.390903960714,1.59661493114982,-367.760818653803,-364.567588791503,3.19322986229963,0
RT,VP0748,-259.556878364604,-261.973047071615,-2.41616870701148,-436.623374783768,-441.455712197791,-4.83233741402296,1
RT,VP0749,-208.711087096814,-210.974919240214,-2.26383214339927,-335.660838999498,-340.188503286297,-4.52766428679854,1
RT,VP0750,-108.192636299117,-108.29327658422,-0.100640285102543,-136.535442356036,-136.736722926241,-0.201280570205085,1
RT,VP0751,104.952256454075,105.08466648242,0.132410028344623,291.626222309532,291.891042366222,0.264820056689246,0
RT,VP0752,13.1425271116354,14.4424445190757,1.29991740744026,108.164487691539,110.76432250642,2.59983481488052,0
RT,VP0753,-69.4386800826326,-67.1527165262762,2.28596355635642,-57.1424276220496,-52.5705005093368,4.57192711271284,0
RT,VP0754,164.430618294209,160.709183427354,-3.72143486685516,408.026985011058,400.584115277348,-7.44286973371032,1
RT,VP0755,-98.2804988643327,-101.961428737961,-3.6809298736278,-115.817454371649,-123.179314118905,-7.36185974725561,1
RT,VP0756,284.267759492903,284.996863908656,0.72910441575317,645.2986748484,646.756883679907,1.45820883150634,0
RT,VP0757,58.6239132284757,53.2412821396464,-5.38263108882927,198.80971107625,188.044448898591,-10.7652621776585,1
RT,VP0758,-53.1848257442693,-58.4566094574374,-5.27178371316808,-26.2446499535729,-36.7882173799091,-10.5435674263362,1
RT,VP0759,-49.6794614758772,-49.6837182299782,-0.00425675410093618,-18.3457053245134,-18.3542188327152,-0.00851350820187236,1
RT,VP0760,17.167126715272,13.9815801264946,-3.18554658877741,114.594509997905,108.22341682035,-6.37109317755483,1
RT,VP0761,-56.7732527149648,-55.9726163613116,0.800636353653204,-31.9444646103033,-30.3431919029968,1.60127270730641,0
RT,VP0762,-241.360330633028,-243.643711995539,-2.2833813625104,-401.01218959354,-405.578952318561,-4.56676272502079,1
RT,VP0763,-327.62252378929,-327.117070491108,0.505453298182147,-573.197053802353,-572.186147205989,1.01090659636429,0
RT,VP0764,30.2167149938748,21.7944613073657,-8.42225368650912,140.678733282148,123.83422590913,-16.8445073730182,1
RT,VP0765,-398.624846893031,-398.514363550682,0.110483342349085,-715.357209745544,-715.136243060846,0.220966684698169,0
RT,VP0766,-334.629850439029,-337.120083022726,-2.49023258369709,-587.524768334842,-592.505233502237,-4.98046516739419,1
RT,VP0767,83.9798758394358,87.6707174748511,3.69084163541532,246.589846323287,253.971529594117,7.38168327083065,0
RT,VP0768,-308.311082344855,-310.504895797837,-2.19381345298223,-535.414047186525,-539.80167409249,-4.38762690596445,1
RT,VP0769,-184.593072666871,-187.684586132668,-3.09151346579705,-287.398465452851,-293.581492384445,-6.1830269315941,1
RT,VP0770,-270.377761078108,-270.982529850608,-0.604768772500108,-460.983261673456,-462.192799218456,-1.20953754500022,1
RT,VP0771,-150.740869194476,-155.959882856942,-5.21901366246527,-220.068253637301,-230.506280962232,-10.4380273249305,1
RT,VP0772,-126.02826008764,-143.386728771622,-17.3584686839817,-170.374567850575,-205.091505218538,-34.7169373679634,1
RT,VP0773,-188.715386022285,-188.44489872329,0.270487298994794,-295.963111128663,-295.422136530674,0.540974597989589,0
RT,VP0774,-73.3852309307902,-73.7311670426202,-0.345936111829985,-64.5816664699789,-65.2735386936389,-0.691872223659971,1
RT,VP0775,-738.646119646655,-748.254359438279,-9.6082397916241,-1395.23137688314,-1414.44785646639,-19.2164795832482,1
RT,VP0776,218.966639462645,218.33655971635,-0.630079746294655,516.934189591194,515.674030098605,-1.26015949258931,1
RT,VP0777,-315.013709789323,-315.098294216032,-0.084584426709398,-548.613934826994,-548.783103680413,-0.169168853418796,1
RT,VP0778,-65.3507623474944,-57.9175384592124,7.43322388828204,-49.3288331837547,-34.4623854071906,14.8664477765641,0
RT,VP0779,11.7569016742681,19.4168152989291,7.65991362466099,103.409935898985,118.729763148307,15.319827249322,0
RT,VP0780,-174.975248373892,-173.599118027315,1.37613034657636,-268.018945933749,-265.266685240597,2.75226069315272,0
RT,VP0781,-462.535480600746,-467.214438430905,-4.67895783015899,-843.698269690258,-853.056185350576,-9.35791566031799,1
RT,VP0782,-47.2649187394234,-47.4418435568859,-0.17692481746252,-12.6112947961676,-12.9651444310926,-0.353849634925041,1
RT,VP0783,165.619633423941,160.43378778332,-5.18584564062053,413.000602042012,402.628910760771,-10.3716912812411,1
RT,VP0784,-74.2764965173544,-74.3068836882653,-0.0303871709108989,-66.5695502479185,-66.6303245897403,-0.0607743418217979,1
RT,VP0785,-200.980690586062,-197.464856095217,3.51583449084558,-320.055860737061,-313.02419175537,7.03166898169115,0
RT,VP0786,151.930953316713,148.013513053368,-3.91744026334524,384.047209802823,376.212329276133,-7.83488052669054,1
RT,VP0787,95.4767267375671,95.6047545195187,0.12802778195163,269.54926238194,269.805317945843,0.25605556390326,0
RT,VP0788,-196.703157590175,-197.531846334467,-0.828688744291696,-311.526881712083,-313.184259200666,-1.65737748858339,1
RT,VP0789,33.7354756708759,30.2909820681447,-3.44449360273114,149.258631222644,142.369644017181,-6.88898720546229,1
RT,VP0790,-246.622390432719,-252.818544766515,-6.19615433379624,-412.472563659653,-424.864872327246,-12.3923086675925,1
RT,VP0791,-124.960360076807,-124.097613192061,0.862746884745434,-173.794154944097,-172.068661174606,1.72549376949087,0
RT,VP0792,103.006501762962,102.36147277236,-0.645028990601645,283.91988154617,282.629823564966,-1.29005798120329,1
RT,VP0793,-166.646200678164,-166.215201902534,0.430998775630314,-250.764848498359,-249.902850947099,0.861997551260629,0
RT,VP0794,-22.524160358923,-17.6997211626552,4.82443919626775,34.8632063183577,44.5120847108932,9.64887839253549,0
RT,VP0795,-294.602950010035,-292.957992351883,1.64495765815224,-508.390800100395,-505.10088478409,3.28991531630447,0
RT,VP0796,-123.10011922015,-124.788711613061,-1.68859239291146,-163.488538746235,-166.865723532058,-3.37718478582292,1
RT,VP0797,-20.4070945790085,-21.217407573123,-0.81031299411444,38.4656130763615,36.8449870881327,-1.62062598822888,1
RT,VP0798,-211.964185825749,-215.713506544574,-3.74932071882472,-342.035887610981,-349.53452904863,-7.49864143764944,1
RT,VP0799,-22.6234972886472,-26.4100942248033,-3.78659693615612,36.1664901743573,28.593296302045,-7.57319387231223,1
RT,VP0800,-257.716761210316,-260.839302943752,-3.12254173343553,-436.089030002636,-442.334113469507,-6.24508346687105,1
RT,VP0801,-136.278780190273,-139.706368583676,-3.42758839340297,-190.652039945483,-197.507216732289,-6.85517678680594,1
RT,VP0802,195.295339168401,195.393843965411,0.0985047970098378,471.631933359975,471.828942953995,0.197009594019619,0
RT,VP0803,-156.318456709703,-154.276363503866,2.04209320583698,-230.968242778403,-226.884056366729,4.08418641167395,0
RT,VP0804,134.134712555747,133.840484289864,-0.294228265882964,349.642116622728,349.053660090962,-0.588456531765928,1
RT,VP0805,-211.741166073776,-210.658113111002,1.08305296277416,-343.632501905354,-341.466395979805,2.16610592554832,0
RT,VP0806,-117.810821552382,-120.986556734166,-3.17573518178335,-154.707075475262,-161.058545838829,-6.3514703635667,1
RT,VP0807,55.2979137974177,54.5613153012469,-0.736598496170814,189.001293650036,187.528096657694,-1.47319699234163,1
RT,VP0808,-315.494830136957,-319.554325458144,-4.0594953211874,-549.32098963291,-557.439980275285,-8.1189906423748,1
RT,VP0809,-63.0221611222584,-62.9405427695199,0.0816183527384737,-45.2007187484944,-45.0374820430175,0.163236705476947,0
RT,VP0810,-239.432198538396,-244.465739435147,-5.03354089675111,-396.790679818045,-406.857761611547,-10.0670817935022,1
RT,VP0811,-196.767937073028,-195.879945463498,0.887991609530559,-311.157700810406,-309.381717591345,1.77598321906112,0
RT,VP0812,-249.463960014932,-252.439546822132,-2.97558680719993,-417.568857140196,-423.520030754596,-5.95117361439986,1
RT,VP0813,-89.0680858126204,-89.5061626351596,-0.438076822539188,-95.0172472265682,-95.8934008716465,-0.876153645078375,1
RT,VP0814,-207.517226122725,-209.657538024245,-2.14031190151962,-333.220485388001,-337.50110919104,-4.28062380303925,1
RT,VP0815,-213.677350201798,-220.7382878588,-7.06093765700166,-346.313445380423,-360.435320694427,-14.1218753140033,1
RT,VP0816,-93.083641958694,-92.9333589357042,0.150283022989811,-104.261763482324,-103.961197436345,0.300566045979622,0
RT,VP0817,-46.9655140035593,-48.8720905406756,-1.90657653711628,-13.7758377769861,-17.5889908512187,-3.81315307423256,1
RT,VP0818,-60.754283233672,-67.1998007573472,-6.44551752367528,-40.7077437652956,-53.5987788126462,-12.8910350473506,1
RT,VP0819,-318.84038008953,-318.961416071246,-0.12103598171592,-555.277560765517,-555.519632728949,-0.24207196343184,1
RT,VP0820,-55.1218650509299,-55.6264237708787,-0.504558719948818,-29.7174527884307,-30.7265702283283,-1.00911743989764,1
RT,VP0821,-480.651969956997,-477.912605491268,2.73936446572895,-879.424506445726,-873.945777514268,5.47872893145791,0
RT,VP0822,-142.812187384938,-144.205887869649,-1.39370048471051,-204.909573941571,-207.696974910992,-2.78740096942101,1
RT,VP0823,-228.762258486052,-231.853338993849,-3.09108050779793,-374.898400931685,-381.080561947281,-6.18216101559585,1
RT,VP0824,115.688197439908,116.627287881872,0.939090441963373,310.360696546531,312.238877430458,1.87818088392675,0
RT,VP0825,50.6942521421477,52.4895063953947,1.79525425324704,181.60384501631,185.194353522805,3.59050850649407,0
RT,VP0826,-95.4743467501479,-97.1466218004567,-1.67227505030877,-111.652685996743,-114.99723609736,-3.34455010061754,1
RT,VP0827,-223.530517056664,-236.231461637668,-12.7009445810036,-366.490987754414,-391.892876916422,-25.4018891620071,1
RT,VP0828,-357.355818849223,-357.428588476,-0.072769626777017,-635.415630194893,-635.561169448447,-0.145539253554034,1
RT,VP0829,-165.825695083262,-164.180100394907,1.64559468835432,-252.633893457894,-249.342704081186,3.29118937670864,0
RT,VP0830,-158.368333103506,-156.137455782309,2.23087732119689,-236.536334857817,-232.074580215423,4.46175464239377,0
RT,VP0831,154.993204143073,153.823404909293,-1.16979923378011,389.928665172689,387.589066705129,-2.33959846756022,1
RT,VP0832,-23.3967568214721,-23.2475681360209,0.149188685451236,33.9787035628407,34.2770809337432,0.298377370902472,0
RT,VP0833,-80.8670440428918,-81.5127723732371,-0.645728330345264,-80.7489735158835,-82.0404301765741,-1.29145666069053,1
RT,VP0834,-132.535680944916,-125.557584836742,6.97809610817347,-183.34965248845,-169.393460272103,13.9561922163469,0
RT,VP0836,77.2798153747263,76.3812826577376,-0.898532716988655,234.729886894935,232.932821460958,-1.79706543397731,1
RT,VP0837,-141.685173835465,-141.104336760552,0.580837074912722,-201.75495125727,-200.593277107444,1.16167414982544,0
RT,VP0838,-158.739572343387,-164.437453838963,-5.69788149557604,-236.451900173073,-247.847663164225,-11.3957629911521,1
RT,VP0839,-109.665112587767,-109.652930015789,0.0121825719777462,-138.558007969748,-138.533642825793,0.0243651439554924,0
RT,VP0840,-385.267886221255,-385.831262826134,-0.563376604879124,-688.220393598659,-689.347146808417,-1.12675320975825,1
RT,VP0841,5.21182044572157,5.73976681797785,0.527946372256281,89.4245515573483,90.4804443018609,1.05589274451256,0
RT,VP0842,-139.932427512148,-141.257615733889,-1.3251882217404,-199.907262672407,-202.557639115888,-2.65037644348081,1
RT,VP0843,-600.758478593742,-599.925524804021,0.832953789720477,-1119.53351440069,-1117.86760682125,1.66590757944095,0
RT,VP0844,-270.88530324286,-280.527263085307,-9.64195984244657,-459.696889226975,-478.980808911868,-19.2839196848931,1
RT,VP0845,-315.955164227406,-325.62877376305,-9.67360953564406,-549.772542704312,-569.1197617756,-19.3472190712881,1
RT,VP0846,-219.611067127933,-218.587118852249,1.02394827568446,-357.781530848606,-355.733634297237,2.04789655136892,0
RT,VP0847,62.96307557606,62.3168078621951,-0.646267713864916,204.049251238398,202.756715810668,-1.29253542772983,1
RT,VP0848,-446.774156278525,-454.702027164546,-7.92787088602125,-811.853093232651,-827.708835004693,-15.8557417720425,1
RT,VP0849,-264.884017145765,-262.162883500925,2.72113364484005,-448.099363650526,-442.657096360846,5.4422672896801,0
RT,VP0850,18.4767135169627,16.6425221149816,-1.83419140198112,116.616240503924,112.947857699961,-3.66838280396223,1
RT,VP0851,-53.012480430208,-43.0478977744744,9.96458265573364,-24.4630762411178,-4.53391092965052,19.9291653114673,0
RT,VP0852,-424.253993867556,-426.485912757857,-2.23191889030056,-767.522873165212,-771.986710945814,-4.46383778060112,1
RT,VP0853,-190.65163444256,-191.940697572967,-1.28906313040704,-299.930577373885,-302.508703634699,-2.57812626081409,1
RT,VP0854,151.785133787805,145.080282891914,-6.70485089589124,384.639494639421,371.229792847638,-13.4097017917825,1
RT,VP0855,-27.4214496748548,-25.9205125679655,1.50093710688924,25.9436291278969,28.9455033416754,3.00187421377848,0
RT,VP0856,-146.96063796258,-144.864009723617,2.09662823896349,-215.99622984694,-211.802973369013,4.19325647792698,0
RT,VP0857,104.640708935927,104.948052440219,0.307343504291993,287.224604543098,287.839291551682,0.614687008584042,0
RT,VP0858,-98.9575925008252,-100.043570684939,-1.0859781841142,-116.474581594389,-118.646537962618,-2.17195636822839,1
RT,VP0859,202.376309869215,202.561296917071,0.184987047855998,476.799264543709,477.169238639421,0.369974095711996,0
RT,VP0860,-482.182996942181,-483.260251574381,-1.07725463220066,-881.888027873811,-884.042537138212,-2.15450926440133,1
RT,VP0861,10.1321954506905,15.0824495258885,4.95025407519802,100.191292699457,110.091800849853,9.90050815039604,0
RT,VP0862,-130.839362840669,-134.713108372773,-3.87374553210344,-183.681281193468,-191.428772257675,-7.74749106420688,1
RT,VP0863,-227.64851417112,-225.484182053742,2.16433211737734,-374.496205640191,-370.167541405436,4.32866423475468,0
RT,VP0864,-77.435835436289,-78.1992842583561,-0.763448822067062,-75.3828881389794,-76.9097857831135,-1.52689764413412,1
RT,VP0865,-468.87846534005,-475.164998480836,-6.28653314078622,-856.631954387099,-869.205020668672,-12.5730662815724,1
RT,VP0866,-309.732292647643,-307.895203317654,1.83708932998923,-537.442370261518,-533.768191601539,3.67417865997845,0
RT,VP0867,-134.681864226292,-140.188849698829,-5.50698547253728,-187.380285665794,-198.394256610868,-11.0139709450746,1
RT,VP0868,-26.4717442726249,-26.6762659808577,-0.204521708232846,28.4292029659844,28.0201595495187,-0.409043416465693,1
RT,VP0869,67.7428865446765,69.7088145153219,1.96592797064545,214.602307499062,218.534163440353,3.93185594129091,0
RT,VP0870,-274.267604067932,-271.76905125246,2.49855281547184,-466.708119352557,-461.711013721613,4.99710563094368,0
RT,VP0871,54.5047110748849,49.6405014069662,-4.86420966791877,189.028161130779,179.299741794941,-9.72841933583754,1
RT,VP0872,49.6156660416917,49.1734151982353,-0.442250843456463,179.521439412406,178.636937725493,-0.884501686912927,1
RT,VP0873,-104.185229532492,-104.888476631999,-0.703247099506825,-128.443557266908,-129.850051465922,-1.40649419901365,1
RT,VP0874,-243.828051227122,-243.892594208351,-0.0645429812288398,-407.129825140814,-407.258911103272,-0.12908596245768,1
RT,VP0875,-20.7910647729178,-20.5439074794353,0.247157293482474,38.3601273407082,38.8544419276732,0.494314586964947,0
RT,VP0876,-240.542473684992,-242.261823345385,-1.71934966039316,-399.576814240334,-403.01551356112,-3.43869932078633,1
RT,VP0877,-196.066833594232,-199.737352889244,-3.67051929501247,-312.114928207455,-319.45596679748,-7.34103859002494,1
RT,VP0878,-217.629562456303,-219.974160665241,-2.34459820893795,-353.146925525744,-357.83612194362,-4.68919641787591,1
RT,VP0879,-76.7614632714956,-79.8110972041645,-3.04963393266888,-72.9528801840776,-79.0521480494154,-6.09926786533777,1
RT,VP0880,-129.618213740916,-127.380814867416,2.23739887350041,-177.162710223087,-172.687912476086,4.47479774700082,0
RT,VP0881,124.533109372148,122.000219970793,-2.5328894013555,325.749106749081,320.68332794637,-5.06577880271101,1
RT,VP0882,-55.9422135702653,-65.8847023344395,-9.94248876417419,-34.8054635781283,-54.6904411064767,-19.8849775283484,1
RT,VP0883,-349.325813264136,-354.239489233817,-4.91367596968172,-616.629411494504,-626.456763433867,-9.82735193936355,1
RT,VP0884,-45.2516882844507,-47.6487387802831,-2.39705049583233,-9.67401639799353,-14.4681173896582,-4.79410099166466,1
RT,VP0885,-172.164371636306,-174.865411309614,-2.70103967330749,-262.436259232096,-267.838338578711,-5.40207934661498,1
RT,VP0886,39.0582387564113,36.1976504807827,-2.86058827562863,159.36595059973,153.644774048473,-5.72117655125726,1
RT,VP0887,28.7748269684155,27.9164853386831,-0.858341629732422,137.259495553238,135.542812293773,-1.71668325946484,1
RT,VP0888,-215.114899616188,-216.71102025839,-1.59612064220175,-348.884380460154,-352.076621744558,-3.19224128440351,1
RT,VP0889,6.43700981253636,7.43405270886507,0.997042896328708,94.3551864512396,96.349272243897,1.99408579265742,0
RT,VP0890,-103.89165117958,-104.592403841307,-0.700752661727336,-126.478909267923,-127.880414591377,-1.40150532345467,1
RT,VP0891,104.049259298079,108.723967993303,4.67470869522452,289.471210107391,298.820627497841,9.34941739044905,0
RT,VP0892,-253.942477314198,-260.900858941921,-6.95838162772355,-426.203002303689,-440.119765559136,-13.9167632554471,1
RT,VP0893,-604.940650903161,-608.039971110319,-3.09932020715735,-1127.55333774894,-1133.75197816326,-6.1986404143147,1
RT,VP0894,-170.488531933661,-168.726646561436,1.76188537222504,-259.084579826806,-255.560809082355,3.52377074445008,0
RT,VP0895,-3.33497169965909,-9.20880192247495,-5.87383022281585,74.5795296875896,62.8318692419579,-11.7476604456317,1
RT,VP0896,62.205981153996,61.7147002220023,-0.491280931993742,205.368907850873,204.386345986885,-0.982561863987485,1
RT,VP0897,-41.694599107754,-40.9770553965241,0.717543711229894,-2.47463058600519,-1.0395431635454,1.43508742245979,0
RT,VP0898,-364.470238096707,-359.382460924169,5.08777717253736,-646.905364866088,-636.729810521014,10.1755543450747,0
RT,VP0899,-307.024078168749,-311.991003052268,-4.96692488351914,-531.595060802172,-541.52891056921,-9.93384976703828,1
RT,VP0900,183.774614350017,183.629614264118,-0.145000085898658,445.291344406536,445.001344234739,-0.290000171797317,1
RT,VP0901,-123.759699740534,-123.175892345746,0.583807394787641,-166.905743140784,-165.738128351209,1.16761478957528,0
RT,VP0902,-30.0180689414851,-30.0318122387567,-0.0137432972715601,20.7360793228147,20.7085927282716,-0.0274865945431202,1
RT,VP0903,138.653558165081,137.735775007652,-0.91778315742917,355.322592376647,353.487026061788,-1.8355663148584,1
RT,VP0904,-30.6687891360635,-29.5659916428123,1.10279749325122,19.8843402676566,22.089935254159,2.20559498650243,0
RT,VP0905,-61.189920661181,-62.9886863593474,-1.79876569816639,-40.8851837696478,-44.4827151659806,-3.59753139633278,1
RT,VP0906,36.4361586120081,34.5988451962566,-1.83731341575145,152.799219022092,149.124592190589,-3.67462683150291,1
RT,VP0907,-56.3782888498916,-56.6368345371409,-0.258545687249295,-33.3959670792286,-33.9130584537272,-0.517091374498591,1
RT,VP0908,-262.744924854254,-287.698935445482,-24.9540105912284,-442.802540266742,-492.710561449199,-49.9080211824569,1
RT,VP0909,-177.715547865359,-174.936747895526,2.77879996983347,-275.974227909549,-270.416627969882,5.55759993966694,0
RT,VP0910,-123.37177912485,-126.865307024681,-3.49352789983158,-165.702303226526,-172.689359026189,-6.98705579966315,1
RT,VP0911,-75.6223578675225,-72.9971661795788,2.62519168794375,-69.8041123277841,-64.5537289518965,5.25038337588751,0
RT,VP0912,-93.1142826911706,-93.0112903161548,0.102992375015731,-105.313997752838,-105.108013002807,0.205984750031462,0
RT,VP0913,-460.322960646488,-464.390946832706,-4.06798618621781,-838.28028059554,-846.416252967976,-8.13597237243562,1
RT,VP0914,-222.126718303214,-225.53676886342,-3.41005056020606,-362.731843015468,-369.551944135881,-6.82010112041212,1
RT,VP0915,-142.600100170912,-147.528293351555,-4.92819318064272,-202.935294758505,-212.79168111979,-9.85638636128544,1
RT,VP0916,177.932895383686,176.783458565689,-1.14943681799744,434.615119891697,432.316246255702,-2.29887363599488,1
RT,VP0917,-207.347629710718,-209.074131780348,-1.72650206963038,-332.789738986372,-336.242743125633,-3.45300413926077,1
RT,VP0918,-182.414351536503,-178.483760294372,3.93059124213136,-282.576449045946,-274.715266561684,7.86118248426271,0
RT,VP0919,383.021897502201,379.128682391782,-3.89321511041993,843.142223291268,835.355793070428,-7.78643022083986,1
RT,VP0920,-21.9856176561152,-18.5744063731982,3.41121128291695,37.0840138816252,43.9064364474591,6.8224225658339,0
RT,VP0921,21.2706576524962,20.8480731284075,-0.422584524088677,121.723423648367,120.878254600189,-0.845169048177354,1
RT,VP0922,-159.559402631575,-158.906020392008,0.653382239567122,-237.841840755284,-236.53507627615,1.30676447913424,0
RT,VP0923,-112.880443522684,-107.001246805943,5.87919671674121,-144.012745915239,-132.254352481757,11.7583934334824,0
RT,VP0924,60.0993893686666,61.689731031064,1.59034166239741,200.444082031731,203.624765356526,3.18068332479481,0
RT,VP0925,-46.7172357553202,-48.3439096631535,-1.62667390783326,-13.1145874914011,-16.3679353070676,-3.25334781566653,1
RT,VP0926,-152.317380802791,-152.736265628084,-0.418884825293503,-222.53537588785,-223.373145538437,-0.837769650587006,1
RT,VP0927,-420.785092721463,-411.677918520205,9.10717420125775,-759.104648226858,-740.890299824342,18.2143484025155,0
RT,VP0928,80.5861376797083,81.8262253229915,1.2400876432832,235.795476795717,238.275652082284,2.48017528656641,0
RT,VP0929,-261.318919782509,-261.528258884245,-0.209339101736418,-440.850159684125,-441.268837887598,-0.418678203472837,1
RT,VP0930,-196.533584098529,-199.889819017704,-3.35623491917488,-313.124911310514,-319.837381148864,-6.71246983834976,1
RT,VP0931,-194.954683338892,-195.806867634619,-0.852184295727625,-311.434335210371,-313.138703801826,-1.70436859145525,1
RT,VP0932,367.864400316088,368.85898670107,0.99458638498146,810.935207214673,812.924379984636,1.98917276996292,0
RT,VP0933,195.63465443818,194.470025395718,-1.16462904246183,459.39035450358,457.061096418656,-2.32925808492371,1
RT,VP0934,-57.3793895406261,-53.7631464311841,3.616243109442,-34.1596417990004,-26.9271555801164,7.23248621888399,0
RT,VP0935,215.606947969008,213.266586015719,-2.34036195328881,512.531979846482,507.851255939905,-4.68072390657761,1
RT,VP0936,-124.091209988012,-134.818546254101,-10.727336266089,-167.211381654072,-188.666054186251,-21.4546725321781,1
RT,VP0937,98.3571822284436,95.8437283976427,-2.51345383080087,277.269838865012,272.24293120341,-5.02690766160174,1
RT,VP0938,58.2573138295867,58.667824413677,0.410510584090275,197.583854722985,198.404875891165,0.82102116818055,0
RT,VP0939,-222.385686021264,-211.145870321467,11.239815699797,-362.256196699839,-339.776565300245,22.4796313995939,0
RT,VP0940,-153.338063732725,-154.246074908508,-0.908011175783145,-226.356243446211,-228.172265797777,-1.81602235156629,1
RT,VP0941,-240.20067109897,-240.222615058822,-0.0219439598521944,-399.486774568438,-399.530662488142,-0.0438879197043889,1
RT,VP0942,-322.29113208723,-318.237930539131,4.05320154809903,-562.926889933708,-554.82048683751,8.10640309619805,0
RT,VP0943,142.838204818934,141.157831902918,-1.68037291601593,364.168769628147,360.808023796116,-3.36074583203185,1
RT,VP0944,-180.365455439189,-180.86187466497,-0.496419225780755,-280.974224700205,-281.967063151766,-0.992838451561511,1
RT,VP0945,-180.563702257377,-185.488130587702,-4.92442833032516,-279.90548597497,-289.75434263562,-9.84885666065031,1
RT,VP0946,231.16484315074,232.064198090169,0.899354939429628,539.829745701617,541.628455580476,1.79870987885931,0
RT,VP0947,108.877898265436,107.871908492129,-1.00598977330685,292.615692031346,290.603712484733,-2.0119795466137,1
RT,VP0948,-285.199715503942,-282.645581947895,2.55413355604787,-488.008738109284,-482.900470997188,5.10826711209575,0
RT,VP0949,-131.507932612501,-136.746299836483,-5.23836722398175,-184.198930288058,-194.675664736022,-10.4767344479635,1
RT,VP0950,-315.301238095026,-318.011777761709,-2.71053966668268,-548.907256865653,-554.328336199019,-5.42107933336536,1
RT,VP0951,-315.155209416729,-317.344164705959,-2.18895528923025,-548.535904066338,-552.913814644799,-4.3779105784605,1
RT,VP0952,-318.894108451367,-320.353842949422,-1.45973449805501,-555.586702908989,-558.506171905099,-2.91946899611003,1
RT,VP0953,-289.728133288145,-287.3670686404,2.36106464774468,-497.090625878854,-492.368496583365,4.72212929548937,0
RT,VP0954,-81.5962373498741,-81.4002734690729,0.195963880801173,-81.670881108788,-81.2789533471856,0.391927761602346,0
RT,VP0955,-170.666099447953,-176.353356052048,-5.68725660409501,-260.791314155233,-272.165827363423,-11.37451320819,1
RT,VP0956,-64.5158526706126,-67.6812950011774,-3.16544233056476,-48.2451768636188,-54.5760615247483,-6.33088466112952,1
RT,VP0957,-137.410057301398,-143.547247134138,-6.13718983274055,-194.515109692716,-206.789489358197,-12.2743796654811,1
RT,VP0958,-179.56256404383,-178.052491424703,1.51007261912702,-277.258759400213,-274.238614161959,3.02014523825403,0
RT,VP0959,-290.695921264134,-288.284081454759,2.4118398093749,-498.88905748095,-494.0653778622,4.82367961874979,0
RT,VP0960,-119.233918083815,-120.841285190331,-1.6073671065169,-157.259718664444,-160.474452877478,-3.21473421303381,1
RT,VP0961,-207.258381151273,-206.383337740533,0.875043410739522,-332.378976552047,-330.628889730568,1.75008682147904,0
RT,VP0962,11.1882966563749,10.6454709207703,-0.542825735604538,102.4257891629,101.340137691691,-1.08565147120908,1
RT,VP0963,-280.30762391747,-280.623299995509,-0.315676078038962,-480.520511133167,-481.151863289245,-0.631352156077924,1
RT,VP0964,-279.196236250776,-272.281046055955,6.91519019482104,-476.670763100171,-462.840382710529,13.8303803896421,0
RT,VP0965,11.8562783044615,11.5687010940231,-0.287577210438428,104.584596137209,104.009441716332,-0.575154420876856,1
RT,VP0966,-141.830112103486,-139.750922101779,2.07919000170762,-203.565487505199,-199.407107501784,4.15838000341523,0
RT,VP0967,44.9804148330659,45.6327863972142,0.652371564148325,169.52903029384,170.833773422137,1.30474312829665,0
RT,VP0968,69.0608755305338,69.5861127654372,0.525237234903329,217.254712578065,218.305187047872,1.05047446980666,0
RT,VP0969,-146.797517296857,-156.89544640423,-10.0979291073735,-212.794211891665,-232.990070106412,-20.1958582147471,1
RT,VP0970,248.296974468096,248.559289765084,0.262315296988277,575.808710360938,576.333340954914,0.524630593976553,0
RT,VP0971,-162.305550295358,-162.837470669828,-0.53192037447036,-248.254763348229,-249.31860409717,-1.06384074894072,1
RT,VP0972,-239.488376733041,-241.340602534154,-1.85222580111326,-397.865690218117,-401.570141820344,-3.70445160222653,1
RT,VP0973,-9.96604305283029,2.48613018109199,12.4521732339223,59.2663598848935,84.170706352738,24.9043464678446,0
RT,VP0974,-279.80578745857,-279.850869856369,-0.0450823977992627,-477.602270051374,-477.692434846972,-0.0901647955985254,1
RT,VP0975,63.0061073100071,62.0781793265095,-0.927927983497511,206.567689028139,204.711833061144,-1.85585596699502,1
RT,VP0976,295.244739835984,296.058465317272,0.813725481287747,668.194672272417,669.822123234992,1.62745096257549,0
RT,VP0977,-299.570554911818,-300.814273567093,-1.24371865527485,-517.754805151554,-520.242242462104,-2.48743731054969,1
RT,VP0978,307.130628261905,309.020155435529,1.88952717362446,692.491023979094,696.270078326343,3.77905434724892,0
RT,VP0979,-7.14120217249638,-6.24749026988815,0.893711902608231,60.8554958668597,62.6429196720762,1.78742380521646,0
RT,VP0980,-475.737162477834,-475.501020779308,0.236141698525898,-869.872284136042,-869.40000073899,0.472283397051797,0
RT,VP0981,53.2789893830086,54.2212691109865,0.942279727977876,180.939723363925,182.824282819881,1.88455945595575,0
RT,VP0982,-92.219675636697,-92.3529191415959,-0.133243504898871,-104.776537803396,-105.043024813193,-0.266487009797743,1
RT,VP0983,-201.710356596651,-200.267692879075,1.4426637175759,-320.893160335333,-318.007832900181,2.88532743515179,0
RT,VP0984,201.461056198541,202.193593224613,0.732537026072009,482.426820813178,483.891894865322,1.46507405214402,0
RT,VP0985,-155.352563905818,-157.923736836529,-2.57117293071076,-228.708747018202,-233.851092879624,-5.14234586142152,1
RT,VP0986,-124.638862714904,-125.151294982205,-0.512432267300994,-167.918662540142,-168.943527074744,-1.02486453460199,1
RT,VP0987,-203.261760816495,-208.952169556275,-5.69040873977991,-324.618001197926,-335.998818677486,-11.3808174795598,1
RT,VP0988,17.4160121662466,13.6807734333815,-3.73523873286501,113.981390500029,106.510913034299,-7.47047746573003,1
RT,VP0989,-358.22642743007,-356.723365960496,1.50306146957331,-634.391992449971,-631.385869510824,3.00612293914662,0
RT,VP0990,-399.616156355975,-395.643403321646,3.97275303432912,-717.563642070947,-709.618136002288,7.94550606865823,0
RT,VP0991,-247.762279121033,-250.856766270422,-3.09448714938821,-414.483303218893,-420.67227751767,-6.18897429877643,1
RT,VP0992,-116.244700360519,-111.915417697079,4.32928266344078,-150.211856905904,-141.553291579022,8.65856532688156,0
RT,VP0993,-256.309241573601,-256.452888373056,-0.143646799455382,-430.353577563883,-430.640871162794,-0.287293598910765,1
RT,VP0994,102.129807835125,103.945000819287,1.81519298416242,284.902257531873,288.532643500198,3.63038596832484,0
RT,VP0995,-239.666380864394,-234.069766209082,5.59661465531212,-397.323456863021,-386.130227552397,11.1932293106242,0
RT,VP0996,-305.710195090281,-312.305770705931,-6.59557561565003,-529.818349360936,-543.009500592236,-13.1911512313001,1
RT,VP0997,241.306652654811,243.138774318856,1.83212166404516,557.705316364214,561.369559692304,3.66424332809027,0
RT,VP0998,-4.59309743649993,-9.05903763716344,-4.46594020066351,70.9840612724827,62.0521808711557,-8.93188040132702,1
RT,VP0999,-387.888297762263,-388.411018880621,-0.52272111835714,-693.486426773982,-694.531869010696,-1.04544223671428,1
RT,VP1000,-164.573572994596,-165.74243708263,-1.16886408803435,-246.063602451531,-248.4013306276,-2.33772817606871,1
Error,VP0001,333.486176489818,330.468167727021,-3.01800876279765,743.650383839215,737.61436631362,-6.0360175255953,1
Error,VP0002,358.422491643876,365.498954670087,7.07646302621151,793.176776694208,807.329702746631,14.152926052423,0
Error,VP0003,335.190098754257,332.015640998413,-3.17445775584372,746.839159961382,740.490244449695,-6.34891551168744,1
Error,VP0004,264.264538575258,268.409749525049,4.14521094979165,603.244865852694,611.535287752277,8.29042189958329,0
Error,VP0005,307.135347110253,305.790825083782,-1.34452202647128,689.841281750285,687.152237697342,-2.68904405294256,1
Error,VP0006,420.521348406338,420.707335524357,0.185987118019568,917.224243980891,917.59621821693,0.371974236039136,0
Error,VP0007,284.957949773199,282.442586488393,-2.51536328480688,646.510989390972,641.480262821358,-5.03072656961376,1
Error,VP0008,247.096024190457,252.084485182588,4.98846099213125,570.577007671439,580.553929655702,9.9769219842625,0
Error,VP0009,399.365429044577,395.079532699034,-4.28589634554299,875.115817379678,866.544024688592,-8.57179269108599,1
Error,VP0010,232.314616166738,228.629400599607,-3.68521556713145,541.399830359233,534.02939922497,-7.37043113426284,1
Error,VP0011,275.798895335066,266.098268562257,-9.70062677280913,627.315879120676,607.914625575058,-19.4012535456183,1
Error,VP0012,310.153344579226,309.085169905551,-1.06817467367506,696.786704249326,694.650354901976,-2.13634934735012,1
Error,VP0013,313.570265881714,312.982101825289,-0.588164056424944,703.992762816898,702.816434704048,-1.17632811284989,1
Error,VP0014,330.62443499626,329.190275804157,-1.43415919210292,738.019468018278,735.151149634072,-2.86831838420585,1
Error,VP0015,399.167404030691,398.368842637538,-0.798561393152625,875.105406087138,873.508283300833,-1.59712278630525,1
Error,VP0016,297.836436551967,299.032056654721,1.19562010275399,671.491931156828,673.883171362336,2.39124020550798,0
Error,VP0017,327.779502909823,325.643007551156,-2.13649535866659,731.478115092868,727.205124375535,-4.27299071733319,1
Error,VP0018,303.629189740805,298.402848832314,-5.22634090849152,683.832635986622,673.379954169639,-10.452681816983,1
Error,VP0019,351.528151584135,349.585510653389,-1.94264093074628,778.986473277015,775.101191415522,-3.88528186149256,1
Error,VP0020,383.02103377926,387.298618411993,4.27758463273238,842.45880347201,851.013972737475,8.55516926546477,0
Error,VP0021,334.281500601796,333.937357549812,-0.344143051983963,745.313095961529,744.624809857562,-0.688286103967926,1
Error,VP0022,402.333886833628,399.652771159183,-2.68111567444532,881.283657468872,875.921426119981,-5.36223134889065,1
Error,VP0023,360.918072405675,358.990720855944,-1.92735154973121,798.167938217807,794.313235118345,-3.85470309946243,1
Error,VP0024,369.842212026593,366.518245111082,-3.32396691551116,815.887561022247,809.239627191225,-6.64793383102233,1
Error,VP0025,174.220605825855,171.044903979521,-3.17570184633396,424.836773352693,418.485369660025,-6.35140369266793,1
Error,VP0026,290.610219233175,283.729217211898,-6.88100202127669,657.929411681071,644.167407638517,-13.7620040425534,1
Error,VP0027,328.517221112893,324.576417121289,-3.94080399160481,733.387532831539,725.505924848329,-7.88160798320962,1
Error,VP0028,325.404716555358,324.014156449024,-1.3905601063334,727.320951803075,724.539831590408,-2.78112021266679,1
Error,VP0029,291.169370227042,289.126997555177,-2.04237267186494,658.476980479747,654.392235136017,-4.08474534372988,1
Error,VP0030,418.87581105543,418.411180581351,-0.464630474079627,914.563112377019,913.63385142886,-0.929260948159254,1
Error,VP0031,321.302640338772,319.396732839409,-1.9059074993632,719.437160198846,715.625345200119,-3.81181499872639,1
Error,VP0032,243.621137428544,242.254090862883,-1.36704656566124,564.074154378389,561.340061247066,-2.73409313132254,1
Error,VP0033,277.011283859618,273.980938880018,-3.03034497960016,630.834057985394,624.773368026194,-6.06068995920032,1
Error,VP0034,307.126018930433,306.346264693547,-0.779754236886504,690.519691143905,688.960182670132,-1.55950847377301,1
Error,VP0035,334.023199002849,331.211036710633,-2.81216229221531,744.249534974759,738.625210390328,-5.62432458443061,1
Error,VP0036,205.007035348244,202.545942572418,-2.46109277582536,486.619562433088,481.697376881438,-4.92218555165073,1
Error,VP0037,368.256693076634,366.74110777228,-1.51558530435312,813.294221499447,810.26305089074,-3.03117060870625,1
Error,VP0038,369.681960511588,370.151092305894,0.469131794305895,813.522628664348,814.46089225296,0.93826358861179,0
Error,VP0039,316.291792380903,313.618659616265,-2.67313276463796,709.333679519744,703.987413990468,-5.34626552927591,1
Error,VP0040,222.862447788949,221.998523431422,-0.863924357527083,522.43386879262,520.706020077566,-1.72784871505428,1
Error,VP0041,377.777374244464,371.530907393003,-6.24646685146109,831.102466987602,818.60953328468,-12.4929337029222,1
Error,VP0042,302.897149599489,300.57368570263,-2.32346389685978,682.523852400994,677.876924607275,-4.64692779371956,1
Error,VP0043,273.240048993191,270.688038149166,-2.55201084402449,623.230192744319,618.12617105627,-5.10402168804899,1
Error,VP0044,281.50927452901,280.539491761457,-0.96978276755317,639.414110759005,637.474545223898,-1.93956553510634,1
Error,VP0045,340.154915723449,338.564918516397,-1.58999720705202,756.768793899766,753.588799485662,-3.17999441410404,1
Error,VP0046,277.115262916078,276.761727842663,-0.353535073415401,631.082756885627,630.375686738796,-0.707070146830802,1
Error,VP0047,499.597215362528,498.639178090348,-0.958037272179922,1074.10599767632,1072.18992313196,-1.91607454435984,1
Error,VP0048,347.633874079336,343.190407683943,-4.44346639539253,771.904386683425,763.01745389264,-8.88693279078507,1
Error,VP0049,300.189368623076,295.391859897028,-4.79750872604831,677.19022751231,667.595210060213,-9.59501745209661,1
Error,VP0050,365.515404258204,362.031332150862,-3.48407210734194,807.842298782566,800.874154567883,-6.96814421468389,1
Error,VP0051,302.365711072922,296.780580630383,-5.58513044253897,681.305678650856,670.135417765778,-11.1702608850779,1
Error,VP0052,223.213661709603,223.159920119994,-0.0537415896095865,522.445582086788,522.338098907569,-0.107483179219116,1
Error,VP0053,300.381931465422,300.011695886249,-0.370235579172686,675.831973301317,675.091502142972,-0.740471158345372,1
Error,VP0054,284.274843447854,285.848283604792,1.57344015693764,645.061205588068,648.208085901943,3.14688031387527,0
Error,VP0055,372.234120482087,370.172767830169,-2.06135265191745,821.032065984288,816.909360680453,-4.12270530383489,1
Error,VP0056,397.650341267861,390.058203979162,-7.59213728869935,870.984907439768,855.80063286237,-15.1842745773986,1
Error,VP0057,323.383283070802,318.406654120589,-4.97662895021233,720.794630916988,710.841373016563,-9.95325790042466,1
Error,VP0058,371.69873300537,371.34522091228,-0.353512093089989,820.127019212756,819.419995026576,-0.707024186179979,1
Error,VP0059,414.988820588775,414.052815372425,-0.93600521634994,906.468167497126,904.596157064426,-1.87201043269988,1
Error,VP0060,334.110978005076,334.698675677499,0.587697672422962,744.701971101026,745.877366445872,1.17539534484592,0
Error,VP0061,282.348129145351,277.183099159769,-5.16502998558173,638.471743993332,628.141684022169,-10.3300599711635,1
Error,VP0062,365.039816264805,360.957416384043,-4.08239988076207,806.839983698548,798.675183937024,-8.16479976152414,1
Error,VP0063,405.424141013547,406.217958314792,0.793817301244815,886.509873178298,888.097507780788,1.58763460248963,0
Error,VP0064,403.440011325904,402.106908663834,-1.3331026620699,882.876325224275,880.210119900135,-2.66620532413981,1
Error,VP0065,293.94651202837,291.490758468015,-2.45575356035454,664.330893502186,659.419386381477,-4.91150712070908,1
Error,VP0066,358.668159933465,355.597170651888,-3.07098928157774,793.837347380622,787.695368817466,-6.14197856315548,1
Error,VP0067,304.262151372004,302.374722495878,-1.88742887612608,684.951610498774,681.176752746521,-3.77485775225216,1
Error,VP0068,379.213946980744,365.808612829827,-13.4053341509169,834.324848141621,807.514179839787,-26.8106683018337,1
Error,VP0069,326.846125311641,324.8743326154,-1.97179269624081,730.401223838004,726.457638445522,-3.94358539248151,1
Error,VP0070,342.315053759258,343.681995902634,1.36694214337626,758.539252216754,761.273136503507,2.73388428675253,0
Error,VP0071,305.026051170851,302.399868221674,-2.62618294917689,686.059388439794,680.807022541441,-5.25236589835379,1
Error,VP0072,349.440493624444,347.975449089211,-1.46504453523278,775.712866770188,772.782777699722,-2.93008907046556,1
Error,VP0073,334.302802751494,332.488167391897,-1.81463535959739,744.776341859522,741.147071140328,-3.62927071919478,1
Error,VP0074,310.488320239264,309.839244916973,-0.649075322291139,697.233567285826,695.935416641244,-1.29815064458228,1
Error,VP0075,326.960126140336,325.041043287017,-1.91908285331863,729.993210215617,726.155044508979,-3.83816570663726,1
Error,VP0076,221.348140623928,221.627243978023,0.279103354095298,516.458311291316,517.016517999506,0.558206708190596,0
Error,VP0077,324.657082583137,320.283402015326,-4.37368056781133,726.053993941199,717.306632805577,-8.74736113562267,1
Error,VP0078,382.504833640613,373.898841211123,-8.60599242948962,841.821157547383,824.609172688404,-17.2119848589792,1
Error,VP0079,288.220256844037,288.634096551598,0.413839707560498,649.706840336311,650.534519751432,0.827679415120883,0
Error,VP0080,280.702325036311,280.421554121777,-0.280770914533832,634.342167314688,633.78062548562,-0.561541829067664,1
Error,VP0081,335.466244187803,333.418092592448,-2.04815159535457,747.537980112207,743.441676921497,-4.09630319070914,1
Error,VP0082,309.998575913129,310.904479969926,0.905904056797056,696.445572831267,698.257380944861,1.81180811359411,0
Error,VP0083,365.7172279425,365.628910358664,-0.0883175838359875,807.107369734064,806.930734566392,-0.176635167671975,1
Error,VP0084,337.006205136841,333.307236037841,-3.69896909900046,750.669764435444,743.271826237443,-7.39793819800093,1
Error,VP0085,346.003972321605,347.044771562663,1.04079924105861,768.86017569668,770.941774178797,2.08159848211722,0
Error,VP0086,340.580488126085,336.831916592275,-3.74857153380981,757.471431145631,749.974288078011,-7.49714306761962,1
Error,VP0087,324.453032006089,317.34629924141,-7.1067327646798,724.957174869435,710.743709340076,-14.2134655293596,1
Error,VP0088,272.699047128294,268.46186751896,-4.23717960933413,620.442265553414,611.967906334746,-8.47435921866827,1
Error,VP0089,330.976709005472,328.443948420523,-2.5327605849493,738.485889090591,733.420367920692,-5.0655211698986,1
Error,VP0090,246.716379035753,247.203868432245,0.487489396491753,570.223821219445,571.198800012428,0.974978792983507,0
Error,VP0091,265.768276537695,264.730853392706,-1.03742314498891,608.31738842157,606.242542131592,-2.07484628997781,1
Error,VP0092,244.184767600928,241.511921637115,-2.67284596381245,565.160598349795,559.81490642217,-5.3456919276249,1
Error,VP0093,340.510971957418,340.149615509217,-0.36135644820115,757.480906367705,756.758193471303,-0.7227128964023,1
Error,VP0094,261.98943523277,258.396386878644,-3.59304835412672,598.792983844728,591.606887136475,-7.18609670825344,1
Error,VP0095,499.382750738554,500.110444061651,0.727693323097924,1072.72765832614,1074.18304497234,1.45538664619585,0
Error,VP0096,323.258916597115,321.143937795047,-2.11497880206855,722.892179845244,718.662222241107,-4.2299576041371,1
Error,VP0097,266.652368929615,266.892878921129,0.240509991514728,606.766501120427,607.247521103457,0.481019983029455,0
Error,VP0098,271.784744622483,264.536259591429,-7.24848503105375,620.112421571241,605.615451509133,-14.4969700621075,1
Error,VP0099,524.050899496049,524.937734360328,0.886834864278399,1123.59213603566,1125.36580576422,1.7736697285568,0
Error,VP0100,302.713631344442,301.781921686245,-0.931709658197065,682.238752955042,680.375333638648,-1.86341931639413,1
Error,VP0101,222.721785342869,221.604003142371,-1.11778220049843,522.255060951897,520.0194965509,-2.23556440099685,1
Error,VP0102,290.409288668993,283.588502866975,-6.82078580201767,656.320414643968,642.678843039933,-13.6415716040353,1
Error,VP0103,250.577459865807,248.47577495211,-2.10168491369706,576.234980130422,572.031610303028,-4.203369827394,1
Error,VP0104,369.697603694453,368.327625309492,-1.36997838496171,814.965794918686,812.225838148762,-2.73995676992342,1
Error,VP0105,216.181370886164,213.095786435958,-3.0855844502062,509.133339798085,502.962170897672,-6.1711689004124,1
Error,VP0106,352.390643065486,348.191097172162,-4.19954589332355,781.582567579692,773.183475793045,-8.39909178664709,1
Error,VP0107,442.292124022625,440.231088168931,-2.06103585369436,960.937338651003,956.815266943614,-4.12207170738873,1
Error,VP0108,424.039039754944,421.62941969711,-2.40962005783416,923.44111371232,918.621873596652,-4.81924011566832,1
Error,VP0109,350.816470579451,351.868204079975,1.05173350052445,776.995975361333,779.099442362382,2.1034670010489,0
Error,VP0110,321.340234228649,319.493616456767,-1.84661777188285,719.128889462307,715.435653918542,-3.6932355437657,1
Error,VP0111,221.121689753829,219.42164054284,-1.70004921098982,518.828057614587,515.427959192608,-3.40009842197958,1
Error,VP0112,361.432658477517,361.124887373279,-0.30777110423719,799.229040717727,798.613498509253,-0.61554220847438,1
Error,VP0113,411.441462545579,409.303949917695,-2.13751262788384,897.386809223368,893.1117839676,-4.27502525576756,1
Error,VP0114,307.249882250518,305.667304283799,-1.58257796671865,691.146765720857,687.981609787419,-3.16515593343729,1
Error,VP0115,286.597449155533,280.178007680482,-6.41944147505103,648.417355520386,635.578472570284,-12.8388829501021,1
Error,VP0116,382.02513607906,379.701192933201,-2.32394314585935,839.83577655002,835.187890258301,-4.64788629171869,1
Error,VP0117,288.480130968924,290.157292944134,1.67716197521048,651.968426655878,655.322750606299,3.35432395042096,0
Error,VP0118,389.51981687482,387.732363304413,-1.78745357040646,855.145281158865,851.570374018052,-3.57490714081291,1
Error,VP0119,321.784097835043,324.374624659765,2.59052682472196,717.830311828391,723.011365477835,5.18105364944392,0
Error,VP0120,262.935761056501,259.315940136449,-3.61982092005178,602.351537203876,595.111895363772,-7.23964184010356,1
Error,VP0121,402.145325732802,399.208339638675,-2.93698609412786,879.884060580334,874.010088392078,-5.87397218825572,1
Error,VP0122,364.555484834408,364.256205039993,-0.299279794415042,804.508869193622,803.910309604792,-0.598559588830085,1
Error,VP0123,484.680007760469,481.689797942642,-2.99020981782689,1044.74630554599,1038.76588591033,-5.98041963565379,1
Error,VP0124,394.76455731446,390.373754532118,-4.39080278234223,866.340604895079,857.558999330395,-8.78160556468447,1
Error,VP0125,319.404404099694,315.851056492454,-3.55334760724071,714.639028100018,707.532332885536,-7.10669521448142,1
Error,VP0126,258.62227810239,256.617195044058,-2.00508305833142,589.570390451375,585.560224334712,-4.01016611666284,1
Error,VP0127,378.134250284151,377.721193037169,-0.413057246982021,833.110560562334,832.28444606837,-0.826114493964042,1
Error,VP0128,237.512872321556,234.197237890401,-3.31563443115559,551.816807791051,545.18553892874,-6.63126886231112,1
Error,VP0129,522.964168695946,519.990321283707,-2.97384741223902,1121.44166294957,1115.49396812509,-5.94769482447805,1
Error,VP0130,175.143776063527,174.816421863276,-0.327354200250852,426.522994552521,425.868286152019,-0.654708400501704,1
Error,VP0131,309.689945201031,306.374773990573,-3.31517121045795,692.532959936524,685.902617515608,-6.63034242091589,1
Error,VP0132,301.679858739523,296.094388624762,-5.58547011476162,680.211948532517,669.041008302994,-11.1709402295232,1
Error,VP0133,300.229533151165,299.967910393633,-0.261622757531939,677.116420464092,676.593174949028,-0.523245515063877,1
Error,VP0134,375.041523838727,369.724590539868,-5.31693329885917,825.935557352681,815.301690754962,-10.6338665977183,1
Error,VP0135,316.332061987711,310.473465995973,-5.85859599173813,709.144139066296,697.42694708282,-11.7171919834763,1
Error,VP0136,411.38432747884,407.752219948973,-3.63210752986646,897.836765328153,890.57255026842,-7.26421505973292,1
Error,VP0137,372.256525179014,370.843296757498,-1.41322842151641,819.640781470665,816.814324627632,-2.82645684303282,1
Error,VP0138,358.117976355866,358.539164102008,0.421187746142436,793.006550737489,793.848926229774,0.842375492284873,0
Error,VP0139,367.332960779914,360.469596887585,-6.86336389232935,810.052211584875,796.325483800216,-13.7267277846587,1
Error,VP0140,421.183487923278,418.974559228694,-2.20892869458373,919.198855367857,914.780997978689,-4.41785738916747,1
Error,VP0141,295.421736328267,292.974013396584,-2.44772293168324,667.531827308517,662.636381445151,-4.89544586336649,1
Error,VP0142,356.333510020065,352.121053077427,-4.21245694263786,789.020110645882,780.595196760606,-8.42491388527571,1
Error,VP0143,384.46842342271,382.465727041942,-2.00269638076776,845.686941603358,841.681548841823,-4.00539276153552,1
Error,VP0144,308.821959468267,305.51000845069,-3.31195101757623,693.03020896158,686.406306926427,-6.62390203515247,1
Error,VP0145,395.61686823421,388.34112603208,-7.27574220213,867.490663275718,852.939178871458,-14.55148440426,1
Error,VP0146,315.370994866711,314.238190460693,-1.13280440601812,706.945126702484,704.679517890448,-2.26560881203625,1
Error,VP0147,323.401459062939,318.626826835179,-4.77463222775981,722.610802993453,713.061538537933,-9.54926445551962,1
Error,VP0148,345.899351169802,350.798999680004,4.89964851020119,766.188726915855,775.988023936258,9.79929702040238,0
Error,VP0149,248.919670631296,248.102279591903,-0.817391039393328,574.65083152875,573.016049449963,-1.63478207878666,1
Error,VP0150,399.443766795638,397.366349439868,-2.07741735576951,874.062729718227,869.907895006688,-4.15483471153902,1
Error,VP0151,364.99754905753,359.592242363528,-5.40530669400277,805.087095574183,794.276482186178,-10.8106133880055,1
Error,VP0152,406.977377730444,411.179392404872,4.20201467442746,889.188996281406,897.593025630261,8.40402934885492,0
Error,VP0153,332.844941579672,331.532403550056,-1.3125380296168,741.508941212238,738.883865153004,-2.62507605923361,1
Error,VP0154,261.495448808535,254.941409174345,-6.55403963418979,598.607081067056,585.499001798676,-13.1080792683796,1
Error,VP0155,258.053883529383,254.335768239484,-3.71811528989898,592.919257324924,585.483026745126,-7.43623057979789,1
Error,VP0156,285.042456775926,284.298048589632,-0.744408186294379,646.416706958309,644.92789058572,-1.48881637258876,1
Error,VP0157,336.625884715761,334.365601354572,-2.2602833611885,749.991598206446,745.471031484069,-4.520566722377,1
Error,VP0158,343.12450718626,343.526050174449,0.401542988189021,763.019612398277,763.822698374655,0.803085976378043,0
Error,VP0159,161.450141095124,159.693306981251,-1.75683411387325,399.526548248415,396.012880020669,-3.51366822774651,1
Error,VP0160,302.529879968344,302.199134930865,-0.330745037479062,680.399489045655,679.737998970697,-0.661490074958124,1
Error,VP0161,300.515506067327,296.244249712283,-4.27125635504325,677.615690241582,669.073177531495,-8.5425127100865,1
Error,VP0162,353.842537380628,348.218583689567,-5.62395369106173,784.122944206703,772.87503682458,-11.2479073821235,1
Error,VP0163,440.636600552678,439.094558794719,-1.5420417579586,955.52244423703,952.438360721113,-3.0840835159172,1
Error,VP0164,210.710200850581,207.661135533599,-3.04906531698188,495.487822511373,489.38969187741,-6.09813063396376,1
Error,VP0165,332.485393603541,325.922973085734,-6.5624205178068,741.659141859066,728.534300823452,-13.1248410356136,1
Error,VP0166,373.706213731085,373.159769190052,-0.546444541033907,824.131695483446,823.038806401379,-1.09288908206781,1
Error,VP0167,222.508066322521,222.160806992523,-0.347259329997684,521.714801409361,521.020282749365,-0.694518659995424,1
Error,VP0168,284.87446206581,283.659218053766,-1.21524401204385,646.416621500537,643.98613347645,-2.43048802408771,1
Error,VP0169,421.313899164404,416.661417080266,-4.65248208413811,919.367627103733,910.062662935456,-9.30496416827623,1
Error,VP0170,318.493352062193,314.918796595058,-3.57455546713493,712.905813397609,705.756702463339,-7.14911093426986,1
Error,VP0171,310.430115022875,302.017310546275,-8.41280447659977,697.548584697734,680.722975744534,-16.8256089531995,1
Error,VP0172,243.698666105543,244.349165125574,0.65049902003048,564.106305425808,565.407303465869,1.30099804006102,0
Error,VP0173,257.344492854718,256.293123892282,-1.05136896243641,590.816372256171,588.713634331299,-2.10273792487283,1
Error,VP0174,304.752379838025,303.422053857234,-1.33032598079046,684.488854362594,681.828202401014,-2.66065196158092,1
Error,VP0175,263.201354826233,262.01033095763,-1.19102386860305,602.840579097912,600.458531360706,-2.38204773720599,1
Error,VP0176,267.250594213637,264.593240560527,-2.65735365310991,611.271786453031,605.957079146812,-5.31470730621982,1
Error,VP0177,347.812121219233,349.607871277426,1.79575005819243,771.956035844923,775.547535961308,3.59150011638485,0
Error,VP0179,316.953649024109,315.220037193158,-1.73361183095079,710.12121404803,706.653990386128,-3.46722366190158,1
Error,VP0180,259.527246262233,258.881950332147,-0.645295930086775,594.625080054246,593.334488194072,-1.29059186017355,1
Error,VP0181,469.037185621721,468.513415068981,-0.523770552739734,1013.26140169106,1012.21386058558,-1.04754110547947,1
Error,VP0182,364.85934425971,357.543719782713,-7.31562447699685,806.489286545177,791.858037591183,-14.6312489539937,1
Error,VP0183,308.953199486122,307.843863380807,-1.1093361053147,694.291358262769,692.072686052139,-2.21867221062939,1
Error,VP0184,358.237206854549,358.488009553954,0.250802699405995,793.183386923818,793.68499232263,0.501605398811989,0
Error,VP0185,406.656394640407,400.16675072315,-6.48964391725667,889.687135931827,876.707848097314,-12.9792878345133,1
Error,VP0186,282.894595660752,281.204488960189,-1.69010670056309,642.600681587662,639.220468186535,-3.38021340112618,1
Error,VP0187,329.962731950901,323.806182607001,-6.15654934390062,736.624132666122,724.31103397832,-12.3130986878012,1
Error,VP0188,313.796268819585,316.803804256575,3.00753543699022,703.059838025101,709.074908899081,6.01507087398045,0
Error,VP0189,285.528089991766,283.860099976655,-1.66799001511134,647.430526634546,644.094546604323,-3.33598003022269,1
Error,VP0190,245.445748711442,242.524843825586,-2.92090488585583,566.620850595354,560.779040823642,-5.84180977171161,1
Error,VP0191,252.841378978626,256.555086619216,3.71370764059023,581.875105322702,589.302520603883,7.42741528118052,0
Error,VP0192,522.027907756941,525.402179260941,3.37427150400003,1120.00807398346,1126.75661699146,6.74854300800007,0
Error,VP0193,272.629384254622,264.156767809965,-8.47261644465675,621.998597284169,605.053364394855,-16.9452328893135,1
Error,VP0194,332.083009627144,328.410050025702,-3.6729596014419,740.646034345162,733.300115142278,-7.34591920288381,1
Error,VP0195,168.903765832791,167.825354317849,-1.07841151494222,414.61902193174,412.462198901856,-2.15682302988444,1
Error,VP0196,309.232989900164,301.495158044432,-7.73783185573194,694.712169661921,679.236505950457,-15.4756637114639,1
Error,VP0197,344.260106377422,338.950623491418,-5.3094828860045,764.744897233245,754.125931461235,-10.618965772009,1
Error,VP0198,269.424983952957,269.028449088461,-0.396534864496346,615.234927196439,614.441857467446,-0.793069728992691,1
Error,VP0199,426.846694665351,424.137431826139,-2.70926283921284,930.402362545424,924.983836866999,-5.41852567842557,1
Error,VP0200,245.755295659223,243.449339705396,-2.30595595382758,567.473877357873,562.861965450217,-4.61191190765521,1
Error,VP0201,292.940416050813,290.287170276988,-2.65324577382478,661.866140170429,656.559648622779,-5.30649154764956,1
Error,VP0202,407.028253802446,406.652987364349,-0.375266438097015,889.875565657785,889.125032781591,-0.750532876194029,1
Error,VP0203,426.727740623648,423.642053755504,-3.08568686814419,930.040159354225,923.868785617936,-6.17137373628839,1
Error,VP0204,263.556185749215,262.361888319864,-1.19429742935114,603.738637556598,601.350042697896,-2.38859485870228,1
Error,VP0205,190.245050594793,187.492442502751,-2.75260809204275,454.790746283954,449.285530099869,-5.5052161840855,1
Error,VP0206,112.661915710746,112.540658089634,-0.121257621112065,301.570021283086,301.327506040862,-0.242515242224101,1
Error,VP0207,350.310424990283,347.692303050426,-2.61812193985725,777.10086507144,771.864621191726,-5.23624387971449,1
Error,VP0208,235.22447432389,234.066788247254,-1.15768607663568,546.065132097767,543.749759944495,-2.31537215327148,1
Error,VP0209,331.896553238537,326.30690183354,-5.58965140499726,738.106564618902,726.927261808907,-11.1793028099945,1
Error,VP0210,159.657059760727,156.734377197367,-2.92268256336021,395.825638213813,389.980273087093,-5.84536512672042,1
Error,VP0211,384.880335972634,389.065937020597,4.1856010479633,846.135018596281,854.506220692208,8.37120209592661,0
Error,VP0212,247.322005831641,247.23509946264,-0.0869063690015537,570.900938470581,570.727125732578,-0.173812738003107,1
Error,VP0213,308.748112526386,300.437209239644,-8.31090328674162,693.849315658524,677.227509085041,-16.6218065734832,1
Error,VP0214,204.585012488907,204.487984762307,-0.0970277266000608,485.733849997929,485.539794544729,-0.194055453200122,1
Error,VP0215,223.457732877352,218.244733141605,-5.21299973574639,523.696301100882,513.27030162939,-10.4259994714928,1
Error,VP0216,114.435087945508,109.854392277903,-4.58069566760476,304.17485451892,295.013463183711,-9.16139133520949,1
Error,VP0217,181.299475997686,179.53481676652,-1.76465923116609,439.287306647355,435.757988185023,-3.52931846233218,1
Error,VP0218,386.371586093453,385.02034973842,-1.35123635503345,848.393428973378,845.690956263311,-2.7024727100669,1
Error,VP0219,296.374783122086,293.321840704904,-3.05294241718258,668.320153773952,662.214268939586,-6.10588483436516,1
Error,VP0220,325.297613466197,321.435430259195,-3.86218320700186,727.117226807061,719.392860393057,-7.72436641400373,1
Error,VP0221,267.623262436999,265.763676730602,-1.85958570639673,610.609559076429,606.890387663636,-3.71917141279346,1
Error,VP0222,494.90045565707,494.924192472541,0.0237368154712954,1065.40571349048,1065.45318712142,0.0474736309427044,0
Error,VP0223,289.182562234928,286.437975698095,-2.74458653683223,651.799179907838,646.310006834174,-5.48917307366446,1
Error,VP0224,216.750847016135,214.15975115112,-2.59109586501552,510.353925085742,505.171733355711,-5.18219173003104,1
Error,VP0225,333.149444250382,330.858037806618,-2.29140644376452,743.048983258703,738.466170371174,-4.58281288752903,1
Error,VP0226,273.72275394973,272.245333298504,-1.47742065122617,623.734582805626,620.779741503174,-2.95484130245234,1
Error,VP0227,269.654116798573,267.692195657117,-1.96192114145589,613.531685392268,609.607843109356,-3.92384228291178,1
Error,VP0228,310.637640157135,307.220668028143,-3.4169721289922,697.776307827961,690.942363569977,-6.8339442579844,1
Error,VP0229,311.927414449947,310.828129042318,-1.09928540762883,699.053680949942,696.855110134684,-2.19857081525765,1
Error,VP0230,291.429081594701,285.679835870094,-5.74924572460742,659.028899545937,647.530408096722,-11.4984914492148,1
Error,VP0231,115.695251377292,116.320316801071,0.625065423779631,307.364805319718,308.614936167277,1.25013084755926,0
Error,VP0232,274.010953581251,272.954078025076,-1.05687555617516,623.581066119825,621.467315007475,-2.11375111235031,1
Error,VP0233,322.785735503359,320.424565010784,-2.36117049257552,722.362534154657,717.640193169506,-4.72234098515105,1
Error,VP0234,409.901277957017,404.742796256691,-5.15848170032581,895.864595733938,885.547632333287,-10.3169634006516,1
Error,VP0235,392.493938317226,391.215985447591,-1.27795286963476,861.319670040908,858.763764301638,-2.55590573926952,1
Error,VP0236,361.948218248634,350.46622656839,-11.4819916802441,799.91469516485,776.950711804362,-22.9639833604881,1
Error,VP0237,417.600677843252,418.118180611861,0.517502768608608,911.307003095729,912.342008632947,1.03500553721722,0
Error,VP0238,301.042925156114,293.558923466494,-7.48400168962019,678.856448337985,663.888444958745,-14.9680033792404,1
Error,VP0239,307.45357971955,306.451579966235,-1.00199975331543,690.094189886721,688.09019038009,-2.00399950663086,1
Error,VP0240,373.323597822432,373.307647412691,-0.0159504097412082,823.387024419789,823.355123600307,-0.0319008194824164,1
Error,VP0241,336.54030786381,332.970852369639,-3.569455494171,749.30530020602,742.166389217678,-7.13891098834199,1
Error,VP0242,371.321563466281,368.762248818118,-2.55931464816291,819.413724958319,814.295095661993,-5.11862929632582,1
Error,VP0243,347.666696923148,344.431187996383,-3.23550892676548,771.654523170483,765.183505316952,-6.47101785353095,1
Error,VP0244,316.642966392,315.924304818083,-0.718661573917473,710.036027541939,708.598704394104,-1.43732314783495,1
Error,VP0245,235.728138705284,236.854006677827,1.12586797254281,547.830624061582,550.082360006668,2.25173594508556,0
Error,VP0246,478.691063480953,475.069515306967,-3.62154817398567,1032.90692878562,1025.66383243765,-7.24309634797146,1
Error,VP0247,347.831754794255,346.310732140242,-1.521022654013,772.143524679383,769.101479371357,-3.04204530802599,1
Error,VP0248,372.446265473209,371.711230221443,-0.735035251766021,821.160184229455,819.690113725923,-1.47007050353204,1
Error,VP0249,311.04667045356,305.300718830307,-5.74595162325238,698.92522042842,687.433317181916,-11.4919032465048,1
Error,VP0250,380.754922207579,376.114924906424,-4.63999730115529,838.010871928849,828.730877326538,-9.27999460231058,1
Error,VP0251,377.719952394625,372.603520541203,-5.11643185342194,831.686094650843,821.453230943999,-10.2328637068439,1
Error,VP0252,330.305828314993,326.19473844059,-4.11108987440298,736.943450036443,728.721270287637,-8.22217974880596,1
Error,VP0253,312.419824691985,308.326744972549,-4.09307971943593,701.445141120571,693.258981681699,-8.18615943887187,1
Error,VP0254,328.486392967584,326.356885330231,-2.12950763735267,729.764218692887,725.505203418181,-4.25901527470535,1
Error,VP0255,323.047063296436,321.335868152157,-1.71119514427943,722.145237450129,718.722847161571,-3.42239028855886,1
Error,VP0256,357.726096990675,350.163299615107,-7.56279737556866,791.86892989484,776.743335143703,-15.1255947511373,1
Error,VP0257,302.199461627773,301.991913937181,-0.207547690592435,680.003725431884,679.588630050699,-0.415095381184869,1
Error,VP0258,340.80548682738,333.127008426347,-7.67847840103252,758.247612179514,742.890655377449,-15.356956802065,1
Error,VP0259,357.880262203254,349.216792969983,-8.66346923327035,790.720496276367,773.393557809826,-17.3269384665407,1
Error,VP0260,356.523828087529,363.344716031175,6.82088794364591,789.506618627926,803.148394515218,13.6417758872918,0
Error,VP0261,331.937556911482,331.612402447372,-0.325154464110256,740.19624314715,739.54593421893,-0.650308928220511,1
Error,VP0262,370.417117596629,363.199474759572,-7.21764283705693,816.742272497755,802.306986823642,-14.4352856741139,1
Error,VP0263,122.169041067496,119.438565082358,-2.73047598513817,314.94009643029,309.479144460014,-5.46095197027631,1
Error,VP0264,281.223718105126,277.30532908712,-3.91838901800639,638.715089493291,630.878311457278,-7.83677803601279,1
Error,VP0265,208.782447431102,207.882662170835,-0.899785260267606,493.395114762833,491.595544242298,-1.79957052053521,1
Error,VP0266,285.927239995013,284.493468430219,-1.43377156479335,648.706711043496,645.839167913909,-2.86754312958669,1
Error,VP0267,426.133922541087,421.048563422592,-5.08535911849498,928.631568844868,918.460850607878,-10.17071823699,1
Error,VP0268,176.585229962584,174.006311224366,-2.57891873821885,425.403856653004,420.246019176567,-5.15783747643763,1
Error,VP0269,287.267588965303,283.022912860516,-4.24467610478666,649.909846190176,641.420493980603,-8.48935220957333,1
Error,VP0270,321.057613945579,319.127067225872,-1.9305467197064,718.844781093173,714.98368765376,-3.8610934394128,1
Error,VP0271,295.403680961184,295.66208228577,0.258401324586146,665.336388922669,665.853191571841,0.516802649172291,0
Error,VP0272,260.095482907835,249.225737117316,-10.8697457905186,596.458619098708,574.71912751767,-21.7394915810372,1
Error,VP0273,494.743392957131,494.430291502699,-0.313101454432058,1064.94254985446,1064.31634694559,-0.626202908864116,1
Error,VP0274,483.439075992409,483.801789254389,0.362713261980389,1041.71670981851,1042.44213634247,0.725426523960778,0
Error,VP0275,354.125995218368,349.011627683507,-5.11436753486129,784.62633708775,774.397602018028,-10.2287350697226,1
Error,VP0276,258.937596068956,254.525086189874,-4.41250987908211,592.150166275471,583.325146517307,-8.82501975816422,1
Error,VP0277,305.352325119713,306.923937060867,1.57161194115372,686.929334717826,690.072558600133,3.14322388230744,0
Error,VP0278,361.192389178936,356.768612306969,-4.42377687196762,798.801514271362,789.953960527427,-8.84755374393524,1
Error,VP0279,325.018489543826,323.972323158128,-1.04616638569837,725.945016392149,723.852683620753,-2.09233277139674,1
Error,VP0280,329.715204543478,328.059161348988,-1.65604319449039,735.952408961624,732.640322572643,-3.31208638898079,1
Error,VP0281,298.891134840663,294.145307478488,-4.74582736217542,674.552867707084,665.061212982733,-9.49165472435084,1
Error,VP0282,158.366122849866,157.874712390492,-0.491410459374549,393.492596868671,392.509775949922,-0.982820918749098,1
Error,VP0283,550.01559026518,547.107142490005,-2.90844777517452,1175.56744665944,1169.75055110909,-5.81689555034905,1
Error,VP0284,490.982668178284,492.428346565979,1.44567838769484,1057.77322122414,1060.66457799953,2.8913567753898,0
Error,VP0285,382.554750080898,378.866315949748,-3.68843413115007,841.334184640197,833.957316377897,-7.37686826230015,1
Error,VP0286,393.359342177893,386.121311054895,-7.23803112299754,863.167105360794,848.691043114799,-14.4760622459951,1
Error,VP0287,439.826513961895,429.573627131123,-10.2528868307726,955.572137197013,935.066363535468,-20.5057736615452,1
Error,VP0288,257.51870442593,247.349955526109,-10.1687488998213,590.481624234565,570.144126434922,-20.3374977996426,1
Error,VP0289,264.218805278289,260.716017167654,-3.50278811063515,605.053494358193,598.047918136923,-7.0055762212703,1
Error,VP0290,414.785177437715,413.957860225882,-0.827317211832394,905.322202943265,903.6675685196,-1.65463442366479,1
Error,VP0291,484.355375842515,480.75940117962,-3.59597466289478,1044.15496706773,1036.96301774194,-7.19194932578966,1
Error,VP0292,271.819505942681,267.004517120944,-4.81498882173628,620.202836905475,610.572859262003,-9.62997764347256,1
Error,VP0293,292.845012020425,291.241739964119,-1.60327205630603,661.620194149594,658.413650036982,-3.20654411261205,1
Error,VP0294,293.733322423096,292.264388029509,-1.46893439358786,662.759615117484,659.821746330308,-2.93786878717572,1
Error,VP0295,331.156006989864,325.384266783742,-5.77174020612193,737.698304004775,726.154823592531,-11.5434804122439,1
Error,VP0296,255.004610368084,250.01393096392,-4.99067940416396,580.929585224122,570.948226415794,-9.98135880832785,1
Error,VP0297,360.720602246101,359.854928956738,-0.865673289362405,797.794295097953,796.062948519228,-1.73134657872481,1
Error,VP0298,277.03532674697,279.62929946777,2.59397272080025,630.044956059074,635.232901500675,5.1879454416005,0
Error,VP0299,429.452729563547,426.010379751318,-3.44234981222843,934.03319023973,927.148490615273,-6.88469962445686,1
Error,VP0300,261.188907690071,260.18516189905,-1.00374579102146,596.549502373853,594.54201079181,-2.00749158204292,1
Error,VP0301,396.230964222959,396.429825837799,0.198861614840496,868.414186915497,868.811910145178,0.397723229680992,0
Error,VP0302,392.267563334035,385.775431516044,-6.4921318179903,860.343011535644,847.358747899663,-12.9842636359806,1
Error,VP0303,320.39160396089,316.257229301048,-4.13437465984225,715.982059971827,707.713310652143,-8.2687493196845,1
Error,VP0304,312.618610298781,308.943104944392,-3.67550535438875,701.045105465137,693.694094756359,-7.35101070877749,1
Error,VP0305,328.592029707392,319.988283362023,-8.60374634536862,733.954657440541,716.747164749804,-17.2074926907372,1
Error,VP0306,302.280532673029,301.069844281343,-1.2106883916864,679.993720034058,677.572343250685,-2.42137678337281,1
Error,VP0307,331.368523342229,327.869923112958,-3.49860022927061,738.076775793426,731.079575334885,-6.99720045854122,1
Error,VP0308,286.270244973244,284.083486549086,-2.18675842415826,645.707780555975,641.334263707659,-4.37351684831651,1
Error,VP0309,276.451142680732,272.062174930523,-4.38896775020868,627.862257231324,619.084321730906,-8.77793550041747,1
Error,VP0310,182.349209283535,177.945613880685,-4.40359540285033,437.822990676268,429.015799870567,-8.80719080570066,1
Error,VP0311,374.041546365078,370.43162354405,-3.60992282102859,824.853690755913,817.633845113856,-7.21984564205718,1
Error,VP0312,392.055033773843,392.661595551065,0.606561777222225,860.516221449778,861.729345004222,1.21312355444445,0
Error,VP0313,401.658080893783,392.426595847051,-9.23148504673139,879.764582792574,861.301612699111,-18.4629700934628,1
Error,VP0314,364.207341954646,358.24533689292,-5.96200506172659,804.563766715527,792.639756592074,-11.9240101234532,1
Error,VP0315,297.136844306223,295.602720084132,-1.53412422209129,670.982661827168,667.914413382985,-3.0682484441827,1
Error,VP0316,450.605005746139,444.067074626099,-6.53793112003916,977.445453917745,964.369591677667,-13.0758622400783,1
Error,VP0317,297.747916025251,290.266668759617,-7.48124726563373,672.184186702485,657.221692171217,-14.9624945312675,1
Error,VP0318,340.201428435093,337.263927566501,-2.93750086859205,757.142685645111,751.267683907927,-5.87500173718399,1
Error,VP0319,396.845086491147,395.55611100723,-1.2889754839178,870.460771008052,867.882820040216,-2.57795096783559,1
Error,VP0320,370.633993887133,373.674706728022,3.040712840889,818.038585800023,824.120011481801,6.081425681778,0
Error,VP0321,315.997392703616,314.640600006913,-1.35679269670345,708.283860313399,705.570274919992,-2.7135853934069,1
Error,VP0322,223.561237435308,218.150042821165,-5.41119461414266,523.140733538197,512.318344309912,-10.8223892282853,1
Error,VP0323,389.096862187239,382.982317510954,-6.11454467628471,854.407640374288,842.178551021719,-12.2290893525694,1
Error,VP0324,294.715388655439,291.770265424297,-2.94512323114247,666.201375336635,660.31112887435,-5.89024646228495,1
Error,VP0325,280.110616951798,273.343573780308,-6.76704317149051,636.250454206365,622.716367863384,-13.534086342981,1
Error,VP0326,308.400102746554,305.552166724233,-2.84793602232122,693.40569722971,687.709825185067,-5.69587204464244,1
Error,VP0327,328.60349629026,320.9648695188,-7.63862677146022,733.126101853743,717.848848310823,-15.2772535429203,1
Error,VP0328,147.546222752601,148.499065976142,0.952843223541549,365.38509284292,367.290779290003,1.9056864470831,0
Error,VP0329,420.717962183484,418.694621772054,-2.02334041143058,917.703577650006,913.656896827145,-4.04668082286116,1
Error,VP0330,447.188588611667,442.95854072152,-4.23004789014738,971.10673042535,962.646634645055,-8.46009578029475,1
Error,VP0331,329.93468207476,327.204220177188,-2.73046189757122,736.412296475793,730.951372680651,-5.46092379514243,1
Error,VP0332,337.188531661175,337.177345638832,-0.0111860223427698,750.504449869085,750.482077824399,-0.0223720446856532,1
Error,VP0333,446.693242280376,441.542319137619,-5.15092314275699,970.033485780572,959.731639495058,-10.301846285514,1
Error,VP0334,244.464046549094,243.466625769502,-0.997420779592289,563.034729636208,561.039888077024,-1.99484155918458,1
Error,VP0335,321.577670427721,317.392226304643,-4.18544412307762,719.085510964186,710.714622718031,-8.37088824615523,1
Error,VP0336,362.727330601219,360.94723552498,-1.78009507623904,801.892530647885,798.332340495407,-3.56019015247807,1
Error,VP0337,260.482913604629,258.250647709138,-2.23226589549074,597.67480042398,593.210268632998,-4.46453179098148,1
Error,VP0338,343.43806330967,340.309312924736,-3.1287503849336,762.905346922108,756.64784615224,-6.25750076986719,1
Error,VP0339,319.254209397282,318.570470215162,-0.683739182120178,714.977912602952,713.610434238712,-1.36747836424036,1
Error,VP0340,349.838488563502,350.309978878442,0.471490314940183,776.416805901928,777.359786531809,0.942980629880367,0
Error,VP0341,275.303431274608,272.911867513796,-2.39156376081206,626.016359333924,621.2332318123,-4.78312752162412,1
Error,VP0342,191.069680948589,187.549722424941,-3.51995852364823,457.373602717696,450.3336856704,-7.03991704729651,1
Error,VP0343,291.083319795569,289.227399166699,-1.85592062886985,658.074676895635,654.362835637896,-3.71184125773971,1
Error,VP0344,334.407429526769,334.985252659215,0.577823132446611,745.667090107008,746.822736371902,1.15564626489322,0
Error,VP0345,352.711133500944,348.542176634066,-4.16895686687832,781.986092022003,773.648178288246,-8.33791373375652,1
Error,VP0346,255.639116380425,254.200124185721,-1.43899219470447,587.800232635518,584.922248246109,-2.87798438940888,1
Error,VP0347,455.285975927393,458.132601025595,2.84662509820214,985.483518806052,991.176769002456,5.69325019640428,0
Error,VP0348,371.854007951937,366.201919200765,-5.65208875117173,820.437569105889,809.133391603546,-11.3041775023435,1
Error,VP0349,196.641298435875,197.025665609064,0.384367173188707,464.546202936044,465.314937282421,0.768734346377414,0
Error,VP0350,305.60217092861,301.407495469756,-4.1946754588534,686.308263436751,677.918912519044,-8.38935091770679,1
Error,VP0351,380.761336020856,379.520164069333,-1.24117195152337,837.704219209928,835.221875306881,-2.48234390304674,1
Error,VP0352,476.734444701769,477.208229888278,0.47378518650828,1028.41677999816,1029.36435037117,0.947570373016561,0
Error,VP0353,299.643357710906,298.910938691759,-0.732419019146391,675.933716641632,674.46887860334,-1.46483803829278,1
Error,VP0354,380.589935978673,377.954306386377,-2.63562959229523,837.198130624927,831.926871440336,-5.27125918459046,1
Error,VP0355,250.649508247534,250.443008774727,-0.206499472807167,578.110506761227,577.697507815613,-0.41299894561439,1
Error,VP0356,285.810476810774,278.241667818689,-7.56880899208511,647.191541151327,632.053923167157,-15.1376179841702,1
Error,VP0357,358.771160668629,357.72173707041,-1.04942359821905,792.741173387306,790.642326190868,-2.0988471964381,1
Error,VP0358,240.650549848542,241.099919606783,0.449369758240977,555.627355978806,556.526095495288,0.89873951648201,0
Error,VP0359,291.487580860041,291.407055521665,-0.0805253383763898,657.554302702277,657.393252025524,-0.16105067675278,1
Error,VP0360,314.35102337749,316.025097985511,1.67407460802031,705.452141512919,708.800290728959,3.34814921604061,0
Error,VP0361,288.59826677335,287.515774685562,-1.08249208778835,653.602687448792,651.437703273215,-2.16498417557671,1
Error,VP0362,248.300099984554,249.105891954499,0.805791969944693,573.452431022579,575.064014962468,1.61158393988944,0
Error,VP0363,234.812828102256,236.578041808523,1.76521370626668,545.000324464083,548.530751876616,3.5304274125333,0
Error,VP0364,390.82342030487,386.229006075129,-4.59441422974106,858.458330875899,849.269502416417,-9.18882845948212,1
Error,VP0365,381.037838499076,378.083223693267,-2.95461480580894,838.805230200168,832.89600058855,-5.90922961161789,1
Error,VP0366,340.312712781461,335.667236433731,-4.64547634773055,757.416488710862,748.1255360154,-9.2909526954611,1
Error,VP0367,193.807510437253,187.225520845172,-6.5819895920815,463.818157843568,450.654178659405,-13.1639791841631,1
Error,VP0368,380.796896119472,376.320902336329,-4.47599378314277,838.12626331859,829.174275752305,-8.95198756628554,1
Error,VP0369,343.865434245203,344.327906489347,0.462472244143441,764.325958334979,765.250902823266,0.924944488286883,0
Error,VP0370,330.490039787018,327.800089851572,-2.68994993544555,737.730174331974,732.350274461083,-5.37989987089111,1
Error,VP0371,365.394271427475,355.407808668254,-9.98646275922067,807.435544074771,787.46261855633,-19.9729255184413,1
Error,VP0372,348.866683811506,351.791401800241,2.92471798873584,773.235204928994,779.084640906465,5.84943597747167,0
Error,VP0373,177.859574999394,177.573197382663,-0.286377616730789,432.188643807177,431.615888573715,-0.572755233461635,1
Error,VP0374,308.354182763941,302.812912797641,-5.54126996629975,693.530055145721,682.447515213122,-11.0825399325995,1
Error,VP0375,340.45833360517,350.005466668209,9.54713306303859,756.668515278176,775.762781404253,19.0942661260772,0
Error,VP0376,447.36300072516,450.687227500155,3.32422677499534,970.578511125546,977.226964675537,6.64845354999068,0
Error,VP0377,372.185148662324,371.582796908724,-0.60235175360009,821.181787590807,819.977084083607,-1.20470350720018,1
Error,VP0378,321.498382144877,319.434621189067,-2.06376095580981,719.787827437693,715.660305526074,-4.12752191161962,1
Error,VP0379,365.216007597502,365.137223118362,-0.0787844791393013,804.973592111097,804.816023152819,-0.157568958278716,1
Error,VP0380,316.437997155397,312.705473781367,-3.73252337403,708.639072599104,701.174025851044,-7.46504674805999,1
Error,VP0381,369.893041594745,367.77841585365,-2.11462574109498,815.16075144906,810.93149996687,-4.22925148218997,1
Error,VP0382,351.930627656238,350.821712089242,-1.10891556699636,779.466057488814,777.248226354821,-2.21783113399272,1
Error,VP0383,257.528746443855,254.659465585388,-2.86928085846648,591.260629856771,585.522068139838,-5.73856171693296,1
Error,VP0384,378.527673966821,380.913593744081,2.38591977725963,833.040656002446,837.812495556965,4.77183955451926,0
Error,VP0385,300.594545212825,295.061694824663,-5.5328503881621,677.856787794568,666.791087018244,-11.0657007763242,1
Error,VP0386,355.774666503536,352.225747027928,-3.54891947560856,787.468442280295,780.370603329078,-7.097838951217,1
Error,VP0387,364.2349409313,360.084413541048,-4.15052739025163,805.033706882714,796.732652102211,-8.30105478050336,1
Error,VP0388,298.465415233743,297.713590549772,-0.751824683970881,673.079913273721,671.576263905779,-1.50364936794176,1
Error,VP0389,238.385500637832,235.426775006366,-2.95872563146585,553.602880796965,547.685429534033,-5.91745126293165,1
Error,VP0390,283.323684196046,280.205888136937,-3.11779605910897,642.588588225523,636.352996107305,-6.23559211821794,1
Error,VP0391,388.874397247293,385.045483677752,-3.8289135695411,854.1231411456,846.465314006518,-7.6578271390822,1
Error,VP0392,170.193625961215,172.124537141145,1.93091117993049,415.127704312071,418.989526671932,3.86182235986098,0
Error,VP0393,326.436512266143,326.625756718193,0.18924445204982,729.108466957754,729.486955861854,0.37848890409964,0
Error,VP0394,357.534243056752,360.279127485955,2.74488442920273,790.752711017551,796.242479875956,5.48976885840557,0
Error,VP0395,275.370085767025,273.369814714342,-2.00027105268276,627.510769559807,623.510227454442,-4.00054210536553,1
Error,VP0396,391.043737624854,388.83709112237,-2.20664650248409,857.771700153754,853.358407148786,-4.41329300496818,1
Error,VP0397,505.51547670085,506.142435959528,0.626959258677516,1085.90607636601,1087.15999488337,1.25391851735503,0
Error,VP0398,281.87748268302,278.497079576731,-3.38040310628878,640.329221871052,633.568415658474,-6.76080621257756,1
Error,VP0399,279.378995303679,277.933165655929,-1.44582964775054,635.446345259342,632.554685963841,-2.89165929550109,1
Error,VP0400,262.244518211004,258.636668131301,-3.60785007970281,600.969051512881,593.753351353476,-7.21570015940563,1
Error,VP0401,557.962167521205,557.263078960934,-0.699088560270638,1191.27572287001,1189.87754574947,-1.39817712054128,1
Error,VP0402,359.565150575692,361.83967707992,2.27452650422794,795.652301026052,800.201354034508,4.54905300845587,0
Error,VP0403,349.578461203686,346.531160836443,-3.04730036724334,775.82461977629,769.730019041803,-6.09460073448668,1
Error,VP0404,356.503950097521,355.95366352161,-0.550286575911571,788.826958247935,787.726385096112,-1.10057315182314,1
Error,VP0405,336.682488893515,332.708242125948,-3.97424676756657,750.115072544968,742.166579009835,-7.94849353513314,1
Error,VP0406,368.492983398202,366.036241904819,-2.45674149338271,811.970061482948,807.056578496183,-4.91348298676542,1
Error,VP0407,294.670605609592,297.414917774626,2.74431216503444,665.522758387398,671.011382717467,5.48862433006889,0
Error,VP0408,339.209797857617,330.686232557884,-8.52356529973309,755.179946884171,738.132816284705,-17.0471305994663,1
Error,VP0409,325.459082455471,322.85511833644,-2.60396411903099,726.947385213711,721.739456975649,-5.20792823806198,1
Error,VP0410,244.529836360849,243.855837982705,-0.673998378143949,565.768645936419,564.420649180131,-1.3479967562879,1
Error,VP0411,356.6898766645,353.780722754348,-2.90915391015227,789.88078084269,784.062473022386,-5.81830782030454,1
Error,VP0412,283.155118986833,280.539440176165,-2.61567881066702,642.957239193486,637.725881572152,-5.23135762133404,1
Error,VP0413,291.932387995539,292.0965942562,0.164206260661103,660.573749205799,660.902161727122,0.328412521322207,0
Error,VP0414,350.182421720791,349.165237359307,-1.01718436148371,777.11493819952,775.080569476552,-2.03436872296743,1
Error,VP0415,326.627508137386,324.509540696531,-2.11796744085564,729.963989489494,725.728054607783,-4.23593488171127,1
Error,VP0416,341.319407845012,337.581044456556,-3.73836338845649,759.399166858962,751.922440082049,-7.47672677691298,1
Error,VP0417,484.323006116246,485.594790829666,1.27178471342012,1044.44271255411,1046.98628198095,2.54356942684012,0
Error,VP0418,181.469927727852,182.543531229696,1.07360350184373,439.524533562633,441.67174056632,2.14720700368747,0
Error,VP0419,316.995356320033,311.961285967339,-5.0340703526935,710.689381404384,700.621240698997,-10.068140705387,1
Error,VP0420,322.418057011865,322.795823409716,0.377766397851701,720.314938769017,721.07047156472,0.755532795703402,0
Error,VP0421,410.744250204078,411.175861770193,0.431611566115464,897.670047576371,898.533270708602,0.863223132230928,0
Error,VP0422,409.014920715479,406.735050143683,-2.27987057179553,894.03712752905,889.477386385459,-4.55974114359105,1
Error,VP0423,334.370484148331,333.523624675805,-0.846859472526091,743.432037887315,741.738318942263,-1.69371894505207,1
Error,VP0424,476.453134967656,472.753157097273,-3.69997787038363,1029.17392321835,1021.77396747758,-7.39995574076727,1
Error,VP0425,463.575024073745,464.952193676527,1.37716960278181,1002.90189621533,1005.65623542089,2.75433920556361,0
Error,VP0426,402.226416083992,404.030538257987,1.80412217399561,881.110186329745,884.718430677736,3.60824434799122,0
Error,VP0427,281.037269946042,279.70357767141,-1.33369227463214,638.834891061023,636.167506511758,-2.66738454926417,1
Error,VP0428,352.153798030631,346.313270158079,-5.84052787255166,780.596670967428,768.915615222325,-11.6810557451033,1
Error,VP0429,415.268543178231,402.658467771232,-12.6100754069983,907.287181114399,882.067030300403,-25.2201508139966,1
Error,VP0430,360.345599304425,357.272694775627,-3.07290452879738,795.157260354227,789.011451296632,-6.14580905759476,1
Error,VP0431,270.390429884105,267.991194830687,-2.39923505341801,617.048513051248,612.250042944412,-4.79847010683602,1
Error,VP0432,321.752726488265,319.477013297443,-2.27571319082108,719.847900136845,715.296473755203,-4.55142638164216,1
Error,VP0433,243.057504556809,237.55682994565,-5.5006746111587,562.906072261557,551.904723039239,-11.0013492223175,1
Error,VP0434,329.424932860265,327.677681867599,-1.74725099266652,734.374667544248,730.880165558915,-3.49450198533305,1
Error,VP0435,358.96214757874,354.358812073373,-4.60333550536615,794.467227483753,785.260556473021,-9.20667101073229,1
Error,VP0436,413.455004165758,403.238857503434,-10.2161466623239,903.721498597673,883.289205273026,-20.4322933246477,1
Error,VP0437,395.210351586925,395.09372020153,-0.116631385394896,866.837439087339,866.604176316549,-0.233262770789793,1
Error,VP0438,323.163532400648,320.176716946806,-2.98681545384204,722.764934246742,716.791303339058,-5.97363090768408,1
Error,VP0439,340.079187037445,342.170561248239,2.09137421079447,756.638389165763,760.821137587352,4.18274842158894,0
Error,VP0440,369.094086324985,372.371143158326,3.27705683334045,812.616281511234,819.170395177915,6.55411366668091,0
Error,VP0441,362.556323464613,362.374595218109,-0.181728246503496,801.85247570415,801.489019211143,-0.363456493007106,1
Error,VP0442,302.841852391063,301.657912381517,-1.18394000954675,681.401793232671,679.033913213577,-2.36788001909349,1
Error,VP0443,162.222188901814,164.176307590265,1.95411868845139,401.0394676482,404.947705025103,3.90823737690278,0
Error,VP0444,333.196155973444,331.376846502661,-1.81930947078297,743.008195748504,739.369576806938,-3.63861894156594,1
Error,VP0445,322.051721398449,317.229295321133,-4.82242607731632,720.520178710388,710.875326555756,-9.64485215463264,1
Error,VP0446,240.783371553403,237.518703513683,-3.26466803971974,558.13056812692,551.601232047481,-6.52933607943953,1
Error,VP0447,380.164450816892,377.767601703414,-2.39684911347837,837.078996391723,832.285298164766,-4.79369822695674,1
Error,VP0448,209.184516034597,205.016064720955,-4.16845131364147,495.088300090469,486.751397463186,-8.33690262728294,1
Error,VP0449,271.004156861219,268.157085732072,-2.84707112914685,617.064461068351,611.370318810057,-5.69414225829371,1
Error,VP0450,233.10004778338,228.621062744087,-4.47898503929318,541.256242912672,532.298272834086,-8.95797007858641,1
Error,VP0451,197.723912450021,197.506646445714,-0.217266004306595,472.218422925799,471.783890917185,-0.434532008613189,1
Error,VP0452,359.327418620337,359.815003379013,0.48758475867686,794.825573597207,795.800743114561,0.97516951735372,0
Error,VP0453,282.556218843173,279.331143674566,-3.22507516860719,641.738703744514,635.288553407299,-6.45015033721438,1
Error,VP0454,445.059763473965,444.13401379912,-0.925749674845235,966.461974108246,964.610474758555,-1.85149934969047,1
Error,VP0455,438.322272970759,437.305743156978,-1.01652981378135,952.56365521474,950.530595587178,-2.03305962756258,1
Error,VP0456,251.394249849998,247.406050985257,-3.98819886474098,578.86145763494,570.885059905458,-7.97639772948196,1
Error,VP0457,295.134516691049,291.812182337311,-3.32233435373871,666.988301403374,660.343632695897,-6.64466870747742,1
Error,VP0458,219.559476715319,219.115273375928,-0.444203339391208,515.910016578577,515.021609899795,-0.888406678782417,1
Error,VP0459,435.982074373146,436.142635084659,0.160560711513369,948.77563901245,949.096760435477,0.321121423026739,0
Error,VP0460,299.649047416137,295.64793906369,-4.00110835244726,675.976125691853,667.973908986958,-8.00221670489441,1
Error,VP0461,270.348527073337,271.185861258803,0.837334185465863,617.457405315612,619.132073686544,1.67466837093161,0
Error,VP0462,330.292429383471,327.925359641032,-2.36706974243918,737.375921914882,732.641782430003,-4.73413948487837,1
Error,VP0463,354.140230616877,356.671261250749,2.53103063387164,784.505145712155,789.567206979898,5.06206126774327,0
Error,VP0464,287.886195093013,284.671096932848,-3.21509816016413,651.365799300754,644.935602980426,-6.43019632032826,1
Error,VP0465,291.581019628429,288.415263550637,-3.1657560777922,659.070076561356,652.738564405771,-6.33151215558439,1
Error,VP0466,417.876294447266,413.253474075495,-4.62282037177118,911.803699751788,902.558059008246,-9.24564074354237,1
Error,VP0467,297.31793693059,289.958371325702,-7.35956560488785,670.741521270405,656.022390060629,-14.7191312097757,1
Error,VP0468,497.610550007104,497.201169860248,-0.409380146855426,1071.68006246708,1070.86130217337,-0.818760293710966,1
Error,VP0469,287.555742409924,284.217084768985,-3.33865764093878,651.841038021863,645.163722739985,-6.67731528187755,1
Error,VP0470,301.573565926016,293.217918409224,-8.35564751679209,679.500222457785,662.788927424201,-16.7112950335842,1
Error,VP0471,361.300278328896,355.801988596069,-5.49828973282706,799.391619805731,788.395040340077,-10.9965794656541,1
Error,VP0472,257.036211656865,251.250425245165,-5.78578641169969,590.657101420658,579.085528597258,-11.5715728233994,1
Error,VP0473,393.330494624356,388.95169235332,-4.37880227103608,862.917916056011,854.160311513938,-8.75760454207216,1
Error,VP0474,277.235400826705,277.561112760395,0.325711933689888,630.489060320991,631.140484188371,0.651423867379776,0
Error,VP0475,342.543114680306,337.651931898895,-4.89118278141166,761.670907467541,751.888541904718,-9.78236556282332,1
Error,VP0476,384.739731909944,372.923803367649,-11.8159285422954,846.270526967828,822.638669883237,-23.6318570845907,1
Error,VP0477,332.423429385159,328.42278682761,-4.00064255754933,739.950780349849,731.949495234751,-8.00128511509865,1
Error,VP0478,314.982995448437,311.629771212294,-3.35322423614383,706.68525891815,699.978810445863,-6.70644847228766,1
Error,VP0479,281.482201042969,281.716722218533,0.234521175563486,638.637315935003,639.10635828613,0.469042351126973,0
Error,VP0480,321.760594613063,317.695387639656,-4.06520697340676,719.767379087719,711.636965140906,-8.13041394681352,1
Error,VP0481,348.548915252434,342.568132319973,-5.9807829324605,773.878665851046,761.917099986125,-11.961565864921,1
Error,VP0482,259.529753776817,257.010258587553,-2.51949518926364,595.891387074935,590.852396696408,-5.03899037852727,1
Error,VP0483,286.110551113496,283.331552679322,-2.77899843417333,646.649211088255,641.091214219909,-5.55799686834666,1
Error,VP0484,259.791522091536,261.597147346129,1.80562525459243,594.78189623312,598.393146742305,3.61125050918486,0
Error,VP0485,367.055818876039,362.955842909206,-4.09997596683297,810.390007061292,802.190055127626,-8.19995193366594,1
Error,VP0486,326.396668959317,325.698014620887,-0.698654338430515,729.625217439935,728.227908763074,-1.39730867686103,1
Error,VP0487,332.466556059258,328.854987307075,-3.61156875218319,741.559378176684,734.336240672317,-7.22313750436638,1
Error,VP0488,393.920349121468,393.131240621912,-0.789108499556107,863.55878669348,861.980569694368,-1.57821699911221,1
Error,VP0489,462.826377662824,460.496989658443,-2.3293880043808,1002.10117633066,997.442400321895,-4.65877600876161,1
Error,VP0490,352.574832635395,352.52257427351,-0.0522583618856061,779.42463940835,779.320122684578,-0.104516723771212,1
Error,VP0491,319.168913425156,316.995465174452,-2.17344825070342,715.14931711647,710.802420615063,-4.34689650140683,1
Error,VP0492,291.569640660663,293.520245901308,1.9506052406449,659.796635483087,663.697845964377,3.90121048128981,0
Error,VP0493,388.517500650447,388.41534308954,-0.10215756090679,853.702698669812,853.498383547998,-0.204315121813579,1
Error,VP0494,331.277809534898,329.567011403876,-1.71079813102222,737.059503202007,733.637906939962,-3.42159626204443,1
Error,VP0495,325.70422386175,321.34656839829,-4.35765546345948,728.096802375483,719.381491448564,-8.71531092691896,1
Error,VP0496,213.76613170359,211.380028784224,-2.38610291936573,504.261816609196,499.489610770464,-4.77220583873145,1
Error,VP0497,319.667179280254,317.974000734028,-1.69317854622534,716.166238081809,712.779880989358,-3.38635709245068,1
Error,VP0498,331.127281112583,331.653110038148,0.525828925565236,739.004656983103,740.056314834234,1.05165785113047,0
Error,VP0499,282.9845548052,285.363012468823,2.37845766362312,642.678082825122,647.434998152368,4.75691532724636,0
Error,VP0500,227.795998085834,228.388279918961,0.59228183312635,532.218262229836,533.402825896089,1.18456366625264,0
Error,VP0501,285.45207206452,282.398593411687,-3.05347865283318,646.09117457666,639.984217270994,-6.10695730566636,1
Error,VP0502,320.54523765544,323.858039957677,3.31280230223695,717.315159789281,723.940764393755,6.62560460447389,0
Error,VP0503,233.591971686218,234.414389489162,0.82241780294359,541.788055988511,543.432891594399,1.64483560588712,0
Error,VP0504,271.595460731426,274.432815923241,2.83735519181516,619.607657376341,625.282367759972,5.67471038363033,0
Error,VP0505,252.546390004965,249.970252767288,-2.5761372376771,579.906893389117,574.754618913763,-5.15227447535415,1
Error,VP0506,446.512620286841,444.063643323839,-2.44897696300114,968.8219408953,963.923986969298,-4.89795392600229,1
Error,VP0507,373.93218359024,371.308929349075,-2.62325424116517,823.838669745615,818.592161263284,-5.24650848233034,1
Error,VP0508,308.94160855201,310.429782470938,1.48817391892806,694.540571265781,697.516919103637,2.97634783785611,0
Error,VP0509,413.258763068543,412.371965422691,-0.886797645852482,902.688262493621,900.914667201916,-1.77359529170496,1
Error,VP0510,166.441498454319,164.722512612023,-1.71898584229569,406.778848553898,403.340876869307,-3.43797168459139,1
Error,VP0511,294.537032724772,294.958489550123,0.421456825350788,665.522486454552,666.365400105254,0.842913650701576,0
Error,VP0512,306.356811287155,303.654851856046,-2.70195943110878,689.443175776325,684.039256914108,-5.40391886221755,1
Error,VP0513,463.802937859926,464.113833918065,0.310896058139008,1002.02130446444,1002.64309658071,0.621792116278016,0
Error,VP0514,302.832919089538,297.485029048274,-5.34789004126367,682.229663199189,671.533883116662,-10.6957800825273,1
Error,VP0515,366.502080070622,357.651420514944,-8.85065955567791,809.410314043336,791.70899493198,-17.7013191113558,1
Error,VP0516,243.325307269172,239.322209292145,-4.00309797702664,563.502845591814,555.496649637761,-8.00619595405328,1
Error,VP0517,296.29789050236,295.876989427876,-0.420901074484107,669.325334206736,668.483532057768,-0.841802148968213,1
Error,VP0518,527.038111445149,526.747973216255,-0.290138228893966,1129.35747232937,1128.77719587158,-0.580276457787932,1
Error,VP0519,355.360900713738,357.454521997393,2.09362128365484,786.507305819376,790.694548386685,4.18724256730968,0
Error,VP0520,336.567513053758,333.6534803612,-2.9140326925579,749.885120865455,744.057055480339,-5.82806538511579,1
Error,VP0521,245.049398175161,244.918108046441,-0.131290128719968,566.797465114642,566.534884857202,-0.262580257439936,1
Error,VP0522,366.044526712713,364.974313197787,-1.0702135149254,808.410182749612,806.269755719761,-2.1404270298508,1
Error,VP0523,308.999584065296,303.18086621053,-5.81871785476619,693.818226183485,682.180790473952,-11.6374357095324,1
Error,VP0524,332.794241360454,327.465204772771,-5.32903658768316,741.705005069229,731.046931893863,-10.6580731753663,1
Error,VP0525,353.908462525906,348.580081084641,-5.32838144126526,784.525898266534,773.869135384003,-10.6567628825305,1
Error,VP0526,250.817743861049,250.647543515336,-0.170200345713056,578.282488941918,577.942088250492,-0.340400691426112,1
Error,VP0527,388.768598683737,376.149433011319,-12.6191656724175,854.101022387588,828.862691042753,-25.2383313448349,1
Error,VP0528,228.245117132541,227.844415750595,-0.400701381946277,528.168358101554,527.366955337662,-0.801402763892497,1
Error,VP0529,294.463917390193,293.291328137564,-1.17258925262922,664.325734305191,661.980555799932,-2.34517850525845,1
Error,VP0530,373.124512173711,371.371251024808,-1.75326114890339,821.06313772661,817.556615428803,-3.50652229780678,1
Error,VP0531,414.742605411082,406.635692806124,-8.10691260495832,906.132212041985,889.918386832069,-16.2138252099166,1
Error,VP0532,217.431785820883,217.651273255765,0.219487434882723,511.396042721412,511.835017591177,0.438974869765445,0
Error,VP0533,307.316551688921,306.203668248223,-1.1128834406984,690.943558271302,688.717791389906,-2.22576688139679,1
Error,VP0534,250.920102884662,250.725984259258,-0.1941186254044,578.528560421309,578.1403231705,-0.388237250808857,1
Error,VP0535,266.737656800219,264.266418187674,-2.47123861254499,610.194581621713,605.252104396623,-4.94247722508999,1
Error,VP0536,234.760977900281,236.192935506928,1.43195760664707,546.374186854033,549.238102067327,2.86391521329415,0
Error,VP0537,302.250282031811,300.91623608641,-1.3340459454011,680.638804089285,677.970712198483,-2.6680918908022,1
Error,VP0538,231.50536034525,229.004038790535,-2.50132155471508,538.397010715547,533.394367606117,-5.0026431094301,1
Error,VP0539,193.57696917564,193.77640407691,0.199434901270195,463.945001499219,464.343871301759,0.398869802540389,0
Error,VP0540,370.054765570716,368.345731007123,-1.70903456359309,814.948088975123,811.530019847937,-3.4180691271863,1
Error,VP0541,464.140264936536,466.180954422124,2.04068948558825,1004.51597229854,1008.59735126972,4.08137897117649,0
Error,VP0542,331.95471850586,324.078474645556,-7.87624386030359,740.389452102593,724.636964381986,-15.7524877206072,1
Error,VP0543,260.333980159898,256.655228394506,-3.67875176539218,596.135260705728,588.777757174944,-7.35750353078436,1
Error,VP0544,313.575384213534,313.194841096607,-0.380543116926901,703.828799286646,703.067713052792,-0.761086233853803,1
Error,VP0545,350.416112467236,342.808124679087,-7.60798778814859,775.983714155696,760.767738579399,-15.2159755762972,1
Error,VP0546,318.628547182899,317.930030211612,-0.698516971286722,714.048157513737,712.651123571164,-1.39703394257344,1
Error,VP0547,264.254620471377,262.874078732923,-1.38054173845461,605.093919049683,602.332835572774,-2.76108347690922,1
Error,VP0548,266.693517431679,265.530464503573,-1.16305292810637,605.065158699831,602.739052843619,-2.32610585621273,1
Error,VP0549,367.849603084878,365.167492214062,-2.68211087081562,811.99897626393,806.634754522299,-5.36422174163124,1
Error,VP0550,310.025130256996,310.76304156371,0.737911306713499,693.95940521223,695.435227825657,1.475822613427,0
Error,VP0551,322.890217743224,324.21903418516,1.32881644193554,721.787721584542,724.445354468413,2.65763288387109,0
Error,VP0552,298.624687948176,298.187974824863,-0.436713123313552,674.00972706529,673.136300818663,-0.873426246627105,1
Error,VP0553,298.8626608437,297.834230920809,-1.02842992289101,674.393019056318,672.336159210536,-2.05685984578201,1
Error,VP0554,403.595777360338,403.072924306549,-0.52285305378831,880.316126829872,879.270420722295,-1.04570610757662,1
Error,VP0555,231.939976297601,231.948546417215,0.00857011961366538,540.126142456796,540.143282696023,0.0171402392272739,0
Error,VP0556,267.367268221798,266.526768781275,-0.840499440522649,609.766718638416,608.085719757371,-1.6809988810453,1
Error,VP0557,391.862841541239,392.955797151461,1.09295561022174,860.372684302298,862.558595522742,2.18591122044347,0
Error,VP0558,256.08359099214,256.870684920773,0.787093928633112,588.731007004394,590.30519486166,1.57418785726622,0
Error,VP0559,305.599538483206,304.361918327471,-1.23762015573476,687.94917172435,685.47393141288,-2.47524031146952,1
Error,VP0560,400.973534278526,403.227593438887,2.2540591603605,877.932376625856,882.440494946577,4.508118320721,0
Error,VP0561,333.393393126735,331.493415828224,-1.89997729851075,743.485455017789,739.685500420767,-3.7999545970215,1
Error,VP0562,301.884710997384,302.61242300096,0.727712003575732,680.437119363686,681.892543370838,1.45542400715146,0
Error,VP0563,162.213929530015,163.99091475901,1.77698522899453,399.790893262461,403.34486372045,3.55397045798907,0
Error,VP0564,273.100590703707,272.995943442508,-0.104647261198693,622.910154622135,622.700860099738,-0.209294522397386,1
Error,VP0565,341.275403123782,340.476371375536,-0.799031748246421,757.029489910563,755.431426414071,-1.59806349649284,1
Error,VP0566,298.477663808886,298.541870042762,0.0642062338762344,673.104410424007,673.23282289176,0.128412467752469,0
Error,VP0567,255.020501058401,255.657918072507,0.637417014105807,586.478871562249,587.753705590461,1.27483402821167,0
Error,VP0568,360.229211607114,358.482605672261,-1.7466059348526,797.011806847701,793.518594977996,-3.49321186970519,1
Error,VP0569,221.431548111249,218.688843055343,-2.74270505590593,517.907267519324,512.421857407512,-5.48541011181192,1
Error,VP0570,411.49335777318,404.789417072013,-6.70394070116765,899.612981604528,886.205100202193,-13.4078814023353,1
Error,VP0571,132.900797455308,130.313876734057,-2.58692072125132,338.637057080021,333.463215637519,-5.17384144250263,1
Error,VP0572,276.139523266962,271.04470328538,-5.09481998158122,628.977715298243,618.78807533508,-10.1896399631624,1
Error,VP0573,307.36491653325,303.541271475321,-3.8236450579289,690.560052967129,682.912762851271,-7.6472901158578,1
Error,VP0574,317.847540351884,321.437744037369,3.5902036854846,712.362778072685,719.543185443655,7.18040737096919,0
Error,VP0575,177.233343080287,177.193197534889,-0.0401455453980191,430.830409923268,430.750118832472,-0.0802910907960381,1
Error,VP0576,294.906703008514,295.864013365979,0.957310357465133,666.450044541781,668.364665256712,1.91462071493027,0
Error,VP0577,301.303504666227,305.478277124506,4.17477245827916,678.89608423862,687.245629155178,8.34954491655833,0
Error,VP0578,351.189673224308,349.356508946269,-1.83316427803823,779.221406442646,775.55507788657,-3.66632855607645,1
Error,VP0579,277.237612488451,275.856106305637,-1.38150618281389,631.194492998177,628.431480632549,-2.76301236562779,1
Error,VP0580,355.825541483204,354.963791904039,-0.861749579165576,788.503314019879,786.779814861548,-1.72349915833115,1
Error,VP0581,451.001661889553,449.422154164075,-1.57950772547809,977.131054891743,973.972039440787,-3.15901545095619,1
Error,VP0582,428.584380915541,428.774960029964,0.190579114423656,932.343957958034,932.725116186881,0.381158228847312,0
Error,VP0583,372.830554452607,369.636419358769,-3.1941350938381,822.452172053153,816.063901865477,-6.3882701876762,1
Error,VP0584,388.00360342532,389.295038319964,1.29143489464457,850.422635595225,853.005505384515,2.58286978928913,0
Error,VP0585,351.153576893028,345.942753030099,-5.21082386292949,778.850086112331,768.428438386472,-10.421647725859,1
Error,VP0586,240.85519297907,238.771547282394,-2.08364569667634,558.105947659125,553.938656265772,-4.16729139335268,1
Error,VP0587,346.295655867713,333.011035535752,-13.2846203319618,768.815996213827,742.246755549903,-26.5692406639237,1
Error,VP0588,460.323906433342,460.46091730818,0.137010874837415,995.31410767209,995.588129421765,0.27402174967483,0
Error,VP0589,321.967713266652,318.318657854456,-3.64905541219588,720.22450143947,712.926390615079,-7.29811082439176,1
Error,VP0590,332.214396927404,329.83999918882,-2.37439773858398,741.158347056823,736.409551579655,-4.74879547716796,1
Error,VP0591,447.368234021999,444.892834639921,-2.47539938207723,971.568347565298,966.617548801144,-4.95079876415446,1
Error,VP0592,250.30819718178,249.703488947117,-0.604708234662951,576.841078841961,575.631662372635,-1.2094164693259,1
Error,VP0593,314.205211001307,316.992679440532,2.78746843922494,705.18102002837,710.75595690682,5.57493687844988,0
Error,VP0594,344.102177099295,342.251672902644,-1.850504196651,764.504124292764,760.803115899462,-3.701008393302,1
Error,VP0595,379.93147961183,376.75059663833,-3.18088297349993,836.551313875643,830.189547928643,-6.36176594699987,1
Error,VP0596,591.801454760455,591.616606569406,-0.184848191049468,1260.22917557908,1259.85947919698,-0.369696382098937,1
Error,VP0597,395.215710180884,390.688633012238,-4.52707716864637,866.921946681344,857.867792344052,-9.05415433729274,1
Error,VP0598,305.556806017978,305.373734887364,-0.183071130614053,686.672770993279,686.30662873205,-0.366142261228106,1
Error,VP0599,338.34297550779,333.649879245565,-4.69309626222571,753.456549041338,744.070356516886,-9.38619252445142,1
Error,VP0600,309.158929145092,308.427743388283,-0.731185756808827,694.839858164852,693.377486651234,-1.46237151361765,1
Error,VP0601,376.011453854226,364.422620619408,-11.5888332348181,828.628399445052,805.450732975416,-23.1776664696363,1
Error,VP0602,367.584230591905,360.571152080469,-7.01307851143594,811.969742632529,797.943585609658,-14.0261570228719,1
Error,VP0603,426.000216049501,427.641424723402,1.64120867390159,928.67846295858,931.960880306383,3.28241734780318,0
Error,VP0604,266.382761175286,267.128317254597,0.745556079311257,608.772808448665,610.263920607288,1.49111215862251,0
Error,VP0605,294.324331409527,291.183534032454,-3.14079737707306,663.929912258123,657.648317503977,-6.28159475414611,1
Error,VP0606,405.157549404434,403.269346490975,-1.88820291345894,886.344319111636,882.567913284719,-3.77640582691788,1
Error,VP0607,286.331941250334,284.649200281306,-1.68274096902792,648.638185065801,645.272703127746,-3.36548193805584,1
Error,VP0608,389.766774492827,388.363280756603,-1.40349373622377,855.507851550787,852.70086407834,-2.80698747244753,1
Error,VP0609,449.187325190499,448.939925912019,-0.247399278480316,974.938475401112,974.443676844152,-0.494798556960632,1
Error,VP0610,330.634293076864,328.326626068718,-2.30766700814593,737.738079962116,733.122745945824,-4.61533401629185,1
Error,VP0611,378.457028649245,372.176575155089,-6.28045349415606,833.602411950473,821.041504962161,-12.5609069883121,1
Error,VP0612,314.804563354206,313.601468100792,-1.2030952534148,706.37972473417,703.97353422734,-2.4061905068296,1
Error,VP0613,407.416051846217,403.920903086776,-3.49514875944129,889.658446089002,882.668148570119,-6.99029751888258,1
Error,VP0614,470.855518712587,458.82722057249,-12.028298140097,1016.24006442547,992.183468145281,-24.056596280194,1
Error,VP0615,431.765210049522,432.82647787407,1.06126782454817,940.125509943617,942.248045592713,2.12253564909633,0
Error,VP0616,313.923299802044,300.112916435346,-13.8103833666976,703.496856390559,675.876089657164,-27.6207667333953,1
Error,VP0617,241.607849717577,243.443292218612,1.83544250103517,558.877290586358,562.548175588429,3.67088500207035,0
Error,VP0618,308.747830708642,308.240950359478,-0.50688034916368,694.235490192209,693.221729493882,-1.01376069832736,1
Error,VP0619,219.855875337269,219.906261630334,0.050386293064463,516.086097325552,516.186869911681,0.100772586128983,0
Error,VP0620,321.618301584475,320.682492713032,-0.935808871443044,720.08883422242,718.217216479534,-1.8716177428862,1
Error,VP0621,537.428322072185,535.893694708985,-1.53462736320012,1150.14961441566,1147.08035968926,-3.06925472640023,1
Error,VP0622,192.706805515454,191.712842563849,-0.993962951605255,461.365869500488,459.377943597277,-1.98792590321051,1
Error,VP0623,343.403625996116,341.547107576853,-1.85651841926284,762.514064173208,758.801027334683,-3.71303683852568,1
Error,VP0624,257.604107341305,255.471362067064,-2.13274527424085,589.508859776977,585.243369228495,-4.26549054848169,1
Error,VP0625,331.795052771232,328.89889409342,-2.89615867781225,740.31965874448,734.527341388855,-5.7923173556245,1
Error,VP0626,301.925505198489,301.961694946308,0.0361897478185824,680.539365048962,680.6117445446,0.0723794956371648,0
Error,VP0627,228.994350585204,228.142132297619,-0.85221828758506,533.269950609476,531.565514034306,-1.70443657517012,1
Error,VP0628,368.184215301306,368.22628321305,0.0420679117439704,813.17992086877,813.264056692258,0.0841358234879408,0
Error,VP0629,298.898544491289,297.958325561495,-0.94021892979373,674.360914002692,672.480476143105,-1.88043785958757,1
Error,VP0630,308.43955511621,309.054384976016,0.614829859805923,692.973871940608,694.20353166022,1.22965971961185,0
Error,VP0631,311.524583210995,310.206011559582,-1.31857165141275,699.402257027741,696.765113724916,-2.63714330282551,1
Error,VP0632,288.150883054978,283.939040885185,-4.21184216979293,653.092829257895,644.669144918309,-8.42368433958586,1
Error,VP0633,273.43429758351,273.807631201961,0.37333361845117,623.380113859379,624.126781096282,0.74666723690234,0
Error,VP0634,256.117196838234,253.799853189084,-2.31734364914945,588.963946878483,584.329259580184,-4.6346872982989,1
Error,VP0635,374.865346513193,374.102642007026,-0.762704506166415,826.377694246206,824.852285233873,-1.52540901233283,1
Error,VP0636,386.482800929741,381.290376484229,-5.19242444551213,849.157949224931,838.773100333907,-10.3848488910243,1
Error,VP0637,260.261899354613,259.661648650121,-0.600250704492055,595.851856729565,594.651355320581,-1.20050140898411,1
Error,VP0638,341.078435122578,337.539551843347,-3.53888327923119,758.477999569344,751.400233010881,-7.07776655846237,1
Error,VP0639,285.402282163019,283.823589300949,-1.57869286207074,647.157654931791,644.000269207649,-3.15738572414148,1
Error,VP0640,365.934935234285,362.784261964193,-3.15067327009177,808.381389160929,802.080042620745,-6.30134654018354,1
Error,VP0641,394.953504879264,393.118887499248,-1.83461738001694,865.714894626104,862.04565986607,-3.66923476003387,1
Error,VP0642,261.97981278572,260.702756025148,-1.27705676057167,600.076147919761,597.522034398618,-2.55411352114334,1
Error,VP0643,395.204141855726,394.267123656602,-0.937018199124395,865.794573736499,863.92053733825,-1.87403639824879,1
Error,VP0644,291.076112189458,287.237283763126,-3.83882842633136,659.004455432386,651.326798579723,-7.67765685266272,1
Error,VP0645,331.367334858841,327.131673658116,-4.23566120072587,739.214684808556,730.743362407105,-8.47132240145174,1
Error,VP0646,346.372442127564,345.923114092065,-0.44932803549932,765.926377578016,765.027721507017,-0.898656070998641,1
Error,VP0647,479.431679907486,474.575231450198,-4.85644845728768,1035.52071397673,1025.80781706216,-9.71289691457514,1
Error,VP0648,375.230370635452,371.52861092788,-3.70175970757191,827.190294472919,819.786775057775,-7.40351941514382,1
Error,VP0649,349.234822773288,348.708332065412,-0.526490707876462,775.229996715515,774.177015299761,-1.05298141575304,1
Error,VP0650,352.390369054887,343.258856021461,-9.13151303342556,781.239700562641,762.97667449579,-18.2630260668511,1
Error,VP0651,317.53996400524,313.767201137432,-3.77276286780801,711.706194068648,704.160668333032,-7.54552573561602,1
Error,VP0652,381.050359455457,380.722013364837,-0.328346090620471,838.601746424605,837.945054243364,-0.656692181240942,1
Error,VP0653,333.731266718409,336.842210065401,3.11094334699203,743.995004516464,750.216891210448,6.22188669398406,0
Error,VP0654,184.533976012902,180.897829882803,-3.63614613009992,445.766620790124,438.494328529924,-7.27229226019983,1
Error,VP0655,337.257157056157,344.2656155693,7.00845851314341,750.652554137975,764.669471164262,14.0169170262868,0
Error,VP0656,430.223508996516,427.577904001757,-2.64560499475908,936.321772367447,931.030562377929,-5.29120998951817,1
Error,VP0657,430.42758194712,424.605012192162,-5.82256975495824,936.93902911813,925.293889608214,-11.6451395099165,1
Error,VP0658,375.728799866467,371.575884020161,-4.15291584630643,827.937614823808,819.631783131195,-8.30583169261286,1
Error,VP0659,315.684916979585,319.149996467608,3.46507948802304,708.078807173892,715.008966149938,6.93015897604596,0
Error,VP0660,442.379059688534,441.542565968985,-0.836493719549367,960.588339277697,958.915351838598,-1.67298743909873,1
Error,VP0661,302.832131181108,299.721221488528,-3.11090969258009,682.434860387973,676.213041002813,-6.22181938516019,1
Error,VP0662,335.859910383255,333.097576269553,-2.76233411370163,748.356459291264,742.831791063861,-5.52466822740325,1
Error,VP0663,76.0678415754579,76.9000734589693,0.832231883511341,222.35425613464,224.018719901663,1.66446376702265,0
Error,VP0664,342.191760089929,340.87529957161,-1.31646051831927,761.009786238026,758.376865201387,-2.63292103663855,1
Error,VP0665,359.358651806034,360.146815821523,0.788164015489087,795.364304831888,796.940632862866,1.57632803097817,0
Error,VP0666,282.844266629433,281.880713473881,-0.963553155552347,642.356230627784,640.429124316679,-1.92710631110469,1
Error,VP0667,363.288832387132,351.344228514426,-11.9446038727064,803.389155040422,779.49994729501,-23.8892077454127,1
Error,VP0668,253.727024790496,249.636522964163,-4.09050182633311,584.142404232975,575.961400580309,-8.18100365266616,1
Error,VP0669,331.185057537097,330.174943311425,-1.01011422567194,738.765676775178,736.745448323834,-2.02022845134388,1
Error,VP0670,353.169153808018,352.142032072532,-1.02712173548582,783.170187137337,781.115943666365,-2.05424347097164,1
Error,VP0671,297.318387720841,294.088737052594,-3.22965066824736,671.211031946695,664.7517306102,-6.45930133649472,1
Error,VP0672,478.273601056285,480.833442355538,2.55984129925349,1032.55448821066,1037.67417080917,5.11968259850687,0
Error,VP0673,250.888829451405,248.518781143192,-2.37004830821326,574.225547106212,569.485450489786,-4.7400966164264,1
Error,VP0674,419.481854826846,417.826137536654,-1.65571729019115,915.263479747866,911.952045167483,-3.3114345803823,1
Error,VP0675,351.63293905021,350.094988211148,-1.53795083906209,779.073762967996,775.997861289871,-3.07590167812418,1
Error,VP0676,399.275855695651,396.755213039012,-2.52064265663853,874.110870348625,869.069585035347,-5.04128531327706,1
Error,VP0677,264.526629871004,262.948032651786,-1.57859721921756,605.385053148465,602.22785871003,-3.15719443843511,1
Error,VP0678,222.62255265658,222.453856048505,-0.168696608075209,521.788037639435,521.450644423285,-0.337393216150417,1
Error,VP0679,288.796480507926,288.983288059887,0.186807551960669,654.239962235673,654.613577339595,0.373615103921338,0
Error,VP0680,260.535465886219,262.177377425176,1.64191153895649,597.790199793714,601.074022871627,3.28382307791298,0
Error,VP0681,291.99376001994,291.574246769174,-0.419513250765931,660.530452366155,659.691425864623,-0.839026501531862,1
Error,VP0682,323.307678525785,319.868730461529,-3.43894806425578,722.947150458026,716.069254329514,-6.87789612851157,1
Error,VP0683,276.529458654682,269.990330713821,-6.53912794086074,627.994713345316,614.916457463595,-13.0782558817215,1
Error,VP0684,266.567113582975,260.741447363515,-5.82566621945972,608.14239188398,596.49105944506,-11.6513324389194,1
Error,VP0685,391.770182835685,390.620296214838,-1.14988662084733,860.269918873386,857.970145631691,-2.29977324169465,1
Error,VP0686,349.309195435742,339.580912800368,-9.72828263537338,775.347944073499,755.891378802752,-19.4565652707468,1
Error,VP0687,421.736138438134,420.660586878307,-1.07555155982647,919.133868027472,916.982764907819,-2.15110311965293,1
Error,VP0688,264.03314295949,262.159398977241,-1.87374398224824,604.91851697245,601.171029007953,-3.74748796449649,1
Error,VP0689,326.083088694136,322.173735143705,-3.9093535504303,728.688177262938,720.869470162078,-7.81870710086059,1
Error,VP0690,367.734492033789,365.612581296942,-2.12191073684704,812.280474333736,808.036652860042,-4.24382147369408,1
Error,VP0691,283.108387512097,283.832326770463,0.723939258366329,643.069006077664,644.516884594397,1.44787851673277,0
Error,VP0692,374.214724164908,371.881252691999,-2.33347147290948,824.113673233862,819.446730288043,-4.66694294581885,1
Error,VP0693,473.347309982594,471.231855611813,-2.11545437078126,1022.65790600461,1018.42699726305,-4.23090874156253,1
Error,VP0694,361.529765932277,360.709033912851,-0.820732019425293,799.850595012492,798.209130973642,-1.64146403885059,1
Error,VP0695,310.89202180615,307.431268564383,-3.46075324176672,697.813263915068,690.891757431535,-6.92150648353345,1
Error,VP0696,264.967648053433,259.636181985812,-5.33146606762182,606.235066201041,595.572134065798,-10.6629321352436,1
Error,VP0697,283.315707086189,282.505715675058,-0.809991411130113,642.13325147836,640.513268656099,-1.61998282226023,1
Error,VP0698,301.725741689021,300.78145891178,-0.944282777240574,679.761938271503,677.873372717021,-1.88856555448115,1
Error,VP0699,471.012560408204,468.319434056534,-2.69312635167057,1018.81618396435,1013.42993126101,-5.38625270334114,1
Error,VP0700,264.708304474559,265.121507417443,0.413202942884084,604.860824331823,605.687230217591,0.826405885768168,0
Error,VP0701,333.145418220058,333.197332855769,0.0519146357107729,743.040931198055,743.144760469477,0.103829271421546,0
Error,VP0702,305.732889273135,305.560311009382,-0.172578263752314,688.215873304208,687.870716776703,-0.345156527504628,1
Error,VP0703,338.657976123035,333.401074908538,-5.25690121449787,753.497499414286,742.98369698529,-10.5138024289957,1
Error,VP0704,295.989146781028,295.844996773027,-0.144150008000395,668.748891587812,668.460591571811,-0.28830001600079,1
Error,VP0705,296.669990478374,296.885467600233,0.215477121859465,669.830507276324,670.261461520043,0.430954243718929,0
Error,VP0706,302.111125552049,295.448293773119,-6.66283177892967,679.230415822128,665.904752264269,-13.3256635578593,1
Error,VP0707,385.525367007706,394.211160462927,8.68579345522136,847.488603460858,864.860190371301,17.3715869104428,0
Error,VP0708,295.046434869773,294.732923892656,-0.313510977116948,666.934929733578,666.307907779344,-0.627021954233896,1
Error,VP0709,278.102541445458,272.817167239708,-5.2853742057502,631.451094713092,620.880346301592,-10.5707484115004,1
Error,VP0710,321.848920186755,321.503699598567,-0.345220588188454,720.072187024524,719.381745848147,-0.690441176376908,1
Error,VP0711,305.69185276145,303.597022226775,-2.09483053467511,687.434816380156,683.245155310806,-4.18966106935022,1
Error,VP0712,133.107126361869,134.441781505844,1.33465514397457,341.86450951021,344.53381979816,2.6693102879492,0
Error,VP0713,321.14150979594,314.175081444231,-6.96642835170923,718.888511328482,704.955654625063,-13.9328567034185,1
Error,VP0714,323.636591378639,319.357190660675,-4.27940071796473,722.412799338387,713.853997902457,-8.55880143592947,1
Error,VP0715,340.827284606063,340.771365121884,-0.055919484178844,758.373837233402,758.261998265044,-0.111838968357688,1
Error,VP0716,409.710495100702,407.404806753413,-2.30568834728911,895.580905110927,890.969528416349,-4.61137669457821,1
Error,VP0717,420.98969715727,418.713174791308,-2.27652236596163,917.686206495515,913.133161763592,-4.55304473192325,1
Error,VP0718,300.812798291516,296.449302626577,-4.36349566493885,676.573487177651,667.846495847773,-8.72699132987771,1
Error,VP0719,358.23838618282,356.941236744041,-1.29714943877934,793.040597385754,790.446298508196,-2.59429887755869,1
Error,VP0720,249.79001362353,246.835047661912,-2.95496596161757,574.660087645867,568.750155722632,-5.90993192323504,1
Error,VP0721,329.310602591145,324.151128951078,-5.15947364006757,734.995551833304,724.676604553169,-10.3189472801351,1
Error,VP0722,250.256290150158,250.206431192314,-0.0498589578442932,577.138846358483,577.039128442794,-0.0997179156885295,1
Error,VP0723,284.849930779569,286.999110076329,2.14917929676017,646.388216211122,650.686574804642,4.29835859352033,0
Error,VP0724,272.107565505614,273.048505050695,0.940939545080425,618.321767549249,620.20364663941,1.88187909016085,0
Error,VP0725,140.384225674982,138.762495898723,-1.6217297762588,351.792917561258,348.54945800874,-3.24345955251761,1
Error,VP0726,372.81142352997,365.783734803819,-7.0276887261511,822.331820274662,808.27644282236,-14.0553774523023,1
Error,VP0727,344.144210805185,345.056324200822,0.912113395637448,763.604796145809,765.429022937084,1.8242267912749,0
Error,VP0728,283.622874147121,281.364495892393,-2.25837825472854,643.362270642564,638.845514133107,-4.51675650945708,1
Error,VP0729,310.955086406336,307.234476188265,-3.72061021807087,697.446438941753,690.005218505612,-7.44122043614175,1
Error,VP0730,269.736646124817,268.604609661334,-1.13203646348353,615.644028606169,613.379955679202,-2.26407292696706,1
Error,VP0731,239.905867704088,235.801399274456,-4.10446842963171,555.87377522808,547.664838368817,-8.20893685926342,1
Error,VP0732,298.840337319489,295.806485518979,-3.03385180050958,674.03376524473,667.966061643711,-6.06770360101916,1
Error,VP0733,356.003869098896,361.537525098409,5.53365599951309,788.424474111281,799.491786110307,11.0673119990262,0
Error,VP0734,348.833222935284,344.277673975457,-4.55554895982698,774.395999072584,765.28490115293,-9.11109791965396,1
Error,VP0735,375.074335023918,368.095121680312,-6.97921334360615,825.96772810073,812.009301413518,-13.9584266872123,1
Error,VP0736,369.298468442997,368.769646602413,-0.528821840583305,814.626157188761,813.568513507595,-1.05764368116661,1
Error,VP0737,372.715867529013,366.901897587231,-5.81396994178198,821.901228866414,810.273288982851,-11.627939883564,1
Error,VP0738,284.255503885116,279.764029597826,-4.49147428729088,643.410440136706,634.427491562124,-8.98294857458177,1
Error,VP0739,233.085306819297,228.660931751566,-4.42437506773109,542.755291745523,533.90654161006,-8.84875013546218,1
Error,VP0740,288.119647635968,286.017260223642,-2.10238741232558,652.158404545157,647.953629720506,-4.20477482465117,1
Error,VP0741,331.680110163769,332.567494619486,0.887384455716528,739.755782028523,741.530550939956,1.77476891143306,0
Error,VP0742,398.258673392232,391.306789119794,-6.95188427243892,872.39210115888,858.488332614002,-13.9037685448778,1
Error,VP0743,463.770798342826,460.723849642458,-3.04694870036843,1004.31219471141,998.218297310672,-6.09389740073686,1
Error,VP0744,329.423658183592,328.820998787622,-0.602659395969852,735.264052280674,734.058733488734,-1.2053187919397,1
Error,VP0745,282.492727771393,277.913607818307,-4.57911995308541,641.580545387358,632.422305481187,-9.15823990617082,1
Error,VP0746,391.299144714114,386.300046548981,-4.99909816513315,858.75820433775,848.760008007484,-9.9981963302663,1
Error,VP0747,251.636085267751,252.35164418615,0.715558918398358,579.960525187486,581.391643024283,1.43111783679672,0
Error,VP0748,223.973639187725,221.96685134905,-2.00678783867511,524.395699380459,520.382123703109,-4.01357567735022,1
Error,VP0749,305.799060624838,299.045791988719,-6.7532686361194,688.014857163166,674.508319890928,-13.5065372722388,1
Error,VP0750,311.233503812375,304.233927810772,-6.99957600160297,697.654038072371,683.654886069165,-13.9991520032058,1
Error,VP0751,356.986984113216,357.530620044727,0.543635931511005,790.464494546007,791.551766409029,1.08727186302201,0
Error,VP0752,281.191355368969,284.801308327818,3.60995295884868,638.682480832113,645.90238674981,7.21990591769736,0
Error,VP0753,275.061047048444,274.539146462668,-0.521900585776564,626.411169003055,625.367367831502,-1.04380117155313,1
Error,VP0754,395.175837680417,391.192143909431,-3.98369377098544,866.047199700901,858.07981215893,-7.96738754197088,1
Error,VP0755,305.226139708341,301.026985678061,-4.1991540302796,686.204127484517,677.805819423958,-8.3983080605592,1
Error,VP0756,399.23590295586,399.071408507644,-0.164494448216601,873.138100717126,872.809111820693,-0.328988896433202,1
Error,VP0757,345.064848779501,342.737449608545,-2.32739917095552,766.599191367389,761.944393025478,-4.65479834191103,1
Error,VP0758,305.697165404331,302.736869793479,-2.96029561085174,686.51016359672,680.589572375017,-5.92059122170349,1
Error,VP0759,408.507400058626,401.189610185631,-7.31778987299515,893.536799991919,878.901220245929,-14.6355797459903,1
Error,VP0760,387.294523692082,380.173237646139,-7.12128604594329,850.408105437057,836.16553334517,-14.2425720918866,1
Error,VP0761,344.234102551693,346.119616690409,1.8855141387163,765.032030123501,768.803058400933,3.77102827743261,0
Error,VP0762,283.773541873622,282.377187813083,-1.39635406053912,644.016577555632,641.223869434554,-2.79270812107825,1
Error,VP0763,361.886412740112,358.814710300828,-3.07170243928465,800.625056533695,794.481651655126,-6.1434048785693,1
Error,VP0764,382.307014435498,377.591894150957,-4.71512028454089,840.632287538578,831.202046969496,-9.43024056908177,1
Error,VP0765,296.468128825921,293.6974729092,-2.77065591672073,669.352993565332,663.81168173189,-5.54131183344145,1
Error,VP0766,253.408322025051,250.929774756564,-2.47854726848786,583.535912071378,578.578817534403,-4.95709453697566,1
Error,VP0767,401.816188703716,402.175072163004,0.358883459288734,879.27128813823,879.989055056807,0.717766918577468,0
Error,VP0768,326.807759712923,326.658806233677,-0.148953479245677,729.775434335369,729.477527376877,-0.297906958491353,1
Error,VP0769,345.417217059501,342.860949406597,-2.5562676529043,767.625497266941,762.512961961132,-5.11253530580859,1
Error,VP0770,297.779796802862,298.214774965813,0.434978162950983,670.875968141164,671.745924467065,0.869956325901967,0
Error,VP0771,342.2916712657,338.771319383947,-3.52035188175302,760.904471855587,753.863768092081,-7.04070376350603,1
Error,VP0772,328.697837064899,321.911474864953,-6.78636219994678,733.812410043288,720.239685643395,-13.5727243998936,1
Error,VP0773,394.970668379335,393.134295412087,-1.83637296724828,866.567602816838,862.894856882341,-3.67274593449656,1
Error,VP0774,276.11569278197,272.956426778547,-3.15926600342272,629.042875830098,622.724343823252,-6.31853200684543,1
Error,VP0775,318.327980863491,314.380230646468,-3.94775021702338,713.46745199314,705.571951559094,-7.89550043404677,1
Error,VP0776,480.250207537949,477.216736439749,-3.03347109820015,1036.66032998542,1030.59338778902,-6.0669421964003,1
Error,VP0777,292.187068652308,291.103680190525,-1.08338846178259,660.479784713841,658.313007790276,-2.16677692356518,1
Error,VP0778,420.870048377624,425.09914153922,4.22909316159559,918.418127614828,926.876313938019,8.45818632319128,0
Error,VP0779,315.517958954431,316.698002175565,1.18004322113364,706.104028279336,708.464114721603,2.36008644226729,0
Error,VP0780,236.714979869017,236.959416986685,0.244437117667928,549.888922190902,550.377796426238,0.488874235335857,0
Error,VP0781,283.5415607778,278.82416032383,-4.71740045396984,643.253857912133,633.819057004193,-9.43480090793969,1
Error,VP0782,355.411126599882,351.828416612955,-3.5827099869274,787.572347957702,780.406927983848,-7.1654199738548,1
Error,VP0783,241.317117089623,238.276140758265,-3.04097633135845,559.177166505521,553.095213842804,-6.08195266271696,1
Error,VP0784,286.628362310327,287.050743037305,0.42238072697802,649.662878522745,650.507639976701,0.844761453956039,0
Error,VP0785,248.686790365594,246.159269561183,-2.52752080441115,573.779734633279,568.724693024457,-5.05504160882231,1
Error,VP0786,389.035594914132,387.878401434174,-1.15719347995832,853.800543000735,851.486156040818,-2.31438695991665,1
Error,VP0787,478.010423221722,479.696042441403,1.68561921968114,1031.45350113144,1034.8247395708,3.37123843936229,0
Error,VP0788,348.349958047239,345.197536176422,-3.15242187081776,773.450010852417,767.145167110781,-6.30484374163552,1
Error,VP0789,296.904589583091,292.42796502548,-4.47662455761179,670.310206679874,661.35695756465,-8.95324911522357,1
Error,VP0790,304.754864628098,300.575098879753,-4.17976574834449,685.250335626579,676.89080412989,-8.35953149668899,1
Error,VP0791,186.175940420214,187.17818257861,1.00224215839592,443.733135085007,445.737619401799,2.00448431679183,0
Error,VP0792,253.105177719849,254.752028934095,1.64685121424614,579.768550126229,583.062252554721,3.29370242849234,0
Error,VP0793,219.894733728784,221.204567989788,1.30983426100369,516.384557302141,519.004225824149,2.61966852200737,0
Error,VP0794,428.91980228078,427.503541610658,-1.4162606701226,933.546416742537,930.713895402292,-2.83252134024519,1
Error,VP0795,361.991300204054,357.999519379374,-3.99178082468012,800.356947059122,792.373385409762,-7.98356164936024,1
Error,VP0796,242.452311369916,240.28011690418,-2.17219446573557,561.613595954554,557.269207023082,-4.34438893147126,1
Error,VP0797,391.482496071076,389.646229794403,-1.83626627667286,858.397646830151,854.725114276805,-3.67253255334572,1
Error,VP0798,169.678500582589,165.072699235725,-4.60580134686401,415.018592316383,405.806989622654,-9.21160269372803,1
Error,VP0799,334.220540634378,329.14937575281,-5.07116488156737,744.973552348402,734.831222585267,-10.1423297631347,1
Error,VP0800,283.670370395276,281.966416537558,-1.70395385771712,641.61571492811,638.207807212676,-3.40790771543425,1
Error,VP0801,303.599075717586,303.224580732307,-0.374494985278886,683.82441749334,683.075427522782,-0.748989970557773,1
Error,VP0802,354.938533980196,353.31050094752,-1.62803303267577,786.123257821986,782.867191756635,-3.25606606535155,1
Error,VP0803,374.508748277062,369.63137508634,-4.87737319072261,825.828986820283,816.074240438838,-9.75474638144522,1
Error,VP0804,362.266536337541,359.974829496723,-2.29170684081805,801.148956476697,796.565542795061,-4.5834136816361,1
Error,VP0805,228.612602055041,228.290332734742,-0.322269320299029,531.577012087383,530.932473446785,-0.644538640598057,1
Error,VP0806,224.978227582396,227.091334744572,2.11310716217605,525.284513185131,529.510727509483,4.2262143243521,0
Error,VP0807,450.477948899566,449.126313703439,-1.35163519612695,976.225413903755,973.522143511502,-2.7032703922539,1
Error,VP0808,343.89307412441,342.687771088049,-1.20530303636104,764.224017694267,761.813411621545,-2.4106060727222,1
Error,VP0809,272.152963651709,272.300115900126,0.147152248417171,619.853645802091,620.147950298926,0.294304496834343,0
Error,VP0810,273.844149697804,272.233182455428,-1.61096724237609,624.241683029081,621.019748544329,-3.22193448475218,1
Error,VP0811,216.258241156394,211.889252449908,-4.36898870648656,508.86957291854,500.131595505567,-8.73797741297312,1
Error,VP0812,276.453058866687,274.400438983215,-2.05261988347155,628.935338036142,624.830098269199,-4.1052397669431,1
Error,VP0813,136.480949876912,135.535992262005,-0.944957614907736,349.608900973646,347.71898574383,-1.88991522981547,1
Error,VP0814,362.815398515752,354.414828830616,-8.40056968513545,802.298494400421,785.49735503015,-16.8011393702709,1
Error,VP0815,337.325646744179,335.875880464046,-1.44976628013239,751.089162933804,748.189630373539,-2.89953256026479,1
Error,VP0816,315.990969944815,315.284638228461,-0.706331716353645,708.482967403321,707.070303970614,-1.41266343270729,1
Error,VP0817,423.754393794143,419.067130890754,-4.68726290338867,923.701134953736,914.326609146959,-9.37452580677734,1
Error,VP0818,346.765043634946,343.277097941833,-3.48794569311298,769.438124574389,762.462233188163,-6.97589138622595,1
Error,VP0819,234.56147663052,236.192546437038,1.63106980651784,545.924234709761,549.186374322797,3.26213961303563,0
Error,VP0820,316.576649017923,309.309688846784,-7.26696017113858,709.028052410261,694.494132067984,-14.5339203422772,1
Error,VP0821,284.783907037356,284.489208974788,-0.29469806256833,646.245844934292,645.656448809155,-0.589396125136773,1
Error,VP0822,226.004913832541,221.526059029228,-4.47885480331288,527.396117690129,518.438408083504,-8.95770960662571,1
Error,VP0823,276.814467749985,274.880748829665,-1.93371892031996,630.460815021272,626.593377180632,-3.86743784063992,1
Error,VP0824,413.841034730943,406.918895939434,-6.92213879150864,902.98674808979,889.142470506773,-13.8442775830173,1
Error,VP0825,487.342077720974,488.249510324157,0.907432603182542,1051.23753907542,1053.05240428179,1.81486520636508,0
Error,VP0826,317.876827793423,317.122171981418,-0.754655812005296,710.506419113755,708.997107489744,-1.50931162401059,1
Error,VP0827,411.82424134444,398.759840764874,-13.0644005795661,900.233160795808,874.104359636676,-26.1288011591322,1
Error,VP0828,228.809485178019,230.438089914469,1.62860473644986,531.816570200367,535.073779673267,3.25720947289972,0
Error,VP0829,307.514134393843,308.162931899847,0.648797506003632,689.964064823639,691.261659835646,1.29759501200726,0
Error,VP0830,339.736024076779,340.16019068521,0.424166608431221,755.01976665223,755.868099869093,0.848333216862443,0
Error,VP0831,504.607962453259,501.753129867618,-2.85483258564068,1085.6114866075,1079.90182143622,-5.70966517128136,1
Error,VP0832,286.684120293673,283.893669897237,-2.79045039643631,648.950244828062,643.369344035189,-5.58090079287263,1
Error,VP0833,373.958374637825,374.332874777756,0.374500139930774,824.098296443865,824.847296723727,0.749000279861548,0
Error,VP0834,192.812794905367,192.623194984435,-0.189599920932579,461.207594051451,460.828394209585,-0.379199841865159,1
Error,VP0836,337.55227801443,333.096791758306,-4.45548625612435,750.409234656765,741.498262144517,-8.91097251224869,1
Error,VP0837,308.695597074726,307.383626867578,-1.31197020714774,693.807930062941,691.183989648645,-2.62394041429548,1
Error,VP0838,138.834128920022,135.995092504853,-2.83903641516886,352.591946004659,346.913873174321,-5.67807283033773,1
Error,VP0839,323.723389337295,324.428001292334,0.704611955038615,723.153590855566,724.562814765644,1.40922391007723,0
Error,VP0840,203.149528659702,202.064860857923,-1.08466780177881,483.008030534125,480.838694930567,-2.16933560355761,1
Error,VP0841,245.950666569622,246.929067153164,0.97840058354231,566.342107517163,568.298908684248,1.95680116708456,0
Error,VP0842,290.931922229359,288.307335111347,-2.62458711801219,657.015333679943,651.766159443918,-5.24917423602437,1
Error,VP0843,281.64916980287,277.394751921078,-4.25441788179194,639.90383134234,631.394995578756,-8.50883576358387,1
Error,VP0844,327.363438575167,324.795557161164,-2.56788141400347,731.487228319273,726.351465491266,-5.13576282800682,1
Error,VP0845,278.39904809365,273.508213557769,-4.89083453588063,633.372352692311,623.59068362055,-9.78166907176126,1
Error,VP0846,289.907694305133,288.601881648853,-1.30581265628001,656.125843503727,653.514218191167,-2.61162531256002,1
Error,VP0847,277.370170902515,275.102961869787,-2.26720903272843,628.146619450475,623.612201385018,-4.53441806545686,1
Error,VP0848,320.600279872396,320.467082744023,-0.133197128373126,717.785237851721,717.518843594974,-0.266394256746253,1
Error,VP0849,278.272225227075,280.18012707092,1.90790184384571,632.897541059902,636.713344747593,3.81580368769141,0
Error,VP0850,306.663027623793,304.44276282582,-2.2202647979725,688.370226544411,683.929696948466,-4.44052959594501,1
Error,VP0851,273.601806357649,273.934691358047,0.33288500039788,623.243783740723,623.909553741519,0.66577000079576,0
Error,VP0852,249.774643952297,247.362861690848,-2.41178226144851,575.611327724498,570.787763201601,-4.82356452289696,1
Error,VP0853,334.997126314508,333.567930134619,-1.42919617988906,746.175799797232,743.317407437454,-2.85839235977812,1
Error,VP0854,413.553267737666,413.354079401799,-0.199188335866836,903.438328881789,903.039952210055,-0.398376671733672,1
Error,VP0855,318.969442891551,318.681417068163,-0.288025823388125,713.577796513901,713.001744867124,-0.57605164677625,1
Error,VP0856,212.7905804986,210.643658496662,-2.14692200193764,498.662848061824,494.369004057949,-4.29384400387528,1
Error,VP0857,336.611135907097,336.755791888961,0.144655981864446,747.900960987107,748.190272950836,0.289311963728892,0
Error,VP0858,387.922623647586,386.264103774462,-1.65851987312482,852.304209748041,848.987170001792,-3.31703974624963,1
Error,VP0859,462.860102800549,463.158065493691,0.297962693142154,1000.58315368869,1001.17907907497,0.595925386284307,0
Error,VP0860,292.155785244153,291.263838125971,-0.89194711818152,661.041123690321,659.257229453958,-1.78389423636304,1
Error,VP0861,436.122526262092,432.289097859649,-3.83342840244256,948.448189493245,940.781332688359,-7.66685680488513,1
Error,VP0862,250.663473537715,249.0799874553,-1.58348608241494,574.761002513412,571.594030348582,-3.16697216482999,1
Error,VP0863,397.736533202011,396.15542660494,-1.58110659707086,871.953081494896,868.790868300754,-3.16221319414171,1
Error,VP0864,477.014785970272,462.627274719132,-14.3875112511403,1030.09161176045,1001.31658925817,-28.7750225022806,1
Error,VP0865,348.236406947007,347.039263884635,-1.19714306237188,772.931776346882,770.537490222138,-2.39428612474376,1
Error,VP0866,299.86157553758,298.272062184889,-1.58951335269114,676.432124289881,673.253097584499,-3.17902670538228,1
Error,VP0867,299.387652569636,297.566459514359,-1.82119305527635,675.170866840256,671.528480729703,-3.64238611055271,1
Error,VP0868,374.257068174413,370.703866836019,-3.55320133839371,825.067519982299,817.961117305512,-7.10640267678741,1
Error,VP0869,372.06122810435,372.403961646419,0.342733542068629,819.046144373314,819.731611457451,0.685467084137258,0
Error,VP0870,223.684422799044,224.939182284864,1.25475948582002,523.365148170556,525.874667142196,2.50951897163998,0
Error,VP0871,459.866213766152,455.809050542927,-4.05716322322564,996.482522290243,988.368195843792,-8.11432644645129,1
Error,VP0872,409.916449825265,407.67163732943,-2.24481249583511,895.884010507787,891.394385516117,-4.48962499167021,1
Error,VP0873,449.997360605574,446.965168127085,-3.03219247848898,976.506239903507,970.441854946529,-6.06438495697796,1
Error,VP0874,264.028742589748,260.230816699243,-3.79792589050504,603.408873007097,595.813021226087,-7.59585178101008,1
Error,VP0875,218.150698804587,218.602585739731,0.45188693514433,510.537752631582,511.44152650187,0.90377387028866,0
Error,VP0876,353.190297479889,345.955326716057,-7.23497076383137,782.839557412646,768.369615884983,-14.4699415276627,1
Error,VP0877,232.603026164076,227.450970845502,-5.15205531857458,540.141848364105,529.837737726956,-10.3041106371492,1
Error,VP0878,289.378114781278,290.113621174375,0.735506393097353,655.372113364171,656.843126150366,1.47101278619471,0
Error,VP0879,372.518277952345,369.715277923961,-2.80300002838396,820.944593209186,815.338593152418,-5.60600005676793,1
Error,VP0880,284.478593869373,282.163411334819,-2.31518253455425,645.583453796914,640.953088727805,-4.63036506910851,1
Error,VP0881,203.056392581103,202.000651123367,-1.05574145773619,478.40789313184,476.296410216368,-2.11148291547238,1
Error,VP0882,228.115581158322,225.577400727732,-2.53818043059056,528.694212479717,523.617851618536,-5.076360861181,1
Error,VP0883,366.435504753605,360.477072051235,-5.95843270236975,809.610838282135,797.693972877396,-11.9168654047396,1
Error,VP0884,407.037474316308,399.961034411396,-7.0764399049113,890.512818078062,876.359938268239,-14.1528798098225,1
Error,VP0885,334.075702685836,330.635518911154,-3.44018377468194,744.704789005146,737.824421455782,-6.88036754936388,1
Error,VP0886,313.687741022781,311.921054829541,-1.76668619324056,703.448439980507,699.915067594026,-3.53337238648112,1
Error,VP0887,407.255866813583,401.206416786221,-6.04945002736235,890.353104060935,878.25420400621,-12.0989000547247,1
Error,VP0888,318.568698734862,318.588625475988,0.0199267411260848,713.554133383214,713.593986865466,0.0398534822521697,0
Error,VP0889,399.444980130594,399.767378304912,0.322398174317755,875.526598785942,876.171395134578,0.644796348635509,0
Error,VP0890,323.003546046952,323.708750724951,0.705204677998722,722.306862188079,723.717271544076,1.41040935599744,0
Error,VP0891,354.262782038032,356.902876878469,2.64009484043709,784.81463898223,790.094828663105,5.28018968087417,0
Error,VP0892,353.96519888422,351.389029854146,-2.57616903007403,784.389360221309,779.237022161161,-5.15233806014805,1
Error,VP0893,293.79820188177,293.11079788297,-0.687403998799766,664.42828328484,663.053475287241,-1.37480799759953,1
Error,VP0894,299.063055342653,296.958426756587,-2.10462858606616,674.60612577618,670.396868604048,-4.20925717213231,1
Error,VP0895,312.810660337319,304.739012100677,-8.07164823664249,701.705185898528,685.561889425243,-16.143296473285,1
Error,VP0896,325.461790213564,324.091026599316,-1.37076361424721,726.93086652522,724.189339296726,-2.74152722849442,1
Error,VP0897,353.351105825908,350.264266110207,-3.0868397157011,782.829598198551,776.655918767148,-6.17367943140221,1
Error,VP0898,348.489002869676,350.040413387405,1.55141051772853,773.707558941368,776.810379976826,3.10282103545705,0
Error,VP0899,271.966363031828,269.301908821789,-2.66445421003908,620.558992121823,615.230083701745,-5.32890842007816,1
Error,VP0900,416.054895967369,413.695019306321,-2.35987666104802,906.763678391394,902.043925069298,-4.71975332209604,1
Error,VP0901,282.796822847458,278.23334949517,-4.56347335228787,641.072470440205,631.945523735629,-9.12694670457574,1
Error,VP0902,443.1357592036,436.008770019077,-7.12698918452327,962.667080108185,948.413101739138,-14.2539783690465,1
Error,VP0903,358.215822335121,357.113553927362,-1.1022684077584,790.680887801916,788.476350986399,-2.2045368155168,1
Error,VP0904,361.515245208694,359.525285645928,-1.98995956276582,799.340945310848,795.361026185316,-3.97991912553164,1
Error,VP0905,344.226052523674,342.807729549153,-1.4183229745214,764.984576126994,762.147930177952,-2.8366459490428,1
Error,VP0906,331.83925221261,330.550718997931,-1.28853321467886,738.983183053124,736.406116623767,-2.57706642935773,1
Error,VP0907,292.237799370498,290.406694734102,-1.83110463639559,658.979482873206,655.317273600415,-3.66220927279119,1
Error,VP0908,204.664487213078,200.366117344192,-4.29836986888648,485.96561295091,477.368873213137,-8.59673973777296,1
Error,VP0909,312.050619707634,306.889841447137,-5.16077826049684,698.988523795967,688.666967274973,-10.3215565209937,1
Error,VP0910,322.404138484804,318.92683236254,-3.47730612226394,720.683031344023,713.728419099495,-6.95461224452788,1
Error,VP0911,355.196711847348,355.28444327592,0.0877314285722832,786.77838298522,786.953845842365,0.175462857144566,0
Error,VP0912,215.538938082341,216.997886631867,1.45894854952542,506.671285279412,509.589182378463,2.91789709905083,0
Error,VP0913,237.785154827916,235.92109576583,-1.864059062086,552.279282870554,548.551164746382,-3.72811812417194,1
Error,VP0914,265.131070821129,258.511409783613,-6.61966103751541,606.42205655178,593.182734476749,-13.2393220750308,1
Error,VP0915,260.950754493252,251.811745339129,-9.13900915412287,598.620777007779,580.342758699534,-18.2780183082458,1
Error,VP0916,369.333934119946,375.557358453143,6.22342433319642,813.890325449214,826.337174115607,12.4468486663928,0
Error,VP0917,321.597227561808,320.276825190753,-1.32040237105497,719.726926203262,717.086121461152,-2.64080474210994,1
Error,VP0918,289.353315235952,290.835334645608,1.48201940965669,655.538509993204,658.502548812518,2.96403881931337,0
Error,VP0919,537.525289357271,537.995379176221,0.470089818950328,1150.79118508492,1151.73136472283,0.940179637900656,0
Error,VP0920,324.472674941833,323.775408386396,-0.697266555436215,724.853387188162,723.45885407729,-1.39453311087243,1
Error,VP0921,263.869484658181,264.729661788477,0.860177130295767,601.94950273067,603.669856991261,1.72035426059142,0
Error,VP0922,352.674532592772,348.176087319737,-4.49844527303458,781.69151234586,772.694621799791,-8.99689054606915,1
Error,VP0923,328.235351375258,329.346989475686,1.11163810042819,733.096968808684,735.32024500954,2.22327620085639,0
Error,VP0924,226.613116131551,224.579168337136,-2.03394779441493,527.991293164126,523.923397575296,-4.06789558882986,1
Error,VP0925,341.904992184204,341.823336788222,-0.081655395981727,759.380571898188,759.217261106224,-0.163310791963454,1
Error,VP0926,351.228339688016,345.344031316848,-5.88430837116874,779.247742523972,767.479125781634,-11.7686167423375,1
Error,VP0927,261.107411287803,258.857520303918,-2.24989098388551,598.778647595721,594.27886562795,-4.49978196777101,1
Error,VP0928,168.532431109935,170.965443476448,2.4330123665122,407.227550240038,412.093574973063,4.86602473302435,0
Error,VP0929,238.687137978973,238.316178448256,-0.370959530717528,553.282313262444,552.540394201009,-0.741919061435055,1
Error,VP0930,287.404823747327,286.222160707455,-1.18266303987184,649.781687385471,647.416361305727,-2.36532607974368,1
Error,VP0931,268.037720022259,266.604792863528,-1.43292715873065,609.702000395487,606.836146078025,-2.8658543174613,1
Error,VP0932,432.161567025888,432.645914676376,0.484347650487507,939.026570141765,939.99526544274,0.968695300975014,0
Error,VP0933,542.470739799942,540.864832342887,-1.60590745705531,1158.69003750449,1155.47822259038,-3.21181491411062,1
Error,VP0934,341.443113631727,340.185774069449,-1.25733956227828,758.63807533129,756.123396206733,-2.51467912455655,1
Error,VP0935,359.689718014133,356.374263027709,-3.31545498642413,795.974525872839,789.343615899991,-6.63090997284826,1
Error,VP0936,388.240311187144,382.232068978615,-6.00824220852832,852.960637465161,840.944153048104,-12.0164844170566,1
Error,VP0937,396.384490525513,394.764826205751,-1.61966431976191,868.918063857261,865.678735217737,-3.23932863952382,1
Error,VP0938,350.605250465762,349.019501842884,-1.58574862287725,777.316148340748,774.144651094994,-3.17149724575449,1
Error,VP0939,246.935326746011,250.420074660991,3.48474791498003,570.424037125496,577.393532955456,6.96949582996012,0
Error,VP0940,375.203971548446,375.266408431129,0.0624368826834143,826.99262120382,827.117494969187,0.124873765366829,0
Error,VP0941,297.577738852755,295.318222445072,-2.25951640768278,670.851002045578,666.331969230213,-4.51903281536556,1
Error,VP0942,304.317240006849,303.126173692967,-1.19106631388217,685.34345322842,682.961320600656,-2.38213262776435,1
Error,VP0943,392.653747652295,392.460718429404,-0.193029222891369,860.133837701157,859.747779255374,-0.386058445782737,1
Error,VP0944,525.493199447283,521.878940452386,-3.61425899489711,1127.61266495273,1120.38414696294,-7.22851798979423,1
Error,VP0945,372.538911170364,369.326244842821,-3.21266632754242,821.409615747184,814.984283092099,-6.42533265508484,1
Error,VP0946,476.698817311547,474.452740272652,-2.24607703889484,1028.72569264343,1024.23353856564,-4.49215407778979,1
Error,VP0947,196.721170257565,196.030007531862,-0.691162725702782,464.34525852837,462.962933076965,-1.38232545140556,1
Error,VP0948,270.222965414021,268.005374329203,-2.21759108481803,617.257421094201,612.822238924565,-4.43518216963605,1
Error,VP0949,304.622327001431,303.880694512752,-0.741632488679045,684.348575582394,682.865310605036,-1.48326497735809,1
Error,VP0950,382.366509363978,381.387666187991,-0.978843175987663,841.503616753713,839.545930401738,-1.95768635197533,1
Error,VP0951,332.948299907027,333.107194399789,0.158894492762386,742.522865872221,742.840654857746,0.317788985524771,0
Error,VP0952,286.927144448752,286.375965670659,-0.551178778092947,650.511643059265,649.409285503079,-1.10235755618589,1
Error,VP0953,213.076977966706,212.041896373335,-1.03508159337139,502.528302584426,500.458139397683,-2.07016318674277,1
Error,VP0954,372.530741987639,370.11978351944,-2.41095846819917,821.604416301553,816.782499365154,-4.82191693639834,1
Error,VP0955,330.598275093981,330.18699820874,-0.411276885240795,736.824103148004,736.001549377522,-0.822553770481591,1
Error,VP0956,307.884020231,305.072217124365,-2.81180310663484,691.65390033963,686.03029412636,-5.62360621326968,1
Error,VP0957,308.131571019292,303.797400614358,-4.33417040493333,692.126779686433,683.458438876567,-8.66834080986666,1
Error,VP0958,289.166496401276,290.990190130497,1.8236937292213,654.78141380756,658.428801266003,3.64738745844261,0
Error,VP0959,234.823448049607,230.657415206454,-4.16603284315255,546.210721119328,537.878655433022,-8.3320656863051,1
Error,VP0960,356.313418188537,357.649225817348,1.3358076288107,789.001183028089,791.67279828571,2.6716152576214,0
Error,VP0961,267.842898011922,269.393819634692,1.55092162276975,612.353493392761,615.455336638301,3.1018432455395,0
Error,VP0962,340.459269719993,341.727615434857,1.26834571486438,756.715239761604,759.251931191333,2.53669142972876,0
Error,VP0963,228.21498628667,226.172820811411,-2.04216547525826,531.545805361398,527.461474410881,-4.08433095051657,1
Error,VP0964,301.946453044718,296.635684885209,-5.31076815950905,680.224699495893,669.603163176875,-10.6215363190181,1
Error,VP0965,392.678384210035,391.546046615019,-1.13233759501645,861.473290768392,859.208615578359,-2.2646751900329,1
Error,VP0966,326.867326783515,328.44883057322,1.58150378970419,728.778824863856,731.941832443265,3.16300757940837,0
Error,VP0967,217.970242019758,214.237305875764,-3.73293614399392,510.519625021712,503.053752733724,-7.46587228798785,1
Error,VP0968,427.758615278562,423.239170422397,-4.51944485616451,930.891898816694,921.853009104365,-9.03888971232902,1
Error,VP0969,239.99887776733,232.820127437249,-7.17875033008076,555.488092578226,541.130591918064,-14.3575006601615,1
Error,VP0970,495.572827777913,493.784107935767,-1.78871984214595,1067.42402486504,1063.84658518075,-3.5774396842919,1
Error,VP0971,160.956250336209,161.213020611563,0.256770275354484,393.410158119632,393.923698670341,0.513540550708967,0
Error,VP0972,318.966198775659,315.339113131731,-3.62708564392892,713.873617384749,706.619446096892,-7.25417128785784,1
Error,VP0973,303.496717691456,304.487698640748,0.990980949292805,681.547547912897,683.529509811483,1.98196189858561,0
Error,VP0974,272.610352288242,269.225410402685,-3.38494188555637,622.042394194323,615.27251042321,-6.76988377111275,1
Error,VP0975,399.539529256421,400.198712323794,0.65918306737251,875.086344610935,876.40471074568,1.31836613474502,0
Error,VP0976,427.567223608862,431.296873849836,3.7296502409738,930.356904427045,937.816204908993,7.45930048194759,0
Error,VP0977,315.465328108535,311.976883950776,-3.48844415775886,707.025417925258,700.048529609741,-6.97688831551773,1
Error,VP0978,498.236063717693,500.648197218652,2.41213350095876,1072.44643000052,1077.27069700244,4.82426700191741,0
Error,VP0979,151.83692873926,147.873709532654,-3.96321920660691,373.79913049663,365.872692083416,-7.92643841321382,1
Error,VP0980,206.861136177978,210.403269962656,3.54213378467782,489.827919765181,496.912187334537,7.08426756935563,0
Error,VP0981,172.001846432852,169.807837285057,-2.19400914779558,414.369919073082,409.981900777491,-4.38801829559117,1
Error,VP0982,258.873372480767,260.494416652629,1.6210441718618,592.021719099093,595.263807442817,3.24208834372359,0
Error,VP0983,105.306477710017,106.451360213284,1.14488250326716,286.751195445697,289.040960452231,2.28976500653425,0
Error,VP0984,455.959647268053,456.337681691786,0.378034423732174,987.827331840604,988.583400688068,0.756068847464348,0
Error,VP0985,324.671223744547,321.436149662389,-3.23507408215835,725.864447363762,719.394299199445,-6.4701481643167,1
Error,VP0986,282.623908749891,276.680110659887,-5.94379809000384,641.255103597875,629.367507417868,-11.8875961800077,1
Error,VP0987,278.102050490856,277.768899056637,-0.333151434219189,632.892455633696,632.226152765257,-0.666302868438379,1
Error,VP0988,371.201640441038,371.038970826617,-0.162669614420224,817.459428227988,817.134088999147,-0.325339228840448,1
Error,VP0989,298.279182683008,296.437020831104,-1.84216185190485,673.059392879708,669.375069175898,-3.6843237038097,1
Error,VP0990,330.008491762891,330.147342492534,0.138850729642684,736.327438419243,736.605139878528,0.277701459285367,0
Error,VP0991,273.610213801871,267.52200184627,-6.08821195560165,623.304292827632,611.127868916429,-12.1764239112033,1
Error,VP0992,320.942769774452,316.942633144144,-4.00013663030808,718.666374895084,710.666101634468,-8.00027326061615,1
Error,VP0993,297.710083821377,297.322264726798,-0.387819094579925,672.231657908913,671.456019719753,-0.775638189159849,1
Error,VP0994,282.438555920176,281.58886660214,-0.849689318035985,640.332875780548,638.633497144476,-1.69937863607197,1
Error,VP0995,347.742405355481,351.959092219991,4.21668686451,772.193783925683,780.627157654703,8.43337372901988,0
Error,VP0996,276.58941438517,268.087912312254,-8.5015020729154,629.425018631933,612.422014486103,-17.0030041458308,1
Error,VP0997,439.293800431216,438.888165102441,-0.405635328775588,952.132071280185,951.320800622633,-0.811270657551177,1
Error,VP0998,411.46893042256,405.34367380725,-6.12525661531049,898.967081147888,886.716567917267,-12.250513230621,1
Error,VP0999,296.167002170132,294.522858946797,-1.64414322333454,669.125067488202,665.836781041533,-3.28828644666908,1
Error,VP1000,174.495587219635,174.840578948904,0.34499172926968,425.720727641285,426.410711099824,0.689983458539359,0
